group,system,seed,source_run,result_path,n_poses,vina_top_affinity_kcal_mol,vina_top_rmsd_angstrom,vina_rank1_cnn_score,vina_rank1_cnn_affinity,cnn_selected_vina_rank,cnn_selected_cnn_score,cnn_selected_cnn_affinity,cnn_selected_vina_affinity_kcal_mol,cnn_selected_rmsd_angstrom,affinity_selected_vina_rank,affinity_selected_cnn_affinity,affinity_selected_rmsd_angstrom,cnn_vina_rank1_agree,spearman_vina_quality_vs_cnn_score,spearman_vina_quality_vs_cnn_affinity
BACE1-457,BACE1_verubecestat,1103,alternate_457_seed1103_ex32,outputs/docking_campaign/systems/BACE1_verubecestat/gnina_rescoring/alternate_457_seed1103_ex32/result.json,20,-8.289,6.9959,0.0377119966,4.0703425407,17,0.2608190179,4.6617646217,-6.779,7.4506,13,5.2595009804,6.8897,False,-0.06466165413533835,-0.13533834586466165
BACE1-457,BACE1_verubecestat,20260825,alternate_457_seed20260825_ex32,outputs/docking_campaign/systems/BACE1_verubecestat/gnina_rescoring/alternate_457_seed20260825_ex32/result.json,20,-8.305,6.9968,0.0403003767,4.0953607559,12,0.2519226074,4.6839618683,-6.906,7.382,11,5.0885262489,6.823,False,-0.1293233082706767,-0.1548872180451128
BACE1-457,BACE1_verubecestat,2207,alternate_457_seed2207_ex32,outputs/docking_campaign/systems/BACE1_verubecestat/gnina_rescoring/alternate_457_seed2207_ex32/result.json,20,-8.265,7.0267,0.0391902998,4.080098629,15,0.2684009671,5.3707008362,-6.946,7.4378,19,5.8208556175,6.5675,False,-0.4616541353383459,-0.4270676691729323
BACE1-457,BACE1_verubecestat,3301,alternate_457_seed3301_ex32,outputs/docking_campaign/systems/BACE1_verubecestat/gnina_rescoring/alternate_457_seed3301_ex32/result.json,20,-8.297,7.0038,0.0396491028,4.0954470634,20,0.2923794389,5.9324841499,-6.854,6.596,20,5.9324841499,6.596,False,-0.3172932330827068,-0.39398496240601505
BACE1-457,BACE1_verubecestat,4409,alternate_457_seed4409_ex32,outputs/docking_campaign/systems/BACE1_verubecestat/gnina_rescoring/alternate_457_seed4409_ex32/result.json,20,-8.284,7.0205,0.0386954919,4.0849676132,14,0.2615163922,4.6837382317,-6.943,7.3782,9,5.0250577927,6.9479,False,-0.13984962406015036,-0.05263157894736842
BACE1-457,BACE1_verubecestat,5519,alternate_457_seed5519_ex32,outputs/docking_campaign/systems/BACE1_verubecestat/gnina_rescoring/alternate_457_seed5519_ex32/result.json,20,-8.268,7.0323,0.0398630165,4.0357966423,16,0.2707111239,5.3798484802,-6.901,7.4488,14,5.7478804588,6.6515,False,-0.3565250346149642,-0.20534036803773253
BACE1-476,BACE1_verubecestat,1103,alternate_476_seed1103_ex32,outputs/docking_campaign/systems/BACE1_verubecestat/gnina_rescoring/alternate_476_seed1103_ex32/result.json,19,-9.149,7.136,0.1053337902,5.659681797,17,0.5557257533,5.9189038277,-6.725,11.4148,8,6.4831719398,7.2872,False,0.18070175438596492,0.29473684210526313
BACE1-476,BACE1_verubecestat,20260825,alternate_476_seed20260825_ex32,outputs/docking_campaign/systems/BACE1_verubecestat/gnina_rescoring/alternate_476_seed20260825_ex32/result.json,20,-9.165,7.1216,0.1180827543,5.705575943,9,0.6529922485,6.5229587555,-7.735,10.4836,9,6.5229587555,10.4836,False,0.3218045112781955,0.4255639097744361
BACE1-476,BACE1_verubecestat,2207,alternate_476_seed2207_ex32,outputs/docking_campaign/systems/BACE1_verubecestat/gnina_rescoring/alternate_476_seed2207_ex32/result.json,19,-9.182,7.1181,0.1193564609,5.7101635933,10,0.6590927839,6.5214290619,-7.708,10.4808,10,6.5214290619,10.4808,False,0.3473684210526316,0.4
BACE1-476,BACE1_verubecestat,3301,alternate_476_seed3301_ex32,outputs/docking_campaign/systems/BACE1_verubecestat/gnina_rescoring/alternate_476_seed3301_ex32/result.json,20,-9.184,7.1093,0.1185875013,5.6976294518,10,0.630109787,6.486676693,-7.688,10.4925,9,6.518723011,7.3214,False,0.26165413533834586,0.4406015037593985
BACE1-476,BACE1_verubecestat,4409,alternate_476_seed4409_ex32,outputs/docking_campaign/systems/BACE1_verubecestat/gnina_rescoring/alternate_476_seed4409_ex32/result.json,20,-9.174,7.1161,0.1170730963,5.7016701698,8,0.6608293056,6.5308585167,-7.738,10.4771,8,6.5308585167,10.4771,False,0.4001504607914788,0.39864613575090935
BACE1-476,BACE1_verubecestat,5519,alternate_476_seed5519_ex32,outputs/docking_campaign/systems/BACE1_verubecestat/gnina_rescoring/alternate_476_seed5519_ex32/result.json,20,-9.174,7.132,0.1099638939,5.6820716858,9,0.4509131908,6.5488228798,-7.928,7.2832,9,6.5488228798,7.2832,False,0.24060150375939848,0.3533834586466165
BACE1 canonical,BACE1_verubecestat,20260825,canonical_obabel_redock_seed20260825_ex32,outputs/docking_campaign/systems/BACE1_verubecestat/gnina_rescoring/canonical_obabel_redock_seed20260825_ex32/result.json,20,-9.536,0.9457,0.91403687,7.3693394661,1,0.91403687,7.3693394661,-9.536,0.9457,1,7.3693394661,0.9457,True,0.4030075187969925,0.5413533834586466
BACE1 canonical,BACE1_verubecestat,1103,canonical_obabel_seed1103_ex32,outputs/docking_campaign/systems/BACE1_verubecestat/gnina_rescoring/canonical_obabel_seed1103_ex32/result.json,20,-9.517,0.9536,0.9102242589,7.3509011269,1,0.9102242589,7.3509011269,-9.517,0.9536,1,7.3509011269,0.9536,True,0.13318288194615027,0.18811141517817834
BACE1 canonical,BACE1_verubecestat,2207,canonical_obabel_seed2207_ex32,outputs/docking_campaign/systems/BACE1_verubecestat/gnina_rescoring/canonical_obabel_seed2207_ex32/result.json,20,-9.488,0.9653,0.9256124496,7.3814415932,1,0.9256124496,7.3814415932,-9.488,0.9653,1,7.3814415932,0.9653,True,0.14736842105263157,0.13533834586466165
BACE1 canonical,BACE1_verubecestat,3301,canonical_obabel_seed3301_ex32,outputs/docking_campaign/systems/BACE1_verubecestat/gnina_rescoring/canonical_obabel_seed3301_ex32/result.json,20,-9.494,0.9528,0.9129025936,7.3577427864,1,0.9129025936,7.3577427864,-9.494,0.9528,1,7.3577427864,0.9528,True,0.46616541353383456,0.5458646616541354
BACE1 canonical,BACE1_verubecestat,4409,canonical_obabel_seed4409_ex32,outputs/docking_campaign/systems/BACE1_verubecestat/gnina_rescoring/canonical_obabel_seed4409_ex32/result.json,20,-9.493,0.9577,0.9275901914,7.3799490929,1,0.9275901914,7.3799490929,-9.493,0.9577,1,7.3799490929,0.9577,True,0.22706766917293233,0.28421052631578947
BACE1 canonical,BACE1_verubecestat,5519,canonical_obabel_seed5519_ex32,outputs/docking_campaign/systems/BACE1_verubecestat/gnina_rescoring/canonical_obabel_seed5519_ex32/result.json,20,-9.531,0.9542,0.9217302203,7.3632884026,1,0.9217302203,7.3632884026,-9.531,0.9542,1,7.3632884026,0.9542,True,0.25413533834586466,0.3218045112781955
CHRNA7 canonical,CHRNA7_encenicline,20260825,canonical_obabel_redock_seed20260825_ex32,outputs/docking_campaign/systems/CHRNA7_encenicline/gnina_rescoring/canonical_obabel_redock_seed20260825_ex32/result.json,7,-9.852,0.3011,0.9538094997,6.935277462,2,0.9606457949,7.1178603172,-9.111,1.8478,3,7.2171578407,2.3275,False,0.8571428571428571,0.7142857142857143
CHRNA7 canonical,CHRNA7_encenicline,1103,canonical_obabel_seed1103_ex32,outputs/docking_campaign/systems/CHRNA7_encenicline/gnina_rescoring/canonical_obabel_seed1103_ex32/result.json,12,-9.871,0.2912,0.9529852271,6.9183216095,2,0.9612460732,7.1246161461,-9.106,1.8498,5,7.2699604034,2.2939,False,0.7552447552447552,0.6853146853146853
CHRNA7 canonical,CHRNA7_encenicline,2207,canonical_obabel_seed2207_ex32,outputs/docking_campaign/systems/CHRNA7_encenicline/gnina_rescoring/canonical_obabel_seed2207_ex32/result.json,11,-9.859,0.3071,0.9534022808,6.9218554497,2,0.9606614709,7.1223511696,-9.121,1.8479,3,7.2707409859,2.2866,False,0.5363636363636364,0.43636363636363634
CHRNA7 canonical,CHRNA7_encenicline,3301,canonical_obabel_seed3301_ex32,outputs/docking_campaign/systems/CHRNA7_encenicline/gnina_rescoring/canonical_obabel_seed3301_ex32/result.json,7,-9.857,0.3104,0.953327179,6.9211335182,2,0.9614562392,7.1194338799,-9.111,1.8477,3,7.2800388336,2.2738,False,0.8571428571428571,0.7142857142857143
CHRNA7 canonical,CHRNA7_encenicline,4409,canonical_obabel_seed4409_ex32,outputs/docking_campaign/systems/CHRNA7_encenicline/gnina_rescoring/canonical_obabel_seed4409_ex32/result.json,10,-9.876,0.2792,0.9535351992,6.9261937141,2,0.9625416398,7.1214828491,-9.131,1.8457,3,7.2146677971,2.3376,False,0.6242424242424243,0.5151515151515151
CHRNA7 canonical,CHRNA7_encenicline,5519,canonical_obabel_seed5519_ex32,outputs/docking_campaign/systems/CHRNA7_encenicline/gnina_rescoring/canonical_obabel_seed5519_ex32/result.json,8,-9.867,0.2917,0.9539160728,6.9288601875,2,0.9620817304,7.1153206825,-9.116,1.8455,3,7.275405407,2.2806,False,0.6666666666666666,0.40476190476190477
CHRFAM7A at A face,CHRNA7_encenicline,1103,hybrid_A_face_seed1103_ex32,outputs/docking_campaign/systems/CHRNA7_encenicline/gnina_rescoring/hybrid_A_face_seed1103_ex32/result.json,20,-7.537,2.0238,0.8010046482,6.5962715149,4,0.9399465919,6.7539725304,-7.35,2.5427,4,6.7539725304,2.5427,False,0.40601503759398494,0.5082706766917293
CHRFAM7A at A face,CHRNA7_encenicline,20260825,hybrid_A_face_seed20260825_ex32,outputs/docking_campaign/systems/CHRNA7_encenicline/gnina_rescoring/hybrid_A_face_seed20260825_ex32/result.json,20,-7.543,1.9981,0.8049125075,6.6061863899,12,0.8450523019,6.6846065521,-6.085,5.9117,12,6.6846065521,5.9117,False,0.4406015037593985,0.40150375939849625
CHRFAM7A at A face,CHRNA7_encenicline,2207,hybrid_A_face_seed2207_ex32,outputs/docking_campaign/systems/CHRNA7_encenicline/gnina_rescoring/hybrid_A_face_seed2207_ex32/result.json,20,-7.552,2.0512,0.8034932613,6.6045403481,4,0.9418846965,6.751115799,-7.356,2.519,4,6.751115799,2.519,False,0.3263157894736842,0.48270676691729325
CHRFAM7A at A face,CHRNA7_encenicline,3301,hybrid_A_face_seed3301_ex32,outputs/docking_campaign/systems/CHRNA7_encenicline/gnina_rescoring/hybrid_A_face_seed3301_ex32/result.json,20,-7.537,2.0284,0.8043474555,6.5974202156,4,0.9157171249,6.666249752,-7.053,2.6928,4,6.666249752,2.6928,False,0.5114705137936195,0.53854836452387
CHRFAM7A at A face,CHRNA7_encenicline,4409,hybrid_A_face_seed4409_ex32,outputs/docking_campaign/systems/CHRNA7_encenicline/gnina_rescoring/hybrid_A_face_seed4409_ex32/result.json,20,-7.536,2.0018,0.8011822701,6.5962085724,4,0.9475897551,6.7994732857,-7.373,2.5658,4,6.7994732857,2.5658,False,0.5473684210526316,0.6616541353383458
CHRFAM7A at A face,CHRNA7_encenicline,5519,hybrid_A_face_seed5519_ex32,outputs/docking_campaign/systems/CHRNA7_encenicline/gnina_rescoring/hybrid_A_face_seed5519_ex32/result.json,20,-7.514,4.4776,0.5357710719,5.954179287,4,0.9435166121,6.7572703362,-7.325,2.5276,4,6.7572703362,2.5276,False,0.4932330827067669,0.6390977443609023
CHRFAM7A at B face,CHRNA7_encenicline,1103,hybrid_B_face_seed1103_ex32,outputs/docking_campaign/systems/CHRNA7_encenicline/gnina_rescoring/hybrid_B_face_seed1103_ex32/result.json,20,-6.404,8.3041,0.0669022352,4.1177425385,16,0.3581523001,4.5503234863,-5.038,9.0408,9,5.0432357788,8.5684,False,-0.10075187969924812,0.07969924812030076
CHRFAM7A at B face,CHRNA7_encenicline,20260825,hybrid_B_face_seed20260825_ex32,outputs/docking_campaign/systems/CHRNA7_encenicline/gnina_rescoring/hybrid_B_face_seed20260825_ex32/result.json,20,-6.242,8.6502,0.1591698378,4.661210537,18,0.3428122997,4.5436644554,-5.041,9.0478,10,5.042075634,8.5633,False,-0.022556390977443608,-0.15789473684210525
CHRFAM7A at B face,CHRNA7_encenicline,2207,hybrid_B_face_seed2207_ex32,outputs/docking_campaign/systems/CHRNA7_encenicline/gnina_rescoring/hybrid_B_face_seed2207_ex32/result.json,20,-6.217,8.6356,0.1398811936,4.5753617287,17,0.3565470874,4.5413894653,-5.077,9.0404,10,5.0426716805,8.5694,False,-0.3097744360902256,-0.17443609022556392
CHRFAM7A at B face,CHRNA7_encenicline,3301,hybrid_B_face_seed3301_ex32,outputs/docking_campaign/systems/CHRNA7_encenicline/gnina_rescoring/hybrid_B_face_seed3301_ex32/result.json,19,-6.927,8.3457,0.0673885494,4.0121312141,12,0.2566125393,5.0441021919,-5.489,8.561,12,5.0441021919,8.561,False,-0.35964912280701755,-0.256140350877193
CHRFAM7A at B face,CHRNA7_encenicline,4409,hybrid_B_face_seed4409_ex32,outputs/docking_campaign/systems/CHRNA7_encenicline/gnina_rescoring/hybrid_B_face_seed4409_ex32/result.json,19,-6.927,8.3847,0.0657066926,4.0312728882,18,0.4086878598,5.0587368011,-5.105,8.4148,18,5.0587368011,8.4148,False,-0.4280701754385965,-0.2736842105263158
CHRFAM7A at B face,CHRNA7_encenicline,5519,hybrid_B_face_seed5519_ex32,outputs/docking_campaign/systems/CHRNA7_encenicline/gnina_rescoring/hybrid_B_face_seed5519_ex32/result.json,19,-6.879,8.382,0.0652563125,4.0370144844,16,0.3654287457,4.5545010567,-5.229,9.0351,10,5.0428543091,8.5645,False,-0.2736842105263158,-0.12105263157894737
FYN canonical,FYN_saracatinib,20260824,vina_initial_seed20260824_ex16,outputs/docking_campaign/systems/FYN_saracatinib/gnina_rescoring/vina_initial_seed20260824_ex16/result.json,10,-9.155,1.8531,0.6180745363,7.5884575844,10,0.7497524023,7.9653759003,-8.243,3.207,10,7.9653759003,3.207,False,0.3575757575757576,0.3696969696969697
FYN canonical,FYN_saracatinib,1103,vina_seed1103_ex32,outputs/docking_campaign/systems/FYN_saracatinib/gnina_rescoring/vina_seed1103_ex32/result.json,10,-9.15,1.919,0.6020350456,7.6098942757,7,0.8488178253,7.8106179237,-8.737,2.968,6,7.8199706078,4.2343,False,0.24848484848484848,0.23636363636363636
FYN canonical,FYN_saracatinib,2207,vina_seed2207_ex32,outputs/docking_campaign/systems/FYN_saracatinib/gnina_rescoring/vina_seed2207_ex32/result.json,10,-9.142,1.7568,0.6420514584,7.6017417908,8,0.7945404649,7.9286923409,-8.766,2.9368,8,7.9286923409,2.9368,False,0.40606060606060607,0.4666666666666667
FYN canonical,FYN_saracatinib,3301,vina_seed3301_ex32,outputs/docking_campaign/systems/FYN_saracatinib/gnina_rescoring/vina_seed3301_ex32/result.json,9,-9.155,1.9087,0.5767170191,7.5661349297,8,0.8754591346,7.8391747475,-8.757,3.1039,3,7.8560156822,4.4965,False,0.23333333333333334,0.36666666666666664
FYN canonical,FYN_saracatinib,4409,vina_seed4409_ex32,outputs/docking_campaign/systems/FYN_saracatinib/gnina_rescoring/vina_seed4409_ex32/result.json,10,-9.182,1.7535,0.6300535202,7.568423748,8,0.908084631,8.047077179,-8.66,2.4169,8,8.047077179,2.4169,False,0.4303030303030303,0.4909090909090909
FYN canonical,FYN_saracatinib,5519,vina_seed5519_ex64,outputs/docking_campaign/systems/FYN_saracatinib/gnina_rescoring/vina_seed5519_ex64/result.json,9,-9.202,1.9413,0.5909659266,7.574693203,8,0.910428226,8.0257234573,-8.618,2.5804,8,8.0257234573,2.5804,False,-0.11666666666666667,0.11666666666666667
FYN canonical,FYN_saracatinib,6619,vina_seed6619_ex64,outputs/docking_campaign/systems/FYN_saracatinib/gnina_rescoring/vina_seed6619_ex64/result.json,10,-9.186,1.8964,0.5855548978,7.5377421379,8,0.8563992381,7.7763476372,-8.761,2.99,10,7.9849677086,2.9832,False,-0.2727272727272727,-0.2606060606060606
FYN canonical,FYN_saracatinib,7723,vina_seed7723_ex64,outputs/docking_campaign/systems/FYN_saracatinib/gnina_rescoring/vina_seed7723_ex64/result.json,10,-9.203,1.8879,0.5832653046,7.528649807,9,0.8466807604,7.8505992889,-8.721,2.8147,7,7.8986034393,4.3406,False,0.01818181818181818,0.06666666666666667
FYN canonical,FYN_saracatinib,8831,vina_seed8831_ex64,outputs/docking_campaign/systems/FYN_saracatinib/gnina_rescoring/vina_seed8831_ex64/result.json,10,-9.2,1.9778,0.5607129931,7.5571227074,7,0.8530179262,7.7748360634,-8.744,2.9365,5,7.7959694862,4.6186,False,0.2727272727272727,0.3939393939393939
