group,seed,score,rmsd,path
BACE1 canonical,1103,-9.517,0.9536,outputs/docking_campaign/systems/BACE1_verubecestat/runs/canonical_obabel_seed1103_ex32/result.json
BACE1 canonical,2207,-9.488,0.9653,outputs/docking_campaign/systems/BACE1_verubecestat/runs/canonical_obabel_seed2207_ex32/result.json
BACE1 canonical,3301,-9.494,0.9528,outputs/docking_campaign/systems/BACE1_verubecestat/runs/canonical_obabel_seed3301_ex32/result.json
BACE1 canonical,4409,-9.493,0.9577,outputs/docking_campaign/systems/BACE1_verubecestat/runs/canonical_obabel_seed4409_ex32/result.json
BACE1 canonical,5519,-9.531,0.9542,outputs/docking_campaign/systems/BACE1_verubecestat/runs/canonical_obabel_seed5519_ex32/result.json
BACE1 canonical,20260825,-9.536,0.9457,outputs/docking_campaign/systems/BACE1_verubecestat/runs/canonical_obabel_redock_seed20260825_ex32/result.json
BACE1-476,1103,-9.149,7.136,outputs/docking_campaign/systems/BACE1_verubecestat/runs/alternate_476_seed1103_ex32/result.json
BACE1-476,2207,-9.182,7.1181,outputs/docking_campaign/systems/BACE1_verubecestat/runs/alternate_476_seed2207_ex32/result.json
BACE1-476,3301,-9.184,7.1093,outputs/docking_campaign/systems/BACE1_verubecestat/runs/alternate_476_seed3301_ex32/result.json
BACE1-476,4409,-9.174,7.1161,outputs/docking_campaign/systems/BACE1_verubecestat/runs/alternate_476_seed4409_ex32/result.json
BACE1-476,5519,-9.174,7.132,outputs/docking_campaign/systems/BACE1_verubecestat/runs/alternate_476_seed5519_ex32/result.json
BACE1-476,20260825,-9.165,7.1216,outputs/docking_campaign/systems/BACE1_verubecestat/runs/alternate_476_seed20260825_ex32/result.json
BACE1-457,1103,-8.289,6.9959,outputs/docking_campaign/systems/BACE1_verubecestat/runs/alternate_457_seed1103_ex32/result.json
BACE1-457,2207,-8.265,7.0267,outputs/docking_campaign/systems/BACE1_verubecestat/runs/alternate_457_seed2207_ex32/result.json
BACE1-457,3301,-8.297,7.0038,outputs/docking_campaign/systems/BACE1_verubecestat/runs/alternate_457_seed3301_ex32/result.json
BACE1-457,4409,-8.284,7.0205,outputs/docking_campaign/systems/BACE1_verubecestat/runs/alternate_457_seed4409_ex32/result.json
BACE1-457,5519,-8.268,7.0323,outputs/docking_campaign/systems/BACE1_verubecestat/runs/alternate_457_seed5519_ex32/result.json
BACE1-457,20260825,-8.305,6.9968,outputs/docking_campaign/systems/BACE1_verubecestat/runs/alternate_457_seed20260825_ex32/result.json
CHRNA7 canonical,1103,-9.871,0.2912,outputs/docking_campaign/systems/CHRNA7_encenicline/runs/canonical_obabel_seed1103_ex32/result.json
CHRNA7 canonical,2207,-9.859,0.3071,outputs/docking_campaign/systems/CHRNA7_encenicline/runs/canonical_obabel_seed2207_ex32/result.json
CHRNA7 canonical,3301,-9.857,0.3104,outputs/docking_campaign/systems/CHRNA7_encenicline/runs/canonical_obabel_seed3301_ex32/result.json
CHRNA7 canonical,4409,-9.876,0.2792,outputs/docking_campaign/systems/CHRNA7_encenicline/runs/canonical_obabel_seed4409_ex32/result.json
CHRNA7 canonical,5519,-9.867,0.2917,outputs/docking_campaign/systems/CHRNA7_encenicline/runs/canonical_obabel_seed5519_ex32/result.json
CHRNA7 canonical,20260825,-9.852,0.3011,outputs/docking_campaign/systems/CHRNA7_encenicline/runs/canonical_obabel_redock_seed20260825_ex32/result.json
CHRFAM7A at A face,1103,-7.537,2.0238,outputs/docking_campaign/systems/CHRNA7_encenicline/runs/hybrid_A_face_seed1103_ex32/result.json
CHRFAM7A at A face,2207,-7.552,2.0512,outputs/docking_campaign/systems/CHRNA7_encenicline/runs/hybrid_A_face_seed2207_ex32/result.json
CHRFAM7A at A face,3301,-7.537,2.0284,outputs/docking_campaign/systems/CHRNA7_encenicline/runs/hybrid_A_face_seed3301_ex32/result.json
CHRFAM7A at A face,4409,-7.536,2.0018,outputs/docking_campaign/systems/CHRNA7_encenicline/runs/hybrid_A_face_seed4409_ex32/result.json
CHRFAM7A at A face,5519,-7.514,4.4776,outputs/docking_campaign/systems/CHRNA7_encenicline/runs/hybrid_A_face_seed5519_ex32/result.json
CHRFAM7A at A face,20260825,-7.543,1.9981,outputs/docking_campaign/systems/CHRNA7_encenicline/runs/hybrid_A_face_seed20260825_ex32/result.json
CHRFAM7A at B face,1103,-6.404,8.3041,outputs/docking_campaign/systems/CHRNA7_encenicline/runs/hybrid_B_face_seed1103_ex32/result.json
CHRFAM7A at B face,2207,-6.217,8.6356,outputs/docking_campaign/systems/CHRNA7_encenicline/runs/hybrid_B_face_seed2207_ex32/result.json
CHRFAM7A at B face,3301,-6.927,8.3457,outputs/docking_campaign/systems/CHRNA7_encenicline/runs/hybrid_B_face_seed3301_ex32/result.json
CHRFAM7A at B face,4409,-6.927,8.3847,outputs/docking_campaign/systems/CHRNA7_encenicline/runs/hybrid_B_face_seed4409_ex32/result.json
CHRFAM7A at B face,5519,-6.879,8.382,outputs/docking_campaign/systems/CHRNA7_encenicline/runs/hybrid_B_face_seed5519_ex32/result.json
CHRFAM7A at B face,20260825,-6.242,8.6502,outputs/docking_campaign/systems/CHRNA7_encenicline/runs/hybrid_B_face_seed20260825_ex32/result.json
GABRA2 canonical,1103,-7.389,,outputs/docking_campaign/systems/GABRA2_AZD7325/runs/canonical_crossdock_seed1103_ex32/result.json
GABRA2 canonical,2207,-7.379,,outputs/docking_campaign/systems/GABRA2_AZD7325/runs/canonical_crossdock_seed2207_ex32/result.json
GABRA2 canonical,3301,-7.371,,outputs/docking_campaign/systems/GABRA2_AZD7325/runs/canonical_crossdock_seed3301_ex32/result.json
GABRA2 canonical,4409,-7.378,,outputs/docking_campaign/systems/GABRA2_AZD7325/runs/canonical_crossdock_seed4409_ex32/result.json
GABRA2 canonical,5519,-7.363,,outputs/docking_campaign/systems/GABRA2_AZD7325/runs/canonical_crossdock_seed5519_ex32/result.json
GABRA2 canonical,20260825,-7.367,,outputs/docking_campaign/systems/GABRA2_AZD7325/runs/canonical_crossdock_seed20260825_ex32/result.json
CACNA1D shared pocket,1103,-6.381,,outputs/docking_campaign/systems/CACNA1D_isradipine/runs/shared_pocket_crossdock_seed1103_ex32/result.json
CACNA1D shared pocket,2207,-6.365,,outputs/docking_campaign/systems/CACNA1D_isradipine/runs/shared_pocket_crossdock_seed2207_ex32/result.json
CACNA1D shared pocket,3301,-6.727,,outputs/docking_campaign/systems/CACNA1D_isradipine/runs/shared_pocket_crossdock_seed3301_ex32/result.json
CACNA1D shared pocket,4409,-6.714,,outputs/docking_campaign/systems/CACNA1D_isradipine/runs/shared_pocket_crossdock_seed4409_ex32/result.json
CACNA1D shared pocket,5519,-6.389,,outputs/docking_campaign/systems/CACNA1D_isradipine/runs/shared_pocket_crossdock_seed5519_ex32/result.json
CACNA1D shared pocket,20260825,-6.707,,outputs/docking_campaign/systems/CACNA1D_isradipine/runs/canonical_isradipine_seed20260825_ex32/result.json
PDE9A canonical,1103,-8.137,,outputs/docking_campaign/systems/PDE9A_BI409306/runs/canonical_crossdock_seed1103_ex32/result.json
PDE9A canonical,2207,-8.092,,outputs/docking_campaign/systems/PDE9A_BI409306/runs/canonical_crossdock_seed2207_ex32/result.json
PDE9A canonical,3301,-8.09,,outputs/docking_campaign/systems/PDE9A_BI409306/runs/canonical_crossdock_seed3301_ex32/result.json
PDE9A canonical,4409,-8.059,,outputs/docking_campaign/systems/PDE9A_BI409306/runs/canonical_crossdock_seed4409_ex32/result.json
PDE9A canonical,5519,-8.066,,outputs/docking_campaign/systems/PDE9A_BI409306/runs/canonical_crossdock_seed5519_ex32/result.json
PDE9A canonical,20260825,-8.045,,outputs/docking_campaign/systems/PDE9A_BI409306/runs/canonical_crossdock_seed20260825_ex32/result.json
