gene_name,ENSG_ID,n_hit_transcripts,n_hit_cell_types,max_abs_delta_usage,min_permutation_pval,best_proxy_type,ad_prior_category,ad_ot_score,ad_ot_label,has_structural_feat,domain_names,any_junior_pass
ZNF558,ENSG00000167785,1,1,0.9209302325581395,0.0079365079365079,N,none,0.0,novel,False,,True
ICA1L,ENSG00000163596,1,1,0.9061375449820072,0.0,N,none,0.1789,emerging,False,,True
CLUH,ENSG00000132361,2,1,0.8934911242603552,0.0476190476190476,D,none,0.0,novel,False,,True
ZFAND3,ENSG00000156639,1,1,0.8901098901098901,0.0357142857142857,D,none,0.0,novel,False,,True
DKC1,ENSG00000130826,1,1,0.8635449057984269,0.0277777777777777,N,none,0.0099,novel,False,,True
EDEM3,ENSG00000116406,3,1,0.8580246913580247,0.0,NMD,none,0.0,novel,False,,True
SIRT7,ENSG00000187531,1,1,0.8532887402452621,0.0357142857142857,N,none,0.0,novel,False,,True
ADAMTS10,ENSG00000142303,1,1,0.8482517482517483,0.0142857142857142,C,none,0.0049,novel,True,"Peptidase M12B, Disintegrin, TSP type-1 1",True
NCOA6,ENSG00000198646,2,2,0.8444767441860466,0.0,D,none,0.0,novel,False,,True
CRAT,ENSG00000095321,1,1,0.8443051201671892,0.0,N,none,0.2539,supported,False,,True
CRTAC1,ENSG00000095713,2,1,0.8395534290271133,0.0476190476190476,D,none,0.0,novel,False,,True
PALS1,ENSG00000072415,3,3,0.8333333333333334,0.0178710178710178,N,none,0.0,novel,False,,True
DIDO1,ENSG00000101191,1,1,0.8270255863539446,0.0476190476190476,D,none,0.0074,novel,False,,True
SLC25A36,ENSG00000114120,2,1,0.8213349641796261,0.0119880119880119,D,none,0.0,novel,False,,True
ARHGEF10L,ENSG00000074964,1,1,0.8134929861272572,0.0277777777777777,C,none,0.2887,supported,True,DH,True
NLGN4Y,ENSG00000165246,1,1,0.8110572812767171,0.0476190476190476,D,none,0.0,novel,False,,True
MASP1,ENSG00000127241,1,1,0.8100289296046287,0.0151515151515151,D,none,0.0,novel,False,,True
SLC6A1,ENSG00000157103,2,2,0.8098168949069088,0.0,N,none,0.2778,supported,False,,True
FAM13A,ENSG00000138640,2,1,0.8091730833612321,0.0333333333333333,D,none,0.0,novel,False,,True
JAKMIP3,ENSG00000188385,2,2,0.8060836501901141,0.0,D,none,0.0111,novel,False,,True
WASHC5,ENSG00000164961,2,1,0.805126404494382,0.0151515151515151,D,none,0.018,novel,False,,True
MTIF3,ENSG00000122033,2,2,0.7999718468468469,0.0,D,none,0.0044,novel,False,,True
ST3GAL6,ENSG00000064225,1,1,0.7968660968660969,0.0324675324675324,D,none,0.0,novel,False,,True
SHLD2,ENSG00000122376,1,1,0.7905982905982906,0.0142857142857142,D,none,0.0,novel,False,,True
ZNF736,ENSG00000234444,2,1,0.7861111111111112,0.0017482517482517,D,none,0.0,novel,False,,True
PLCB4,ENSG00000101333,1,1,0.7828703703703704,0.0357142857142857,D,none,0.0686,emerging,False,,True
LIG4,ENSG00000174405,1,2,0.780749726558616,0.0037878787878787,N,none,0.0701,emerging,False,,True
ST3GAL1,ENSG00000008513,2,1,0.7796610169491526,0.0357142857142857,N,none,0.0065,novel,False,,True
SPON1,ENSG00000262655,1,1,0.7743770314192849,0.0238095238095238,D,none,0.0,novel,False,,True
SPEN,ENSG00000065526,1,3,0.7741824440619621,0.0,N,none,0.3322,supported,False,,True
CEP83,ENSG00000173588,1,1,0.7738562091503269,0.0484848484848484,N,none,0.0,novel,False,,True
NET1,ENSG00000173848,1,1,0.7631578947368423,0.05,N,none,0.0,novel,False,,True
PSKH1,ENSG00000159792,2,1,0.762061403508772,0.0476190476190476,N,none,0.3696,supported,False,,True
ANKRD44,ENSG00000065413,2,1,0.7572156196943974,0.0,D,none,0.0052,novel,False,,True
ANXA11,ENSG00000122359,2,1,0.7559465623981754,0.0357142857142857,N,none,0.0759,emerging,False,,True
CHD1L,ENSG00000131778,3,2,0.7550802139037434,0.0272727272727272,D,none,0.0126,novel,False,,True
ECHDC1,ENSG00000093144,1,1,0.7545454545454546,0.0428571428571428,D,none,0.0,novel,False,,True
ZNF334,ENSG00000198185,2,1,0.7531076687703193,0.0043290043290043,D,none,0.0,novel,False,,True
ICE2,ENSG00000128915,2,2,0.7518796992481203,0.0178571428571428,NMD,none,0.0,novel,False,,True
TM9SF2,ENSG00000125304,2,1,0.7500000000000001,0.0238095238095238,N,none,0.0,novel,False,,True
FCHSD2,ENSG00000137478,2,2,0.7453773113443279,0.0027,D,none,0.0,novel,False,,True
DDX54,ENSG00000123064,2,1,0.7451298701298702,0.0238095238095238,N,none,0.0,novel,False,,True
ACACA,ENSG00000278540,1,1,0.7424242424242424,0.0202020202020202,N,none,0.464,supported,True,"Biotin carboxylation, ATP-grasp, Biotinyl-binding",True
ZSWIM8,ENSG00000214655,1,1,0.737880737880738,0.0277777777777777,D,none,0.0,novel,False,,True
ZNF160,ENSG00000170949,2,2,0.7364413850646643,0.0037962037962037,D,none,0.0,novel,False,,True
BPTF,ENSG00000171634,1,1,0.7337526205450734,0.0033300033300033,D,none,0.022,novel,False,,True
DDX19A,ENSG00000168872,2,2,0.7320450885668278,0.0015,N,none,0.2404,supported,False,,True
AP2A2,ENSG00000183020,1,1,0.7212773342589378,0.0334110334110334,D,none,0.0,novel,False,,True
ZNF268,ENSG00000090612,2,1,0.7205882352941178,0.0476190476190476,D,none,0.0,novel,False,,True
PXK,ENSG00000168297,2,1,0.7190369818813602,0.0029970029970029,D,none,0.0,novel,False,,True
SCAF4,ENSG00000156304,3,3,0.7179245283018868,0.0003996003996003,D,none,0.0097,novel,False,,True
PTP4A2,ENSG00000184007,2,1,0.7106242248863167,0.0194805194805194,N,none,0.0045,novel,False,,True
ZSCAN32,ENSG00000140987,2,1,0.7099811676082863,0.0142857142857142,D,none,0.0,novel,False,,True
SPG7,ENSG00000197912,3,1,0.7084358974358975,0.0111888111888111,D,none,0.0642,emerging,False,,True
AARS1,ENSG00000090861,2,2,0.7072261072261072,0.0075924075924075,N,none,0.0686,emerging,False,,True
ZNF7,ENSG00000147789,3,2,0.7051282051282052,0.0,D,none,0.0,novel,False,,True
RUSC2,ENSG00000198853,1,1,0.6986301369863013,0.0363636363636363,D,none,0.0,novel,False,,True
FAM120B,ENSG00000112584,1,1,0.6969476744186046,0.0158730158730158,N,none,0.0404,novel,False,,True
TNKS1BP1,ENSG00000149115,2,1,0.692857142857143,0.0357142857142857,N,none,0.2827,supported,False,,True
CHD1,ENSG00000153922,3,3,0.6911764705882353,0.0,D,none,0.2511,supported,False,,True
LAMTOR3,ENSG00000109270,1,1,0.6907001044932082,0.0396825396825396,N,none,0.0,novel,False,,True
ITCH,ENSG00000078747,3,2,0.6905437352245862,0.0079365079365079,NMD,none,0.028,novel,False,,True
FASTKD5,ENSG00000215251,2,2,0.6888888888888889,0.0222222222222222,N,none,0.0,novel,False,,True
PRKG2,ENSG00000138669,1,1,0.6868148148148149,0.019047619047619,D,none,0.0029,novel,False,,True
MIGA2,ENSG00000148343,2,2,0.6842502696871628,0.0158730158730158,NMD,none,0.0,novel,False,,True
CTNNB1,ENSG00000168036,1,1,0.6837863398988447,0.0095238095238095,N,none,0.2636,supported,False,,True
PPM1L,ENSG00000163590,2,1,0.68162639048715,0.0315656565656565,D,none,0.0668,emerging,False,,True
THRB,ENSG00000151090,2,2,0.6735559088500266,0.0181818181818181,D,none,0.0,novel,False,,True
MLIP,ENSG00000146147,1,1,0.6722864926758005,0.0407,D,none,0.0308,novel,False,,True
SLC39A9,ENSG00000029364,2,1,0.6666666666666667,0.0357142857142857,D,none,0.0066,novel,False,,True
DOCK11,ENSG00000147251,1,1,0.6656370656370657,0.005050505050505,D,none,0.0,novel,False,,True
SEMA7A,ENSG00000138623,2,1,0.6642669007901668,0.0285714285714285,D,none,0.0081,novel,False,,True
DMXL2,ENSG00000104093,1,1,0.6610229694529957,0.0158730158730158,D,none,0.0187,novel,False,,True
HERPUD2,ENSG00000122557,1,1,0.655701754385965,0.0285714285714285,D,none,0.0063,novel,False,,True
ZNF382,ENSG00000161298,2,1,0.6530193236714976,0.0106560106560106,D,none,0.0,novel,False,,True
TIAM1,ENSG00000156299,1,1,0.6521630031115127,0.0403346653346653,D,none,0.0,novel,False,,True
PRKD1,ENSG00000184304,2,1,0.65,0.0242424242424242,D,none,0.057,emerging,False,,True
RTRAF,ENSG00000087302,1,1,0.65,0.0182,D,none,0.0,novel,False,,True
DENND4C,ENSG00000137145,1,1,0.6428571428571429,0.0476190476190476,D,none,0.0,novel,False,,True
MORC4,ENSG00000133131,2,1,0.6422522498606282,0.0178571428571428,D,none,0.0,novel,False,,True
KIAA1755,ENSG00000149633,1,1,0.6416396902330406,0.0429570429570429,N,none,0.0,novel,False,,True
PAN2,ENSG00000135473,1,1,0.6385281385281385,0.0357142857142857,N,none,0.0,novel,False,,True
ZNF549,ENSG00000121406,2,1,0.636986301369863,0.0428571428571428,D,none,0.0,novel,False,,True
BUB3,ENSG00000154473,2,1,0.6342475386779185,0.0475524475524475,N,none,0.0,novel,False,,True
ARID4A,ENSG00000032219,2,2,0.6336538461538461,0.0202020202020202,C,none,0.0018,novel,True,"ARID, Tudor-knot",True
ZNHIT6,ENSG00000117174,2,1,0.6335616438356164,0.0075757575757575,D,none,0.0,novel,False,,True
MTO1,ENSG00000135297,2,1,0.6294937637564197,0.0037878787878787,D,none,0.0,novel,False,,True
ERBB4,ENSG00000178568,1,2,0.6288265306122449,0.0285714285714285,D,none,0.1013,emerging,False,,True
GAN,ENSG00000261609,2,1,0.6283783783783785,0.0003330003330003,NMD,none,0.0,novel,False,,True
TUT7,ENSG00000083223,2,1,0.627906976744186,0.0126262626262626,D,none,0.0037,novel,False,,True
ZNF550,ENSG00000251369,2,2,0.626025872861316,0.0163170163170163,NMD,none,0.0,novel,False,,True
RBMXL1,ENSG00000213516,1,1,0.6247044251773449,0.006060606060606,N,none,0.0,novel,False,,True
LRRC47,ENSG00000130764,2,1,0.6243589743589744,0.0119047619047619,D,none,0.0,novel,False,,True
ZNF224,ENSG00000267680,1,1,0.624,0.0315656565656565,N,none,0.0,novel,False,,True
UVSSA,ENSG00000163945,1,1,0.6217097600745399,0.0334110334110334,D,none,0.0,novel,False,,True
NUP62,ENSG00000213024,2,2,0.6168487255875538,0.0222222222222222,N,none,0.0,novel,False,,True
STRC,ENSG00000242866,1,1,0.615909090909091,0.0285714285714285,D,none,0.0052,novel,False,,True
ABCD4,ENSG00000119688,2,1,0.615888615888616,0.0,N,none,0.0,novel,True,"ABC transmembrane type-1, ABC transporter",True
UBE2W,ENSG00000104343,1,1,0.6138763197586727,0.0357142857142857,D,none,0.0,novel,False,,True
ADGRA3,ENSG00000152990,2,1,0.6136628023586989,0.0309690309690309,N,none,0.3123,supported,True,"LRRCT, Ig-like, GAIN-B",True
TLK2,ENSG00000146872,2,1,0.6130467012601928,0.0296,D,none,0.0065,novel,False,,True
ACSF3,ENSG00000176715,2,1,0.6129032258064515,0.0357142857142857,D,none,0.0,novel,False,,True
RGS3,ENSG00000138835,1,1,0.6117779444861215,0.0,D,none,0.0,novel,False,,True
PAQR8,ENSG00000170915,1,1,0.6110471806674338,0.0389610389610389,N,none,0.0093,novel,False,,True
ATP7A,ENSG00000165240,1,1,0.6078431372549019,0.0333333333333333,N,none,0.0,novel,False,,True
PRUNE2,ENSG00000106772,2,1,0.607597668897043,0.0324675324675324,D,none,0.0221,novel,False,,True
HPS5,ENSG00000110756,2,1,0.606060606060606,0.0,D,none,0.0,novel,False,,True
ERMP1,ENSG00000099219,1,1,0.6,0.019047619047619,D,none,0.0126,novel,False,,True
NDRG1,ENSG00000104419,2,1,0.5997442455242966,0.0156954156954156,D,none,0.0785,emerging,False,,True
GORASP1,ENSG00000114745,2,2,0.5970026350461133,0.0,N,none,0.0093,novel,False,,True
ALDH3A2,ENSG00000072210,2,1,0.5944805194805194,0.0178571428571428,N,none,0.0347,novel,False,,True
KRBA2,ENSG00000184619,2,1,0.5898165717900063,0.0489510489510489,N,none,0.0,novel,False,,True
KIF2A,ENSG00000068796,1,1,0.5885044431839668,0.0349650349650349,D,none,0.0,novel,False,,True
ARSG,ENSG00000141337,2,1,0.5858585858585859,0.0285714285714285,N,none,0.0,novel,False,,True
MSH6,ENSG00000116062,1,1,0.5842811656819622,0.031,D,none,0.0207,novel,False,,True
TGM2,ENSG00000198959,1,1,0.5839311334289814,0.0391608391608391,N,none,0.0,novel,False,,True
NAXD,ENSG00000213995,1,1,0.582578634725874,0.0202020202020202,D,none,0.0037,novel,False,,True
NETO1,ENSG00000166342,2,1,0.5813492063492064,0.0019980019980019,D,none,0.009,novel,False,,True
PPP2R5C,ENSG00000078304,1,1,0.5813397129186604,0.0277777777777777,D,none,0.241,supported,False,,True
MAP3K1,ENSG00000095015,1,1,0.577815506508206,0.05,N,none,0.0,novel,False,,True
FOXO3,ENSG00000118689,1,2,0.5772357723577236,0.0064935064935064,N,none,0.5746,supported,False,,True
ACOT8,ENSG00000101473,1,1,0.5762242669993762,0.0236430236430236,D,none,0.0075,novel,False,,True
MOB3C,ENSG00000142961,1,1,0.5757575757575758,0.0,N,none,0.0,novel,False,,True
TPCN2,ENSG00000162341,2,1,0.5724784250269688,0.0345,D,none,0.0,novel,False,,True
SERBP1,ENSG00000142864,1,1,0.5717948717948719,0.0206043956043956,D,none,0.0,novel,False,,True
RNF144A,ENSG00000151692,2,1,0.5666666666666667,0.0189393939393939,D,none,0.0219,novel,False,,True
CGGBP1,ENSG00000163320,1,1,0.5658207771609833,0.0091908091908091,N,none,0.0,novel,False,,True
GPBP1L1,ENSG00000159592,1,1,0.5625,0.0476190476190476,D,none,0.0,novel,False,,True
FHIP2B,ENSG00000158863,2,1,0.5622655663915979,0.0064102564102564,NMD,none,0.0,novel,False,,True
RFX4,ENSG00000111783,1,1,0.5614272198945804,0.03,D,none,0.014,novel,False,,True
MROH1,ENSG00000179832,2,2,0.5611799816345271,0.0282,D,none,0.0244,novel,False,,True
ZNF512,ENSG00000243943,1,1,0.5607287449392713,0.0303030303030303,D,none,0.0,novel,False,,True
CCDC127,ENSG00000164366,1,1,0.5593629343629345,0.0181818181818181,D,none,0.0,novel,False,,True
FYN,ENSG00000010810,1,1,0.558494623655914,0.0378787878787878,D,none,0.1259,emerging,False,,True
CNTROB,ENSG00000170037,1,1,0.5582655826558266,0.0416666666666666,D,none,0.0,novel,False,,True
EML4,ENSG00000143924,1,1,0.5581395348837209,0.0444444444444444,D,none,0.0,novel,False,,True
IFNAR2,ENSG00000159110,1,1,0.5576923076923077,0.0317460317460317,N,none,0.0817,emerging,False,,True
CAV1,ENSG00000105974,1,1,0.5566433566433567,0.0285714285714285,D,none,0.3335,supported,False,,True
SOD2,ENSG00000291237,2,2,0.5563035495716036,0.0436507936507936,D,none,0.0,novel,False,,True
FXR1,ENSG00000114416,1,1,0.5561664094650206,0.0093,D,none,0.0149,novel,False,,True
TBCK,ENSG00000145348,2,1,0.5545778336476012,0.0257242757242757,D,none,0.0046,novel,False,,True
ZEB1,ENSG00000148516,1,1,0.5538250114521301,0.019047619047619,N,none,0.083,emerging,False,,True
TANGO2,ENSG00000183597,1,1,0.5530303030303031,0.0476190476190476,D,none,0.0,novel,False,,True
GLYR1,ENSG00000140632,1,1,0.5512605042016807,0.0117,N,none,0.0,novel,False,,True
DICER1,ENSG00000100697,2,2,0.5511982570806101,0.0037878787878787,N,none,0.0678,emerging,False,,True
PADI2,ENSG00000117115,1,1,0.5502846299810246,0.0317460317460317,N,none,0.0421,novel,False,,True
CAPN10,ENSG00000142330,1,1,0.5496323529411765,0.0046620046620046,N,none,0.0109,novel,False,,True
POR,ENSG00000127948,2,1,0.5494382986021782,0.0457,D,none,0.0,novel,False,,True
POMT2,ENSG00000009830,2,2,0.5492010092514719,0.0141,N,none,0.0018,novel,False,,True
LRRN2,ENSG00000170382,2,1,0.5481953290870489,0.0484848484848484,N,none,0.2333,supported,False,,True
AMIGO1,ENSG00000181754,2,1,0.5476190476190477,0.0142857142857142,C,none,0.0052,novel,True,"LRRNT, LRRCT, Ig-like C2-type",True
LRSAM1,ENSG00000148356,1,1,0.5476190476190477,0.0363636363636363,N,none,0.0046,novel,False,,True
ATP6V1G2,ENSG00000213760,2,1,0.5451805716007837,0.0476190476190476,D,none,0.0,novel,False,,True
PAG1,ENSG00000076641,2,1,0.5446428571428572,0.0411255411255411,D,none,0.0,novel,False,,True
FAM234A,ENSG00000167930,1,2,0.5444862155388472,0.0459540459540459,N,none,0.0,novel,False,,True
ZNF738,ENSG00000172687,2,1,0.5421487603305786,0.0158730158730158,N,none,0.0,novel,False,,True
SAMHD1,ENSG00000101347,2,2,0.5414479595214452,0.0004995004995004,D,none,0.2517,supported,False,,True
CASC3,ENSG00000108349,2,1,0.5404388714733542,0.0116133866133866,N,none,0.0,novel,False,,True
CCDC186,ENSG00000165813,2,1,0.5400465270854105,0.0272727272727272,N,none,0.0,novel,False,,True
PPARGC1A,ENSG00000109819,2,1,0.5398467079139349,0.0023976023976023,NMD,none,0.1274,emerging,False,,True
DNPEP,ENSG00000123992,1,1,0.5374149659863947,0.0378787878787878,N,none,0.3602,supported,False,,True
TTC21B,ENSG00000123607,1,1,0.5371900826446281,0.0484848484848484,D,none,0.0,novel,False,,True
TRAK1,ENSG00000182606,1,1,0.5362318840579711,0.0475,D,none,0.0,novel,False,,True
BICD2,ENSG00000185963,2,1,0.535074670118429,0.0184815184815184,D,none,0.0,novel,False,,True
UXS1,ENSG00000115652,2,1,0.5348940914158307,0.0129870129870129,D,none,0.0,novel,False,,True
MED23,ENSG00000112282,2,2,0.5338753387533876,0.0212121212121212,D,none,0.062,emerging,False,,True
EPHA5,ENSG00000145242,1,1,0.5332533653205385,0.0497835497835497,D,none,0.0256,novel,False,,True
NISCH,ENSG00000010322,1,1,0.5325464531962136,0.004,D,none,0.4271,supported,False,,True
KLHL42,ENSG00000087448,2,1,0.5324675324675325,0.0272727272727272,D,none,0.0,novel,False,,True
GDAP1,ENSG00000104381,3,2,0.5323834196891192,0.0107892107892107,NMD,none,0.0566,emerging,False,,True
TMUB2,ENSG00000168591,1,1,0.5317460317460319,0.0317460317460317,N,none,0.0,novel,False,,True
LIG1,ENSG00000105486,1,2,0.5306834030683403,0.0069930069930069,N,none,0.0159,novel,False,,True
LRRC4C,ENSG00000148948,1,1,0.5300531171372659,0.0043290043290043,N,none,0.2209,supported,False,,True
ATF6,ENSG00000118217,2,1,0.5288012454592632,0.002020202020202,D,none,0.0407,novel,False,,True
MED16,ENSG00000175221,2,1,0.5283245715363398,0.0359640359640359,D,none,0.0136,novel,False,,True
SPATC1L,ENSG00000160284,1,1,0.5257334019557386,0.0439560439560439,D,none,0.0046,novel,False,,True
AP2M1,ENSG00000161203,1,1,0.5249122807017544,0.0472027972027972,N,none,0.0,novel,True,MHD,True
DECR1,ENSG00000104325,1,1,0.5240372189196174,0.0481740481740481,D,none,0.0321,novel,False,,True
ZDHHC6,ENSG00000023041,2,1,0.5239383731846043,0.0023310023310023,N,none,0.0,novel,False,,True
TUT4,ENSG00000134744,1,1,0.521072796934866,0.0151515151515151,D,none,0.0,novel,False,,True
CLOCK,ENSG00000134852,1,1,0.5208924302788844,0.0481740481740481,D,none,0.1099,emerging,False,,True
TGFBRAP1,ENSG00000135966,2,1,0.5184453227931489,0.0285714285714285,D,none,0.0,novel,False,,True
CNKSR2,ENSG00000149970,2,2,0.5173506840173507,0.0088383838383838,D,none,0.0049,novel,False,,True
EXOC4,ENSG00000131558,2,2,0.5172694394213382,0.0197,N,none,0.2156,supported,False,,True
ZDHHC3,ENSG00000163812,2,1,0.5142857142857142,0.0333333333333333,N,none,0.0,novel,False,,True
DPY19L3,ENSG00000178904,2,2,0.5136363636363637,0.0075757575757575,D,none,0.0047,novel,False,,True
DCLK1,ENSG00000133083,2,1,0.5135135135135135,0.0104895104895104,D,none,0.1513,emerging,False,,True
INTU,ENSG00000164066,1,2,0.5124692658939234,0.0109890109890109,N,none,0.0016,novel,False,,True
RASSF5,ENSG00000266094,1,1,0.512351469668543,0.0268842268842268,D,none,0.0049,novel,False,,True
CRB1,ENSG00000134376,1,1,0.5122549019607843,0.0454545454545454,D,none,0.0717,emerging,False,,True
SPP1,ENSG00000118785,1,1,0.5110501719997405,0.0433,D,none,0.119,emerging,False,,True
MIPOL1,ENSG00000151338,1,1,0.5104166666666667,0.0202,D,none,0.0,novel,False,,True
LYPD6,ENSG00000187123,1,1,0.5102438411261941,0.0173160173160173,N,none,0.0226,novel,False,,True
HOOK2,ENSG00000095066,1,1,0.5098367777570907,0.0216450216450216,N,none,0.0102,novel,False,,True
SMAD2,ENSG00000175387,2,2,0.5088954781319496,0.0163170163170163,D,none,0.0275,novel,False,,True
TMEM181,ENSG00000146433,2,1,0.5080757726819543,0.0285714285714285,D,none,0.0,novel,False,,True
DCAF11,ENSG00000100897,2,3,0.5066006600660067,0.0147630147630147,N,none,0.0144,novel,False,,True
ST3GAL5,ENSG00000115525,1,2,0.5060975609756098,0.0303030303030303,N,none,0.0038,novel,False,,True
RAB3GAP2,ENSG00000118873,1,1,0.5042848981146448,0.0178710178710178,N,none,0.0037,novel,False,,True
PMPCB,ENSG00000105819,1,1,0.5042253521126762,0.0346320346320346,N,none,0.0037,novel,False,,True
PDE1C,ENSG00000154678,1,1,0.5,0.0,N,none,0.0,novel,False,,True
RNF128,ENSG00000133135,2,1,0.5,0.0238095238095238,D,none,0.0,novel,False,,True
KMT5B,ENSG00000110066,1,1,0.4999999999999999,0.05,N,none,0.0,novel,False,,True
RIOK3,ENSG00000101782,2,2,0.4989735207584178,0.0013986013986013,N,none,0.0094,novel,False,,True
SORBS1,ENSG00000095637,1,1,0.4978163106460261,0.0491,D,none,0.0,novel,False,,True
DPF3,ENSG00000205683,1,1,0.496969696969697,0.0481740481740481,D,none,0.006,novel,False,,True
SLAIN2,ENSG00000109171,1,1,0.496969696969697,0.0476190476190476,N,none,0.0,novel,False,,True
NCLN,ENSG00000125912,2,1,0.4967391304347825,0.0181818181818181,D,none,0.0028,novel,False,,True
ZNF706,ENSG00000120963,2,1,0.4960127591706539,0.0317460317460317,N,none,0.0,novel,False,,True
MTHFD1,ENSG00000100714,2,1,0.4957712924359737,0.0238095238095238,D,none,0.0404,novel,False,,True
FAM76B,ENSG00000077458,2,1,0.4940766550522648,0.0069930069930069,D,none,0.0,novel,False,,True
NDUFAF5,ENSG00000101247,2,1,0.4937611408199643,0.0021645021645021,NMD,none,0.0364,novel,False,,True
TGS1,ENSG00000137574,2,1,0.4933333333333333,0.0002913752913752,NMD,none,0.0,novel,False,,True
DNAJB6,ENSG00000105993,1,1,0.4925731432858215,0.0211,N,none,0.0,novel,False,,True
SEPTIN8,ENSG00000164402,2,1,0.4911625591237242,0.0158,D,none,0.0,novel,False,,True
DOCK10,ENSG00000135905,2,1,0.4908424908424908,0.002020202020202,N,none,0.0,novel,False,,True
EIF4E2,ENSG00000135930,1,1,0.4907407407407408,0.0119880119880119,N,none,0.0,novel,False,,True
B4GALT4,ENSG00000121578,1,1,0.490566037735849,0.0202020202020202,D,none,0.0111,novel,False,,True
SORT1,ENSG00000134243,2,1,0.4898834632158433,0.0075757575757575,D,none,0.0739,emerging,False,,True
PAFAH1B1,ENSG00000007168,1,1,0.4892411800486618,0.0223776223776223,N,none,0.0823,emerging,False,,True
TBC1D4,ENSG00000136111,2,1,0.4889112903225806,0.0158730158730158,D,none,0.0,novel,False,,True
LRP8,ENSG00000157193,2,1,0.4887640449438203,0.0186480186480186,N,none,0.1131,emerging,False,,True
MAST4,ENSG00000069020,1,1,0.4880794701986755,0.016025641025641,D,none,0.022,novel,False,,True
SRSF10,ENSG00000188529,1,1,0.487185104052574,0.031080031080031,D,none,0.0118,novel,False,,True
PLEKHB2,ENSG00000115762,1,1,0.4848484848484848,0.0259740259740259,D,none,0.0,novel,False,,True
PCCA,ENSG00000175198,1,1,0.4839537869062901,0.0428571428571428,N,none,0.0,novel,False,,True
EHBP1,ENSG00000115504,1,1,0.4832785087719298,0.0279720279720279,D,none,0.0046,novel,False,,True
ENAH,ENSG00000154380,2,1,0.4823232323232323,0.0079365079365079,D,none,0.0,novel,False,,True
STAU1,ENSG00000124214,1,1,0.4812853107344633,0.0433566433566433,D,none,0.0,novel,False,,True
ANAPC5,ENSG00000089053,1,2,0.4807135969141755,0.0083,N,none,0.0044,novel,False,,True
CHORDC1,ENSG00000110172,1,1,0.4803130349718758,0.0076,N,none,0.0,novel,False,,True
DYNC1H1,ENSG00000197102,1,1,0.4802631578947368,0.0029,D,none,0.0,novel,False,,True
TADA2B,ENSG00000173011,2,1,0.4791114058355438,0.009,N,none,0.0,novel,False,,True
AMPH,ENSG00000078053,2,1,0.4788732394366197,0.0343434343434343,C,none,0.0,novel,True,"BAR, SH3",True
NDUFA10,ENSG00000130414,2,2,0.4774390243902439,0.002020202020202,N,none,0.0,novel,False,,True
FBXW11,ENSG00000072803,1,1,0.476829268292683,0.0023310023310023,D,none,0.0082,novel,False,,True
GMPR2,ENSG00000100938,1,1,0.4763440860215054,0.0279720279720279,N,none,0.0,novel,False,,True
TNIK,ENSG00000154310,2,1,0.4757281553398058,0.0325,D,none,0.0,novel,False,,True
NXF1,ENSG00000162231,2,1,0.4755892255892255,0.0269730269730269,D,none,0.0,novel,False,,True
ZNF875,ENSG00000181666,1,1,0.4753246753246753,0.0428571428571428,D,none,0.0,novel,False,,True
CHTOP,ENSG00000160679,1,2,0.4748134328358209,0.0247668997668997,N,none,0.0,novel,False,,True
CLASP1,ENSG00000074054,1,1,0.4741084513922814,0.0,D,none,0.0046,novel,False,,True
GOLGA8A,ENSG00000175265,1,1,0.473170731707317,0.0219780219780219,D,none,0.0,novel,False,,True
ZNF571,ENSG00000180479,2,1,0.4708713272543059,0.0303030303030303,D,none,0.005,novel,False,,True
IRF8,ENSG00000140968,1,1,0.4703900709219857,0.0372960372960372,D,none,0.0,novel,False,,True
NEPRO,ENSG00000163608,1,1,0.4699248120300753,0.0404040404040404,N,none,0.0028,novel,False,,True
SEC23IP,ENSG00000107651,2,1,0.4694016938348057,0.0279720279720279,D,none,0.0037,novel,False,,True
ANO5,ENSG00000171714,1,1,0.469349475658624,0.0217782217782217,D,none,0.3068,supported,False,,True
CDC42,ENSG00000070831,1,1,0.4672713702940403,0.0081,N,none,0.0962,emerging,False,,True
DENND1B,ENSG00000213047,1,1,0.4664155681104834,0.0353535353535353,D,none,0.0078,novel,False,,True
NRCAM,ENSG00000091129,1,1,0.4651612903225806,0.0363636363636363,D,none,0.0,novel,False,,True
TRIM38,ENSG00000112343,1,1,0.4641975308641975,0.0303030303030303,D,none,0.0,novel,False,,True
ADGRL3,ENSG00000150471,1,1,0.4641076626033831,0.046,N,none,0.2593,supported,True,"SUEL-type lectin, Olfactomedin-like, GAIN-B",True
COG8,ENSG00000213380,2,1,0.4639113507038035,0.0317460317460317,D,none,0.0,novel,False,,True
ZRANB2,ENSG00000132485,2,2,0.4633333333333334,0.0091908091908091,D,none,0.0192,novel,False,,True
CDK13,ENSG00000065883,2,1,0.4615384615384615,0.0041958041958041,D,none,0.0,novel,False,,True
CYP4V2,ENSG00000145476,1,1,0.4608376041828442,0.0458430458430458,N,none,0.0029,novel,False,,True
HGF,ENSG00000019991,2,1,0.4603651987110634,0.0151515151515151,D,none,0.1086,emerging,False,,True
MEF2C,ENSG00000081189,1,1,0.4598930481283422,0.0169830169830169,D,gwas,0.2149,supported,False,,True
MTRFR,ENSG00000130921,2,1,0.4591836734693878,0.0327172827172827,NMD,none,0.1461,emerging,False,,True
EXD2,ENSG00000081177,2,1,0.4591116967676925,0.0054112554112554,D,none,0.0015,novel,False,,True
VSTM4,ENSG00000165633,1,1,0.4590909090909091,0.0476190476190476,N,none,0.0,novel,False,,True
ZBTB44,ENSG00000196323,1,1,0.4588509316770187,0.0357142857142857,N,none,0.0,novel,False,,True
BRSK2,ENSG00000174672,1,1,0.4584291187739464,0.0454545454545454,D,none,0.3775,supported,False,,True
NRDC,ENSG00000078618,2,2,0.4577922077922078,0.0414,D,none,0.0,novel,False,,True
LARP4,ENSG00000161813,2,1,0.4566544566544568,0.0151515151515151,D,none,0.2361,supported,False,,True
NAPB,ENSG00000125814,2,1,0.4565308109611907,0.006060606060606,D,none,0.0575,emerging,False,,True
ZNF274,ENSG00000171606,2,1,0.456140350877193,0.0277777777777777,D,none,0.0022,novel,False,,True
R3HCC1L,ENSG00000166024,1,1,0.4555913483663139,0.006060606060606,D,none,0.0,novel,False,,True
KIAA0319L,ENSG00000142687,1,1,0.4546014848017931,0.0409590409590409,N,none,0.0,novel,False,,True
MAN2C1,ENSG00000140400,2,1,0.4522546419098145,0.0104895104895104,D,none,0.0,novel,False,,True
COG4,ENSG00000103051,2,2,0.4516996820738567,0.0153846153846153,N,none,0.0237,novel,False,,True
ZFHX4,ENSG00000091656,1,1,0.449047990523244,0.0224358974358974,D,none,0.0,novel,False,,True
DPP3,ENSG00000254986,2,1,0.4479330193615908,0.0178571428571428,D,none,0.0,novel,False,,True
DDX21,ENSG00000165732,1,1,0.4463405384907092,0.0238095238095238,N,none,0.0052,novel,False,,True
BIRC6,ENSG00000115760,1,1,0.4462731632230181,0.0489510489510489,N,none,0.0153,novel,False,,True
DMAP1,ENSG00000178028,1,1,0.4459592347577329,0.0395604395604395,D,none,0.0,novel,False,,True
LGI1,ENSG00000108231,2,1,0.4438029014300201,0.0205,N,none,0.0835,emerging,False,,True
MTMR14,ENSG00000163719,1,1,0.4434210526315789,0.0043290043290043,N,none,0.4713,supported,False,,True
HERPUD1,ENSG00000051108,1,1,0.4433811802232854,0.0129870129870129,D,none,0.065,emerging,False,,True
METTL9,ENSG00000197006,1,1,0.4429353136603479,0.0296370296370296,N,none,0.0,novel,False,,True
RDH13,ENSG00000160439,1,1,0.4426299045599152,0.0242424242424242,N,none,0.0,novel,False,,True
MLST8,ENSG00000167965,1,1,0.4424019607843138,0.0416666666666666,N,none,0.0046,novel,False,,True
RSPRY1,ENSG00000159579,2,1,0.4423714759535654,0.0238095238095238,N,none,0.0,novel,False,,True
HDLBP,ENSG00000115677,1,1,0.4410058027079304,0.0029970029970029,N,none,0.0,novel,False,,True
GPR176,ENSG00000166073,2,1,0.4409218232747646,0.0113636363636363,D,none,0.0044,novel,False,,True
ARHGAP22,ENSG00000128805,2,1,0.4405212274064733,0.0432900432900432,C,none,0.0,novel,True,"PH, Rho-GAP",True
LAP3,ENSG00000002549,2,1,0.4391057724391058,0.0476190476190476,D,none,0.0,novel,False,,True
TYW3,ENSG00000162623,2,1,0.4370243826681161,0.0315656565656565,D,none,0.0,novel,False,,True
CKAP2,ENSG00000136108,1,1,0.4364177623418507,0.0277222777222777,D,none,0.0625,emerging,False,,True
GIGYF2,ENSG00000204120,2,1,0.4363960749330954,0.0041958041958041,N,none,0.0,novel,False,,True
MYCBP2,ENSG00000005810,1,1,0.4346293119878024,0.0454545454545454,D,none,0.0,novel,False,,True
SCFD1,ENSG00000092108,1,1,0.433445945945946,0.0402097902097902,N,none,0.0,novel,False,,True
CABIN1,ENSG00000099991,1,1,0.4329918907383696,0.0188561438561438,N,none,0.0074,novel,False,,True
CELF2,ENSG00000048740,1,1,0.4305078929306795,0.0313020313020313,N,gwas,0.0308,novel,False,,True
TBL3,ENSG00000183751,2,1,0.4295774647887324,0.0125874125874125,N,none,0.0,novel,False,,True
ATG14,ENSG00000126775,2,1,0.4294466403162055,0.0377622377622377,N,none,0.0,novel,False,,True
LRRFIP2,ENSG00000093167,1,1,0.4284618335251247,0.0424242424242424,D,none,0.0,novel,False,,True
RNMT,ENSG00000101654,2,1,0.4279379157427938,0.0383838383838383,N,none,0.0,novel,False,,True
EZR,ENSG00000092820,1,1,0.4273712380450996,0.0407092907092907,N,none,0.0496,novel,False,,True
RIF1,ENSG00000080345,1,1,0.4266051364365971,0.0311,N,none,0.2581,supported,False,,True
TMEM218,ENSG00000150433,1,1,0.4263736263736263,0.0476190476190476,D,none,0.0,novel,False,,True
KIAA1191,ENSG00000122203,2,2,0.42569573283859,0.0151515151515151,D,none,0.0,novel,False,,True
TAB3,ENSG00000157625,2,1,0.4238816738816738,0.0,D,none,0.0035,novel,False,,True
MRPS5,ENSG00000144029,2,1,0.4236596207928876,0.0202020202020202,N,none,0.0,novel,False,,True
FMO5,ENSG00000131781,1,1,0.4231678486997636,0.0,N,none,0.0,novel,False,,True
ZNF587,ENSG00000198466,1,1,0.4230769230769231,0.0277777777777777,N,none,0.0,novel,False,,True
ZDHHC16,ENSG00000171307,1,1,0.4201271186440678,0.05,D,none,0.0,novel,False,,True
SPINT2,ENSG00000167642,2,1,0.4189189189189189,0.0476190476190476,N,none,0.0,novel,False,,True
TYRO3,ENSG00000092445,1,1,0.4180735891927487,0.0377,D,none,0.023,novel,False,,True
C2orf42,ENSG00000115998,1,1,0.4179331306990881,0.0454545454545454,D,none,0.1748,emerging,False,,True
ERCC2,ENSG00000104884,1,1,0.4174129353233831,0.0,N,none,0.0542,emerging,False,,True
PRKRIP1,ENSG00000128563,2,1,0.4170771756978654,0.019047619047619,N,none,0.0,novel,False,,True
ABCB9,ENSG00000150967,1,1,0.4166666666666667,0.0285714285714285,N,none,0.0151,novel,True,"ABC transmembrane type-1, ABC transporter",True
DYRK1A,ENSG00000157540,1,1,0.4166666666666667,0.0181818181818181,D,none,0.1291,emerging,False,,True
KIF5A,ENSG00000155980,2,1,0.4166666666666666,0.003030303030303,D,none,0.0,novel,False,,True
IFNAR1,ENSG00000142166,1,1,0.4162276080084299,0.0012626262626262,N,none,0.0812,emerging,False,,True
OSBPL5,ENSG00000021762,2,1,0.4151954602774275,0.0238095238095238,D,none,0.0,novel,False,,True
CYFIP2,ENSG00000055163,1,1,0.4146341463414634,0.0272727272727272,D,none,0.0,novel,False,,True
IL6ST,ENSG00000134352,1,1,0.4131130746574465,0.0181818181818181,N,none,0.0,novel,False,,True
PDCD2,ENSG00000071994,1,1,0.4128787878787878,0.0476190476190476,D,none,0.0,novel,False,,True
RBL2,ENSG00000103479,2,2,0.4110127826941986,0.0134865134865134,N,none,0.029,novel,False,,True
RFX3,ENSG00000080298,1,1,0.4107198022860673,0.0214785214785214,N,none,0.0406,novel,False,,True
ZNF337,ENSG00000130684,2,1,0.4105035249386106,0.0366300366300366,N,none,0.0,novel,False,,True
ACSL3,ENSG00000123983,1,1,0.4103668952856887,0.0291,N,none,0.0161,novel,False,,True
C6orf89,ENSG00000198663,2,1,0.4091836734693878,0.04004329004329,D,none,0.0,novel,False,,True
CNOT8,ENSG00000155508,1,1,0.4073684210526316,0.0,N,none,0.0,novel,False,,True
SEM1,ENSG00000127922,1,1,0.4040119504908237,0.025,D,none,0.0,novel,False,,True
ZNF554,ENSG00000172006,1,1,0.4037267080745341,0.0489510489510489,N,none,0.0,novel,False,,True
CNDP2,ENSG00000133313,2,1,0.4020834281035345,0.0392,N,none,0.0,novel,False,,True
KARS1,ENSG00000065427,1,1,0.4017478813559322,0.0274725274725274,N,none,0.0269,novel,False,,True
PLEC,ENSG00000178209,1,1,0.4011695906432749,0.0333333333333333,D,none,0.066,emerging,False,,True
ANKRD18A,ENSG00000180071,1,1,0.3999999999999999,0.0346736596736596,N,none,0.0,novel,False,,True
SGMS1,ENSG00000198964,2,1,0.3984387197501952,0.0029,D,none,0.0,novel,False,,True
KIF1B,ENSG00000054523,1,1,0.3962264150943396,0.0317460317460317,D,none,0.073,emerging,False,,True
COPG2,ENSG00000158623,2,1,0.3961950777593236,0.0454545454545454,D,none,0.2527,supported,False,,True
PSD3,ENSG00000156011,1,1,0.3961538461538462,0.029,D,none,0.0,novel,False,,True
SCRN1,ENSG00000136193,1,1,0.3956131078224101,0.0293456543456543,N,none,0.0869,emerging,False,,True
TAPT1,ENSG00000169762,1,1,0.3956043956043956,0.0217282717282717,D,none,0.0,novel,False,,True
GEMIN4,ENSG00000179409,2,1,0.3944942044257112,0.0355477855477855,N,none,0.005,novel,False,,True
REL,ENSG00000162924,2,1,0.3943181818181818,0.0238095238095238,D,none,0.0156,novel,False,,True
DUSP18,ENSG00000167065,2,1,0.3939630497007546,0.0253,D,none,0.0071,novel,False,,True
ARHGAP29,ENSG00000137962,2,3,0.3938689217758984,0.0,C,none,0.0015,novel,True,"F-BAR, Rho-GAP",True
COL4A5,ENSG00000188153,1,1,0.3932855738165472,0.0105,N,none,0.0,novel,False,,True
RBM25,ENSG00000119707,2,1,0.3928788800973828,0.0114,N,none,0.0156,novel,False,,True
ZNF462,ENSG00000148143,2,1,0.3928571428571429,0.0285714285714285,D,none,0.3479,supported,False,,True
RASSF2,ENSG00000101265,2,1,0.3920693789911046,0.041,D,none,0.0,novel,False,,True
TBC1D23,ENSG00000036054,2,1,0.3916824794433903,0.0346320346320346,D,none,0.0,novel,False,,True
ECPAS,ENSG00000136813,1,1,0.3894505494505494,0.0045,D,none,0.0041,novel,False,,True
GLCCI1,ENSG00000106415,1,1,0.3894312393887946,0.0114885114885114,D,none,0.0383,novel,False,,True
HACE1,ENSG00000085382,1,1,0.3891726251276813,0.0424575424575424,N,none,0.0131,novel,False,,True
TACC2,ENSG00000138162,1,1,0.3889679055098633,0.0051198801198801,D,none,0.0,novel,False,,True
CREB3L2,ENSG00000182158,1,1,0.3888888888888889,0.0349650349650349,D,none,0.0,novel,False,,True
RYR2,ENSG00000198626,1,1,0.3887863960856662,0.032051282051282,D,none,0.0,novel,False,,True
DLC1,ENSG00000164741,1,1,0.3878817842232477,0.0126540126540126,D,none,0.0,novel,False,,True
LRRC8D,ENSG00000171492,1,1,0.3870967741935484,0.0047619047619047,N,none,0.0,novel,False,,True
GATAD1,ENSG00000157259,2,1,0.3862468931234465,0.0009,N,none,0.0,novel,False,,True
HSPD1,ENSG00000144381,2,2,0.3854166666666666,0.0317460317460317,N,none,0.0773,emerging,False,,True
YTHDC2,ENSG00000047188,2,1,0.3851010101010101,0.0161088911088911,NMD,none,0.0,novel,False,,True
SLC25A29,ENSG00000197119,1,1,0.3846153846153846,0.0021645021645021,D,none,0.2375,supported,False,,True
WDR47,ENSG00000085433,1,1,0.3844155844155844,0.0295260295260295,D,none,0.0,novel,False,,True
ZBTB11,ENSG00000066422,1,1,0.3842574257425744,0.0039,D,none,0.0,novel,False,,True
ATP6V1B2,ENSG00000147416,2,2,0.383445945945946,0.0033,N,none,0.0,novel,False,,True
MFN2,ENSG00000116688,1,1,0.3829787234042553,0.0238095238095238,N,none,0.0824,emerging,False,,True
EIF4A2,ENSG00000156976,2,1,0.3828668715674366,0.015,NMD,none,0.0234,novel,False,,True
TRIM33,ENSG00000197323,2,1,0.3824616185271923,0.0094,D,none,0.2691,supported,False,,True
KIF3A,ENSG00000131437,1,1,0.3815972222222222,0.0341,D,none,0.0,novel,False,,True
SLCO4A1,ENSG00000101187,1,1,0.3813559322033898,0.0324675324675324,D,none,0.0,novel,False,,True
STAMBP,ENSG00000124356,1,2,0.3811587591240876,0.0139860139860139,N,none,0.0389,novel,False,,True
ETV1,ENSG00000006468,1,1,0.3805874840357599,0.0428571428571428,D,none,0.2757,supported,False,,True
HERC4,ENSG00000148634,1,1,0.378793256433008,0.0496170496170496,D,none,0.0018,novel,False,,True
DIS3L,ENSG00000166938,2,1,0.3776375342640402,0.0131868131868131,D,none,0.0074,novel,False,,True
ZBTB25,ENSG00000089775,2,1,0.3755961844197139,0.0212121212121212,D,none,0.0,novel,False,,True
JARID2,ENSG00000008083,1,1,0.375,0.0267,D,none,0.2163,supported,False,,True
STAT3,ENSG00000168610,2,2,0.373947763281707,0.0298,N,none,0.3251,supported,False,,True
PWWP2A,ENSG00000170234,1,1,0.3727167141801289,0.049,D,none,0.0,novel,False,,True
CEP97,ENSG00000182504,2,1,0.3707810405751188,0.0161,N,none,0.0047,novel,False,,True
NDUFS4,ENSG00000164258,1,1,0.3697478991596639,0.0476190476190476,N,none,0.357,supported,False,,True
LSM5,ENSG00000106355,1,1,0.3695652173913044,0.0202020202020202,D,none,0.0344,novel,False,,True
IQSEC3,ENSG00000120645,2,1,0.3690958164642376,0.0476190476190476,D,none,0.0111,novel,False,,True
MAP3K4,ENSG00000085511,1,1,0.3689320388349514,0.0303030303030303,N,none,0.009,novel,False,,True
PDCD6,ENSG00000249915,2,1,0.368085020406514,0.0233100233100233,N,none,0.0074,novel,False,,True
UTP6,ENSG00000108651,2,1,0.3676767676767677,0.0428571428571428,N,none,0.0,novel,False,,True
RBM4,ENSG00000173933,1,1,0.3666281310211946,0.0194805194805194,N,none,0.0,novel,False,,True
BBS7,ENSG00000138686,2,1,0.3659152850329321,0.0497,D,none,0.0,novel,False,,True
FLAD1,ENSG00000160688,1,1,0.3652439024390244,0.0,D,none,0.0206,novel,False,,True
MAN2B1,ENSG00000104774,1,1,0.3643815201192251,0.05,N,none,0.0,novel,False,,True
CNTN1,ENSG00000018236,1,1,0.3641626189367223,0.0303030303030303,D,none,0.0,novel,False,,True
RAB3IP,ENSG00000127328,2,1,0.363968253968254,0.0449550449550449,D,none,0.0,novel,False,,True
CTBP1,ENSG00000159692,2,1,0.3630769230769231,0.0054945054945054,D,none,0.0427,novel,False,,True
MIEF1,ENSG00000100335,1,1,0.3624730188097441,0.0333333333333333,D,none,0.0111,novel,False,,True
FOXP2,ENSG00000128573,1,1,0.3614529914529915,0.0399378399378399,D,none,0.0313,novel,False,,True
LRPPRC,ENSG00000138095,1,1,0.361025103967459,0.0315,N,none,0.0478,novel,False,,True
ATOSA,ENSG00000047346,2,2,0.3606666666666667,0.0137,NMD,none,0.0,novel,False,,True
COG5,ENSG00000164597,2,1,0.3602542623435499,0.0006660006660006,D,none,0.0251,novel,False,,True
SHOC2,ENSG00000108061,3,2,0.358974358974359,0.0166666666666666,D,none,0.0044,novel,False,,True
CYP1B1,ENSG00000138061,3,2,0.358695652173913,0.0181818181818181,D,none,0.2451,supported,False,,True
TTC31,ENSG00000115282,1,1,0.3584905660377358,0.0212121212121212,D,none,0.0,novel,False,,True
ACAD9,ENSG00000177646,1,1,0.3581803005008347,0.0404040404040404,N,none,0.0179,novel,False,,True
ZNF106,ENSG00000103994,2,1,0.3580065300850347,0.007,D,none,0.0613,emerging,False,,True
RC3H1,ENSG00000135870,2,1,0.3567244719121852,0.019,D,none,0.0181,novel,False,,True
ERCC6L2,ENSG00000182150,1,1,0.356058726483112,0.0245,N,none,0.0,novel,False,,True
PHLDB2,ENSG00000144824,1,1,0.3548872180451128,0.0441919191919191,N,none,0.0,novel,False,,True
MTR,ENSG00000116984,1,1,0.3547182994998529,0.0319680319680319,N,none,0.0233,novel,False,,True
GGCX,ENSG00000115486,1,1,0.3545454545454546,0.0178571428571428,N,none,0.0,novel,False,,True
ZC3H13,ENSG00000123200,1,2,0.3544055944055944,0.0225,D,none,0.0,novel,False,,True
NEIL2,ENSG00000154328,1,1,0.3541774205442077,0.03,D,none,0.0052,novel,False,,True
SNRPN,ENSG00000128739,2,1,0.3524934383202099,0.0404595404595404,N,none,0.0,novel,False,,True
ETNK1,ENSG00000139163,2,1,0.3515473887814314,0.0244755244755244,D,none,0.0,novel,False,,True
ZNF197,ENSG00000186448,2,2,0.3513010365982653,0.0217560217560217,N,none,0.0,novel,False,,True
EIF2AK2,ENSG00000055332,2,1,0.3512089131339282,0.0139,D,none,0.0,novel,False,,True
PDS5A,ENSG00000121892,2,1,0.3511904761904763,0.0161616161616161,D,none,0.0,novel,False,,True
SSR1,ENSG00000124783,2,1,0.3497902307461792,0.0002497502497502,D,none,0.0,novel,False,,True
EIF2B5,ENSG00000145191,1,1,0.3495022447784502,0.0124320124320124,N,none,0.0703,emerging,False,,True
HBS1L,ENSG00000112339,2,1,0.3489633269415149,0.035,D,none,0.0,novel,False,,True
TLE4,ENSG00000106829,1,1,0.3486590038314176,0.0441919191919191,D,none,0.0,novel,False,,True
NSMCE2,ENSG00000156831,1,1,0.347972972972973,0.0,D,none,0.0,novel,False,,True
DCBLD1,ENSG00000164465,2,1,0.3478260869565216,0.0047619047619047,D,none,0.0034,novel,False,,True
GMEB1,ENSG00000162419,2,1,0.3477851605758582,0.0128205128205128,D,none,0.0852,emerging,False,,True
FGD4,ENSG00000139132,1,1,0.3473354231974921,0.025,N,none,0.0,novel,False,,True
GAPVD1,ENSG00000165219,2,1,0.3471120754152326,0.0302197802197802,NMD,none,0.0,novel,False,,True
RIMBP2,ENSG00000060709,1,1,0.3460426179604262,0.0075,D,none,0.0059,novel,False,,True
DCTD,ENSG00000129187,1,1,0.345823575331772,0.0108780108780108,D,none,0.0537,emerging,False,,True
GOSR2,ENSG00000108433,1,1,0.3438893113268029,0.0073,D,none,0.0,novel,False,,True
DDHD2,ENSG00000085788,1,1,0.3435390171141467,0.0093,N,none,0.0557,emerging,False,,True
TAF2,ENSG00000064313,2,1,0.3433226570115583,0.0115,D,none,0.0,novel,False,,True
SSRP1,ENSG00000149136,2,1,0.3429487179487179,0.0164141414141414,D,none,0.0,novel,False,,True
KIT,ENSG00000157404,1,1,0.3422779627291165,0.0,D,none,0.3706,supported,False,,True
ZNF711,ENSG00000147180,1,1,0.3419740777666999,0.006,D,none,0.0,novel,False,,True
HNRNPM,ENSG00000099783,1,1,0.3419720347155255,0.0053946053946053,N,none,0.0209,novel,False,,True
CYTH2,ENSG00000105443,1,1,0.3418963517973419,0.005050505050505,D,none,0.0022,novel,False,,True
GPR108,ENSG00000125734,1,1,0.3412698412698413,0.0418026418026418,D,none,0.0,novel,False,,True
PRKAR1A,ENSG00000108946,1,1,0.3406478578892372,0.0119047619047619,N,none,0.0,novel,False,,True
RBM41,ENSG00000089682,1,1,0.3401880141010576,0.0428571428571428,D,none,0.0,novel,False,,True
HTRA1,ENSG00000166033,2,1,0.33982905982906,0.0061,D,none,0.0,novel,False,,True
PCDH9,ENSG00000184226,1,1,0.3387010198604401,0.0489510489510489,D,none,0.0696,emerging,False,,True
PELI3,ENSG00000174516,2,1,0.337719298245614,0.0333333333333333,D,none,0.0,novel,False,,True
CFAP54,ENSG00000188596,1,1,0.3373781148429036,0.0484848484848484,D,none,0.0037,novel,False,,True
SMAD1,ENSG00000170365,1,1,0.3370255501403042,0.0435120435120435,N,none,0.0,novel,False,,True
ZSCAN18,ENSG00000121413,1,1,0.3367011278195488,0.0127,N,none,0.0,novel,False,,True
SCAP,ENSG00000114650,2,1,0.3363636363636363,0.0271950271950271,NMD,none,0.0125,novel,False,,True
ISOC1,ENSG00000066583,2,1,0.3360655737704918,0.0178571428571428,D,none,0.0,novel,False,,True
TBL2,ENSG00000106638,1,1,0.3356982823002241,0.0277777777777777,N,none,0.0,novel,False,,True
CLDN12,ENSG00000157224,1,1,0.3346846846846847,0.0047619047619047,N,none,0.0342,novel,False,,True
AK2,ENSG00000004455,1,1,0.3339594717668487,0.0415,D,none,0.0,novel,False,,True
KCNIP4,ENSG00000185774,2,1,0.3333333333333333,0.0285714285714285,D,none,0.0,novel,False,,True
CNOT4,ENSG00000080802,1,1,0.3327840112201964,0.0318181818181818,D,none,0.0056,novel,False,,True
DYM,ENSG00000141627,2,1,0.3327241568595949,0.0101,D,none,0.2419,supported,False,,True
OFD1,ENSG00000046651,2,1,0.3309539260220636,0.0369630369630369,NMD,none,0.0,novel,False,,True
VPS13C,ENSG00000129003,1,1,0.3299319727891156,0.0325674325674325,N,none,0.1203,emerging,False,,True
TXNDC12,ENSG00000117862,2,1,0.3292053663570692,0.0396825396825396,D,none,0.0,novel,False,,True
USP1,ENSG00000162607,2,1,0.3284100331674959,0.0136363636363636,N,none,0.0,novel,False,,True
TPP2,ENSG00000134900,1,1,0.3281593406593406,0.0238095238095238,N,none,0.0,novel,False,,True
ST8SIA5,ENSG00000101638,1,1,0.3280130702526077,0.0406260406260406,D,none,0.0037,novel,False,,True
ATP5F1C,ENSG00000165629,1,1,0.3280039721946376,0.0384615384615384,N,none,0.3456,supported,False,,True
TIGD6,ENSG00000164296,2,1,0.3270967741935483,0.004040404040404,N,none,0.0,novel,False,,True
CC2D1A,ENSG00000132024,2,1,0.3270223752151463,0.0369630369630369,D,none,0.1855,emerging,False,,True
MGRN1,ENSG00000102858,1,1,0.3263449367088608,0.0363386613386613,D,none,0.009,novel,False,,True
CCNL1,ENSG00000163660,2,1,0.3260365405283105,0.0276,N,none,0.0043,novel,False,,True
RARS1,ENSG00000113643,2,1,0.3255813953488372,0.0178571428571428,N,none,0.0,novel,False,,True
PIK3CA,ENSG00000121879,1,1,0.3249746707193516,0.0083250083250083,N,none,0.0677,emerging,False,,True
ORC3,ENSG00000135336,2,1,0.3248031496062992,0.0285714285714285,D,none,0.0053,novel,False,,True
TNPO1,ENSG00000083312,1,1,0.3246680351529926,0.0029,N,none,0.017,novel,False,,True
UTP25,ENSG00000117597,2,1,0.3227513227513228,0.0441919191919191,D,none,0.0,novel,False,,True
RORA,ENSG00000069667,1,1,0.3223296199213631,0.009,D,none,0.1001,emerging,False,,True
TARS2,ENSG00000143374,2,2,0.3220551378446115,0.0202020202020202,D,none,0.0,novel,False,,True
CLINT1,ENSG00000113282,1,1,0.3219563687543985,0.0242424242424242,N,none,0.3253,supported,False,,True
RUFY1,ENSG00000176783,1,1,0.3213200173686495,0.0317460317460317,D,none,0.0093,novel,False,,True
KIAA0513,ENSG00000135709,1,1,0.3208835341365462,0.0396825396825396,D,none,0.0682,emerging,False,,True
TBC1D14,ENSG00000132405,2,1,0.320758435824661,0.0333333333333333,D,none,0.0,novel,False,,True
SLC11A2,ENSG00000110911,1,2,0.3206103678929766,0.0373376623376623,D,none,0.0629,emerging,False,,True
PKP4,ENSG00000144283,2,1,0.3205357142857143,0.0113442113442113,NMD,none,0.0107,novel,False,,True
ARFRP1,ENSG00000101246,1,1,0.3199797160243408,0.0142857142857142,D,none,0.012,novel,False,,True
FAM135A,ENSG00000082269,1,1,0.3197480569761058,0.0127,D,none,0.0067,novel,False,,True
SAP130,ENSG00000136715,1,1,0.3191456903127384,0.0465367965367965,D,none,0.0022,novel,False,,True
PCDHA6,ENSG00000081842,2,1,0.3184912475687691,0.041025641025641,D,none,0.0,novel,False,,True
PLA2G4C,ENSG00000105499,2,1,0.317204301075269,0.0,D,none,0.0,novel,False,,True
ARFGAP1,ENSG00000101199,1,1,0.3165217391304348,0.0484848484848484,C,none,0.0015,novel,True,Arf-GAP,True
DCAF5,ENSG00000139990,2,1,0.3163877266387727,0.0,D,none,0.0,novel,False,,True
OGFOD3,ENSG00000181396,2,2,0.3162096494272822,0.0308857808857808,N,none,0.0074,novel,False,,True
PRRC2B,ENSG00000288701,1,1,0.3146167557932264,0.0125,D,none,0.0,novel,False,,True
GTF3C3,ENSG00000119041,2,1,0.313953488372093,0.0151515151515151,NMD,none,0.0,novel,False,,True
BROX,ENSG00000162819,1,1,0.3129251700680273,0.0126262626262626,D,none,0.0,novel,False,,True
SRBD1,ENSG00000068784,2,1,0.3125,0.0,D,none,0.0,novel,False,,True
CHCHD7,ENSG00000170791,1,1,0.3113725490196078,0.0476190476190476,D,none,0.0,novel,False,,True
SFPQ,ENSG00000116560,1,1,0.3109243697478991,0.0244,D,none,0.0,novel,False,,True
RXFP1,ENSG00000171509,1,1,0.3108046811212918,0.0145687645687645,D,none,0.0242,novel,False,,True
RIC3,ENSG00000166405,1,1,0.3093322606596944,0.0202020202020202,D,none,0.0,novel,False,,True
EP400,ENSG00000183495,1,1,0.3088888888888889,0.0438,D,none,0.0209,novel,False,,True
LRRC27,ENSG00000148814,1,1,0.3088235294117647,0.0357142857142857,D,none,0.0,novel,False,,True
TNPO2,ENSG00000105576,1,1,0.3086419753086419,0.0444444444444444,D,none,0.0045,novel,False,,True
SPPL2B,ENSG00000005206,1,1,0.3074545133368662,0.0191,D,none,0.0,novel,False,,True
ARL17B,ENSG00000228696,1,1,0.3066502463054187,0.0314685314685314,N,none,0.0238,novel,False,,True
ARF5,ENSG00000004059,2,1,0.3064102564102564,0.0366300366300366,N,none,0.0,novel,False,,True
GPNMB,ENSG00000136235,1,1,0.3045842217484009,0.0248640248640248,D,none,0.102,emerging,False,,True
ZNG1B,ENSG00000136682,1,1,0.3042471042471042,0.0396825396825396,N,none,0.0,novel,False,,True
SEC24B,ENSG00000138802,1,1,0.3031387217433728,0.0433566433566433,N,none,0.0,novel,False,,True
PAPOLA,ENSG00000090060,2,1,0.3018840153076244,0.0087412587412587,D,none,0.0,novel,False,,True
GFRA1,ENSG00000151892,1,1,0.3006993006993007,0.0194805194805194,N,none,0.0,novel,False,,True
DCTN5,ENSG00000166847,2,1,0.3002176616915424,0.0224358974358974,N,none,0.0,novel,False,,True
CEP57L1,ENSG00000183137,1,1,0.2989818381948266,0.0329670329670329,D,none,0.0,novel,False,,True
STXBP1,ENSG00000136854,1,1,0.2989352989352989,0.0216450216450216,N,none,0.0,novel,False,,True
MAEA,ENSG00000090316,1,1,0.2976190476190475,0.0373,N,none,0.0,novel,False,,True
RPS29,ENSG00000213741,1,1,0.2972972972972973,0.0454545454545454,D,none,0.1405,emerging,False,,True
TTLL11,ENSG00000175764,1,1,0.296875,0.0465367965367965,D,none,0.0015,novel,False,,True
ASH1L,ENSG00000116539,1,1,0.2953307016056767,0.0291,D,none,0.0,novel,False,,True
OGG1,ENSG00000114026,1,1,0.2947368421052631,0.013,D,none,0.4888,supported,False,,True
RARB,ENSG00000077092,2,1,0.2943400189016066,0.0404040404040404,NMD,none,0.2225,supported,False,,True
HCFC2,ENSG00000111727,1,1,0.2941176470588235,0.0,N,none,0.0102,novel,False,,True
NEU3,ENSG00000162139,2,1,0.292856228395852,0.0155844155844155,N,none,0.0106,novel,False,,True
CTNNA1,ENSG00000044115,1,1,0.2927486309839251,0.0389,D,none,0.2253,supported,False,,True
CALCOCO1,ENSG00000012822,2,2,0.2926419753086419,0.0187812187812187,N,none,0.0161,novel,False,,True
SLC8A1,ENSG00000183023,1,1,0.2921119592875317,0.0413,D,none,0.0,novel,False,,True
RNF121,ENSG00000137522,2,1,0.2904369709448638,0.0324675324675324,D,none,0.0229,novel,False,,True
SCAMP3,ENSG00000116521,2,1,0.2895622895622897,0.0333333333333333,D,none,0.0,novel,False,,True
NUP98,ENSG00000110713,1,1,0.289395624768261,0.0086580086580086,D,none,0.0215,novel,False,,True
ABI1,ENSG00000136754,1,1,0.2888888888888888,0.0158730158730158,C,none,0.0,novel,True,"t-SNARE coiled-coil homology, SH3",True
LRTM2,ENSG00000166159,1,1,0.2883756152972359,0.0484848484848484,D,none,0.0,novel,False,,True
PSRC1,ENSG00000134222,1,1,0.2870234604105572,0.0107892107892107,D,none,0.0,novel,False,,True
MTF2,ENSG00000143033,1,1,0.2868852459016393,0.0485514485514485,D,none,0.005,novel,False,,True
SOBP,ENSG00000112320,1,1,0.286806247922898,0.006,D,none,0.0046,novel,False,,True
TUBGCP2,ENSG00000130640,1,1,0.2866892618769447,0.0345,D,none,0.0,novel,False,,True
GABRA2,ENSG00000151834,1,1,0.2860277063875132,0.0022,N,none,0.3015,supported,False,,True
SATB1,ENSG00000182568,1,1,0.2858060637009827,0.0094,N,none,0.0099,novel,False,,True
DLG1,ENSG00000075711,1,1,0.2857142857142857,0.0444444444444444,D,none,0.0,novel,False,,True
RBCK1,ENSG00000125826,1,1,0.2851662673997699,0.0465416936005171,D,none,0.0,novel,False,,True
SLC35D2,ENSG00000130958,1,1,0.284692882677933,0.05,N,none,0.0,novel,False,,True
RPS3,ENSG00000149273,2,2,0.2844946641556811,0.0053,N,none,0.0111,novel,False,,True
BACH1,ENSG00000156273,1,1,0.2842895136778116,0.0459540459540459,N,none,0.032,novel,False,,True
KBTBD3,ENSG00000182359,1,1,0.2842461122379988,0.0104895104895104,N,none,0.0,novel,False,,True
ATP1A3,ENSG00000105409,2,1,0.2831497730183763,0.0023310023310023,D,none,0.0968,emerging,False,,True
VCP,ENSG00000165280,1,1,0.2828815628815628,0.0,N,none,0.0,novel,False,,True
CREBZF,ENSG00000137504,1,1,0.2828804347826087,0.0411,N,none,0.0037,novel,False,,True
SLC27A2,ENSG00000140284,2,1,0.2826086956521739,0.0079365079365079,D,none,0.0575,emerging,False,,True
YTHDF2,ENSG00000198492,1,1,0.282355915065723,0.0384,D,none,0.0,novel,False,,True
DDRGK1,ENSG00000198171,2,1,0.2822695035460993,0.0181818181818181,D,none,0.0139,novel,False,,True
HSP90B1,ENSG00000166598,1,1,0.2820157681653526,0.0193,N,none,0.0758,emerging,False,,True
NAP1L1,ENSG00000187109,2,1,0.2802631578947369,0.0079920079920079,D,none,0.0,novel,False,,True
SCAPER,ENSG00000140386,1,1,0.2802586491972267,0.0153,D,none,0.1844,emerging,False,,True
TET3,ENSG00000187605,1,1,0.2790697674418604,0.0265151515151515,D,none,0.016,novel,False,,True
TFRC,ENSG00000072274,1,1,0.2786324786324786,0.0333333333333333,D,none,0.1054,emerging,False,,True
GPBP1,ENSG00000062194,1,1,0.2777777777777778,0.007,N,none,0.0,novel,False,,True
EIF4G3,ENSG00000075151,1,1,0.2763192989140789,0.05,D,none,0.0983,emerging,False,,True
ARMC8,ENSG00000114098,1,1,0.274967399613292,0.0278,D,none,0.0085,novel,False,,True
ATP2A2,ENSG00000174437,1,1,0.2745614035087719,0.0357142857142857,D,none,0.0,novel,False,,True
CDC42BPA,ENSG00000143776,1,1,0.2743464052287582,0.0081918081918081,N,none,0.0081,novel,False,,True
SUPT16H,ENSG00000092201,2,1,0.2743362831858407,0.0314,N,none,0.0,novel,False,,True
ZNF253,ENSG00000256771,2,1,0.272973165349847,0.05,D,none,0.0,novel,False,,True
CCDC107,ENSG00000159884,1,1,0.2728161668839635,0.0285714285714285,D,none,0.0338,novel,False,,True
ROBO2,ENSG00000185008,1,1,0.2714153316562955,0.0011238761238761,N,none,0.2678,supported,False,,True
ATP5MG,ENSG00000167283,2,1,0.270123839009288,0.0264735264735264,D,none,0.0144,novel,False,,True
RGS12,ENSG00000159788,1,1,0.2700354609929078,0.0395,N,none,0.015,novel,False,,True
SLC35F5,ENSG00000115084,2,1,0.2696576151121607,0.0066,N,none,0.0048,novel,False,,True
VPS45,ENSG00000136631,2,2,0.2692939244663382,0.0472860472860472,D,none,0.0046,novel,False,,True
RHOBTB1,ENSG00000072422,1,1,0.2692307692307692,0.0163170163170163,N,none,0.0,novel,False,,True
MVP,ENSG00000013364,2,1,0.2689839698813724,0.0236430236430236,N,none,0.0,novel,False,,True
NPNT,ENSG00000168743,2,1,0.2683242683242682,0.0031080031080031,D,none,0.0109,novel,False,,True
ARID4B,ENSG00000054267,2,2,0.2666597058938902,0.0086,C,none,0.0078,novel,True,"ARID, Tudor-knot",True
SEC14L2,ENSG00000100003,1,1,0.2663561765358171,0.0176767676767676,N,none,0.003,novel,False,,True
CRTAP,ENSG00000170275,2,1,0.2661567127586545,0.0189393939393939,D,none,0.0,novel,False,,True
PTPMT1,ENSG00000110536,1,1,0.2661558960692871,0.0,D,none,0.0,novel,False,,True
CCAR1,ENSG00000060339,1,1,0.2657894736842104,0.0194805194805194,N,none,0.0024,novel,False,,True
HTATSF1,ENSG00000102241,1,1,0.2655367231638418,0.0069930069930069,D,none,0.0,novel,False,,True
DGKD,ENSG00000077044,2,1,0.2650462962962963,0.0183982683982684,N,none,0.0,novel,False,,True
RETREG2,ENSG00000144567,2,1,0.2644376899696049,0.0436507936507936,NMD,none,0.0047,novel,False,,True
FUBP1,ENSG00000162613,1,1,0.2636363636363637,0.0454545454545454,D,none,0.0,novel,False,,True
CIAO1,ENSG00000144021,2,1,0.2634032634032635,0.0083,N,none,0.0,novel,False,,True
BIRC2,ENSG00000110330,2,1,0.2633847598318503,0.0,D,none,0.0185,novel,False,,True
CACNA1D,ENSG00000157388,1,1,0.2630305395648357,0.0259,D,none,0.2812,supported,False,,True
DENND4A,ENSG00000174485,1,1,0.2617889754002949,0.0313020313020313,N,none,0.0,novel,False,,True
GLCE,ENSG00000138604,1,1,0.2617121231893514,0.0038850038850038,D,none,0.0,novel,False,,True
CHRNA7,ENSG00000175344,1,1,0.2616209433639422,0.0452,N,none,0.4419,supported,False,,True
UBAP2,ENSG00000137073,1,1,0.2613636363636363,0.0451548451548451,N,none,0.0066,novel,False,,True
SPART,ENSG00000133104,1,1,0.260957305921675,0.0157,N,none,0.0,novel,False,,True
GATM,ENSG00000171766,1,1,0.2608070136898758,0.038,N,none,0.0,novel,False,,True
CDKL5,ENSG00000008086,1,1,0.2602739726027397,0.0334110334110334,D,none,0.0635,emerging,False,,True
UPF2,ENSG00000151461,1,1,0.2598880597014925,0.0381,N,none,0.0,novel,False,,True
LEMD3,ENSG00000174106,2,1,0.2582133213321332,0.0199800199800199,D,none,0.0,novel,False,,True
NCOA1,ENSG00000084676,1,2,0.2577186963979417,0.0,D,none,0.0849,emerging,False,,True
PINX1,ENSG00000254093,1,1,0.2571428571428571,0.0357142857142857,D,none,0.0,novel,False,,True
CTTNBP2,ENSG00000077063,2,1,0.2562094911718692,0.0263,NMD,none,0.0,novel,False,,True
CLK4,ENSG00000113240,2,2,0.2559097809585773,0.0351648351648351,NMD,none,0.0037,novel,False,,True
CCDC181,ENSG00000117477,1,1,0.2554204124801693,0.0369630369630369,N,none,0.0,novel,False,,True
PEX10,ENSG00000157911,2,1,0.2546631138180434,0.0015540015540015,D,none,0.0059,novel,False,,True
SUPT5H,ENSG00000196235,1,1,0.2545454545454546,0.006,N,none,0.0,novel,False,,True
DMTF1,ENSG00000135164,2,2,0.2538749639873235,0.0327,NMD,none,0.0083,novel,False,,True
NICN1,ENSG00000145029,1,1,0.2510308428170873,0.0063,N,none,0.3047,supported,False,,True
ABCA8,ENSG00000141338,1,1,0.2503221649484537,0.0454545454545454,N,none,0.0023,novel,True,"ABC transporter 1, ABC transporter 2",True
ARNT,ENSG00000143437,1,1,0.25,0.0367965367965368,D,none,0.3547,supported,False,,True
BTBD9,ENSG00000183826,1,1,0.25,0.0,D,none,0.0,novel,False,,True
ZNF254,ENSG00000213096,1,1,0.2493257047946615,0.0273,N,none,0.0,novel,False,,True
PAK6,ENSG00000137843,1,1,0.2473913043478261,0.0043290043290043,D,none,0.0128,novel,False,,True
DDX18,ENSG00000088205,2,1,0.2467792912034139,0.0329,N,none,0.2103,supported,False,,True
HIF3A,ENSG00000124440,1,1,0.2455197132616488,0.0181818181818181,D,none,0.0,novel,False,,True
PRKCA,ENSG00000154229,2,1,0.2452830188679245,0.0439560439560439,NMD,none,0.0,novel,False,,True
SYNJ2,ENSG00000078269,1,1,0.2452043369474563,0.0121212121212121,N,none,0.0,novel,False,,True
NOVA1,ENSG00000139910,1,1,0.2451058411586821,0.0184815184815184,N,none,0.0734,emerging,False,,True
AGMO,ENSG00000187546,1,1,0.2446916076845299,0.0142857142857142,C,none,0.0,novel,True,Fatty acid hydroxylase,True
ZNF790,ENSG00000197863,1,1,0.2446895424836601,0.0299700299700299,N,none,0.0,novel,False,,True
SYNCRIP,ENSG00000135316,1,1,0.2445987654320988,0.0336330336330336,D,none,0.0083,novel,False,,True
MRFAP1,ENSG00000179010,2,1,0.2431317393342709,0.0172,N,none,0.0,novel,False,,True
NR2F1,ENSG00000175745,1,1,0.2425531914893617,0.0417,N,none,0.07,emerging,False,,True
RNPC3,ENSG00000185946,1,1,0.2422721078677472,0.015,N,none,0.0,novel,False,,True
TRANK1,ENSG00000168016,2,1,0.2420773442847364,0.0129,D,none,0.0,novel,False,,True
SYT1,ENSG00000067715,2,1,0.2420115505285665,0.0223110223110223,N,none,0.1105,emerging,False,,True
SNX14,ENSG00000135317,2,2,0.2415730337078651,0.0357142857142857,D,none,0.0022,novel,False,,True
RANBP2,ENSG00000153201,1,1,0.2415107266732324,0.0143190143190143,N,none,0.0061,novel,False,,True
NPHP3,ENSG00000113971,1,1,0.2412793373216751,0.0136363636363636,N,none,0.0,novel,False,,True
FAM13C,ENSG00000148541,1,1,0.2396825985390633,0.0126,D,none,0.0,novel,False,,True
FECH,ENSG00000066926,1,1,0.2394366197183098,0.0285714285714285,D,none,0.3373,supported,False,,True
AMOT,ENSG00000126016,2,1,0.238095238095238,0.0179820179820179,D,none,0.0095,novel,False,,True
GTF3C1,ENSG00000077235,2,1,0.238063063063063,0.0144,D,none,0.012,novel,False,,True
ZNF397,ENSG00000186812,2,1,0.2373026034997865,0.0056610056610056,D,none,0.0046,novel,False,,True
ATF4,ENSG00000128272,1,1,0.2371515679442509,0.0317,N,none,0.108,emerging,False,,True
RNGTT,ENSG00000111880,2,1,0.2367577362698634,0.0295704295704295,N,none,0.0,novel,False,,True
PHYHIP,ENSG00000168490,2,1,0.2365351203772648,0.0261,N,none,0.0,novel,False,,True
GREB1L,ENSG00000141449,1,1,0.2362869198312236,0.0374625374625374,D,none,0.0,novel,False,,True
RPL19,ENSG00000108298,1,1,0.2358490566037736,0.0083333333333333,D,none,0.0084,novel,False,,True
PHF3,ENSG00000118482,1,1,0.2357294717288938,0.0104,D,none,0.0,novel,False,,True
R3HDM1,ENSG00000048991,1,1,0.235609756097561,0.0083333333333333,N,none,0.0,novel,False,,True
FKBP15,ENSG00000119321,1,1,0.2347826086956521,0.0231768231768231,D,none,0.0,novel,False,,True
MKRN1,ENSG00000133606,1,1,0.2344385162601625,0.021,N,none,0.2352,supported,False,,True
DISP2,ENSG00000140323,1,1,0.2343300747556067,0.0357142857142857,D,none,0.0049,novel,False,,True
RPS23,ENSG00000186468,2,1,0.2340771261933089,0.0177738927738927,N,none,0.0,novel,False,,True
PUF60,ENSG00000179950,1,1,0.2337718956792527,0.0181818181818181,D,none,0.0,novel,False,,True
ZNF44,ENSG00000197857,1,1,0.2337662337662337,0.0425574425574425,N,none,0.0,novel,False,,True
MBIP,ENSG00000151332,1,1,0.2336829836829836,0.0474941724941724,N,none,0.0041,novel,False,,True
CNOT10,ENSG00000182973,1,1,0.2333333333333333,0.0119047619047619,D,none,0.0,novel,False,,True
ADD1,ENSG00000087274,1,1,0.232136318828334,0.0216033966033966,D,none,0.0447,novel,False,,True
CCDC14,ENSG00000175455,1,1,0.2314655172413793,0.0221,D,none,0.0,novel,False,,True
THOC5,ENSG00000100296,2,1,0.2311458222269609,0.0119880119880119,N,none,0.0,novel,False,,True
ZZEF1,ENSG00000074755,1,1,0.2310039370078739,0.0169830169830169,N,none,0.0,novel,False,,True
ZNF248,ENSG00000198105,1,1,0.2308761152552289,0.0251748251748251,D,none,0.0,novel,False,,True
TRAPPC9,ENSG00000167632,1,1,0.2302515324455718,0.0404,D,none,0.0,novel,False,,True
YTHDC1,ENSG00000083896,1,1,0.229937106918239,0.0245,D,none,0.0,novel,False,,True
PARP2,ENSG00000129484,1,1,0.2295081967213114,0.0444444444444444,N,none,0.0,novel,False,,True
TMC6,ENSG00000141524,1,1,0.2288713301662178,0.021,D,none,0.0,novel,False,,True
HPS1,ENSG00000107521,2,2,0.2277614858260019,0.0194805194805194,D,none,0.0262,novel,False,,True
MTMR12,ENSG00000150712,1,1,0.2275376396308888,0.0425574425574425,D,none,0.4253,supported,False,,True
GOLIM4,ENSG00000173905,2,1,0.2266666666666666,0.0499,D,none,0.0,novel,False,,True
ABCB7,ENSG00000131269,1,1,0.2261904761904762,0.0,C,none,0.0,novel,True,"ABC transmembrane type-1, ABC transporter",True
ZSCAN12,ENSG00000158691,1,1,0.2259550561797751,0.0095238095238095,D,none,0.0067,novel,False,,True
RNF157,ENSG00000141576,2,1,0.2258064516129032,0.0138888888888888,D,none,0.0,novel,False,,True
ZNF148,ENSG00000163848,2,1,0.2253387287587014,0.0272,N,none,0.0,novel,False,,True
TMEM130,ENSG00000166448,1,1,0.2243472981177899,0.0239760239760239,N,none,0.0,novel,False,,True
ZNF33B,ENSG00000196693,1,1,0.2240694789081886,0.0251,D,none,0.1898,emerging,False,,True
DPYSL5,ENSG00000157851,1,1,0.2239741257327674,0.04004329004329,D,none,0.0,novel,False,,True
XXYLT1,ENSG00000173950,2,1,0.2233488627021101,0.0357142857142857,D,none,0.0,novel,False,,True
PRKACB,ENSG00000142875,1,1,0.2226239145022744,0.0391,N,none,0.018,novel,False,,True
SUGP2,ENSG00000064607,1,1,0.2218957203134418,0.0447,N,none,0.0,novel,False,,True
ATF7IP,ENSG00000171681,1,1,0.2216542524706684,0.0279720279720279,N,none,0.2449,supported,False,,True
CLCC1,ENSG00000121940,1,1,0.2208917197452229,0.0307692307692307,D,none,0.0,novel,False,,True
PHF8,ENSG00000172943,1,1,0.2206047032474805,0.0484848484848484,D,none,0.0069,novel,False,,True
PRPF38B,ENSG00000134186,1,1,0.2203848088531187,0.0489510489510489,N,none,0.0052,novel,False,,True
PRORP,ENSG00000100890,1,1,0.2195767195767197,0.0046620046620046,N,none,0.0,novel,False,,True
TSNARE1,ENSG00000171045,2,2,0.2195121951219512,0.0142857142857142,D,none,0.0,novel,False,,True
SPATS2L,ENSG00000196141,1,1,0.2194536622503951,0.0344214608920491,D,none,0.0055,novel,False,,True
WWOX,ENSG00000186153,1,1,0.217391304347826,0.0416666666666666,D,none,0.3082,supported,False,,True
BIVM,ENSG00000134897,2,1,0.217363571934798,0.0194250194250194,NMD,none,0.0036,novel,False,,True
LMF1,ENSG00000103227,2,1,0.2162162162162162,0.0,D,none,0.0,novel,False,,True
YWHAB,ENSG00000166913,1,1,0.2158527954706298,0.0144855144855144,N,none,0.0,novel,False,,True
HLA-A,ENSG00000206503,1,1,0.2153846153846154,0.0047619047619047,D,none,0.0497,novel,False,,True
ZNF585A,ENSG00000196967,2,1,0.2152251893184535,0.0194805194805194,D,none,0.0,novel,False,,True
TGOLN2,ENSG00000152291,2,1,0.2144958259383422,0.029,D,none,0.0,novel,False,,True
RBFOX3,ENSG00000167281,1,1,0.2138095238095237,0.0249750249750249,D,none,0.1094,emerging,False,,True
PDE4DIP,ENSG00000178104,1,1,0.2137640449438203,0.0272,D,none,0.0,novel,False,,True
MAP7,ENSG00000135525,1,1,0.212895273716423,0.0336,D,none,0.2275,supported,False,,True
FBXW7,ENSG00000109670,1,1,0.2125384002730685,0.0242424242424242,D,none,0.0,novel,False,,True
RIMS2,ENSG00000176406,1,1,0.2124474789915966,0.0459540459540459,D,none,0.0127,novel,False,,True
LARP1B,ENSG00000138709,1,1,0.2121212121212121,0.011,D,none,0.0037,novel,False,,True
SZRD1,ENSG00000055070,1,1,0.2115384615384615,0.0277777777777777,D,none,0.0,novel,False,,True
GTPBP3,ENSG00000130299,1,1,0.2103610675039246,0.0126262626262626,D,none,0.0,novel,False,,True
MPI,ENSG00000178802,1,1,0.21,0.0363636363636363,N,none,0.1153,emerging,False,,True
ALDH1L1,ENSG00000144908,1,1,0.2099999999999999,0.0442890442890442,C,none,0.0,novel,True,Carrier,True
DOK6,ENSG00000206052,1,1,0.2093370357514751,0.0259740259740259,D,none,0.0046,novel,False,,True
PPP6R2,ENSG00000100239,1,1,0.2076825664837484,0.0076590076590076,N,none,0.0,novel,False,,True
ZNF23,ENSG00000167377,1,1,0.2072072072072072,0.0424575424575424,D,none,0.0,novel,False,,True
VCAN,ENSG00000038427,1,1,0.206564579698908,0.0318570318570318,D,none,0.0,novel,False,,True
UBE2D3,ENSG00000109332,1,1,0.206140350877193,0.0449550449550449,D,none,0.0083,novel,False,,True
HDAC6,ENSG00000094631,1,1,0.2058823529411764,0.0335664335664335,N,none,0.1231,emerging,False,,True
DTNA,ENSG00000134769,1,1,0.2043795620437956,0.0341880341880341,D,none,0.0649,emerging,False,,True
SACM1L,ENSG00000211456,1,1,0.2036017080264868,0.0357142857142857,N,none,0.0037,novel,False,,True
ERCC6,ENSG00000225830,1,1,0.2033568126788466,0.0299,D,none,0.0411,novel,False,,True
SPIN3,ENSG00000204271,1,1,0.2032163015640153,0.045,N,none,0.0028,novel,False,,True
MTFR1L,ENSG00000117640,1,1,0.2028985507246377,0.0239760239760239,N,none,0.0,novel,False,,True
ZC3HAV1,ENSG00000105939,1,1,0.2020833333333334,0.043,D,none,0.0,novel,False,,True
ACTR10,ENSG00000131966,1,1,0.2011420819333366,0.0014652014652014,D,none,0.0078,novel,False,,True
APBB1,ENSG00000166313,1,1,0.2,0.0343822843822843,C,pathway,0.0,novel,True,"WW, PID 1, PID 2",True
KIAA1671,ENSG00000197077,1,1,0.2,0.0142857142857142,D,none,0.0,novel,False,,True
SLC25A48,ENSG00000145832,1,1,0.2,0.025,D,none,0.0,novel,False,,True
AP3D1,ENSG00000065000,1,2,0.8735119047619048,0.0047619047619047,N,none,0.4214,supported,False,,False
RIPK1,ENSG00000137275,1,1,0.8299641035329681,0.0194250194250194,NMD,none,0.0,novel,False,,False
MAOA,ENSG00000189221,1,1,0.7969924812030075,0.0454545454545454,N,none,0.0,novel,False,,False
SYT14,ENSG00000143469,1,1,0.7866120218579236,0.0396825396825396,NMD,none,0.0,novel,False,,False
FLYWCH1,ENSG00000059122,1,1,0.7550755539074813,0.0346320346320346,N,none,0.0,novel,False,,False
MZF1,ENSG00000099326,1,1,0.743975903614458,0.0333333333333333,N,none,0.0015,novel,False,,False
GCC2,ENSG00000135968,1,3,0.7127349023900749,0.0212,N,none,0.0054,novel,False,,False
MYH10,ENSG00000133026,1,1,0.666260045924225,0.0176767676767676,N,none,0.0715,emerging,False,,False
NPRL2,ENSG00000114388,1,1,0.6458333333333334,0.0476190476190476,N,none,0.0,novel,False,,False
SPEF2,ENSG00000152582,1,1,0.6436868686868688,0.0416666666666666,N,none,0.0,novel,False,,False
CAMTA1,ENSG00000171735,1,1,0.6354142933090302,0.0113886113886113,NMD,none,0.0,novel,False,,False
MATN2,ENSG00000132561,1,2,0.625,0.0161616161616161,N,none,0.0,novel,False,,False
STARD7,ENSG00000084090,1,1,0.6140350877192983,0.0,N,none,0.0,novel,False,,False
INTS14,ENSG00000138614,1,1,0.6081632653061224,0.0428571428571428,NMD,none,0.0,novel,False,,False
SLC6A15,ENSG00000072041,1,1,0.57545820122187,0.0124320124320124,N,none,0.0,novel,False,,False
HAUS5,ENSG00000249115,1,1,0.5695918367346938,0.0,NMD,none,0.0,novel,False,,False
DXO,ENSG00000204348,1,1,0.567016317016317,0.0357142857142857,N,none,0.0,novel,False,,False
EDRF1,ENSG00000107938,1,1,0.5600786627335299,0.0181818181818181,N,none,0.0,novel,False,,False
AMT,ENSG00000145020,1,1,0.5555555555555556,0.0476190476190476,N,none,0.0,novel,False,,False
MOGS,ENSG00000115275,1,1,0.5466994382022472,0.0259740259740259,N,none,0.0135,novel,False,,False
CRELD1,ENSG00000163703,2,2,0.5412844036697247,0.0055,N,none,0.0015,novel,False,,False
DMPK,ENSG00000104936,1,2,0.5304761904761905,0.0193806193806193,N,none,0.0209,novel,False,,False
SEC24C,ENSG00000176986,1,1,0.5241935483870968,0.0436507936507936,NMD,none,0.0,novel,False,,False
CYBC1,ENSG00000178927,1,1,0.5238510943443287,0.0189810189810189,NMD,none,0.0,novel,False,,False
TAF5,ENSG00000148835,1,1,0.5121951219512195,0.0476190476190476,N,none,0.0,novel,False,,False
FOXP1,ENSG00000114861,1,1,0.5,0.0396825396825396,N,none,0.0,novel,False,,False
GASK1A,ENSG00000144649,1,1,0.4990473166084472,0.0239898989898989,N,none,0.0,novel,False,,False
EGFR,ENSG00000146648,1,1,0.4932383402599117,0.0358391608391608,N,none,0.4267,supported,False,,False
CTNND1,ENSG00000198561,1,1,0.4915110356536503,0.0075757575757575,N,none,0.0,novel,False,,False
CLASP2,ENSG00000163539,1,1,0.4873379860418744,0.0233100233100233,N,none,0.0063,novel,False,,False
BRD9,ENSG00000028310,1,1,0.4846850733390854,0.0236430236430236,N,none,0.0078,novel,False,,False
NEBL,ENSG00000078114,1,2,0.483639344262295,0.0113,N,none,0.024,novel,False,,False
NONO,ENSG00000147140,1,1,0.481666214873046,0.0289710289710289,N,none,0.0266,novel,False,,False
AKAP9,ENSG00000127914,1,1,0.4725860830155308,0.0063936063936063,N,none,0.0,novel,False,,False
NFAT5,ENSG00000102908,1,1,0.4690476190476191,0.0324675324675324,NMD,none,0.0,novel,False,,False
BTK,ENSG00000010671,1,1,0.4630700673177206,0.0038,N,none,0.0,novel,False,,False
HECTD4,ENSG00000173064,1,1,0.4613631614039626,0.0053280053280053,N,none,0.0122,novel,False,,False
ERGIC1,ENSG00000113719,1,1,0.4611398963730569,0.0041,N,none,0.0,novel,False,,False
ANKRD13A,ENSG00000076513,1,1,0.4599156118143461,0.0095238095238095,N,none,0.011,novel,True,"UIM 1, UIM 2, UIM 3",False
OGT,ENSG00000147162,1,1,0.4458530805687203,0.031080031080031,NMD,none,0.0407,novel,False,,False
LRCH1,ENSG00000136141,1,1,0.4347826086956521,0.0285714285714285,N,none,0.017,novel,False,,False
KCNK9,ENSG00000169427,1,1,0.4309723889555822,0.0036630036630036,NMD,none,0.0,novel,False,,False
L3MBTL1,ENSG00000185513,1,1,0.4270833333333333,0.0396825396825396,N,none,0.0,novel,False,,False
NECAP1,ENSG00000089818,1,1,0.4242424242424242,0.0119047619047619,NMD,none,0.0079,novel,False,,False
RAD21,ENSG00000164754,1,1,0.4230769230769231,0.025,N,none,0.0139,novel,False,,False
FBN1,ENSG00000166147,1,1,0.4229026196529236,0.0419580419580419,NMD,none,0.3506,supported,False,,False
STXBP5,ENSG00000164506,2,2,0.4161582265609111,0.0267,NMD,none,0.0322,novel,False,,False
PRKN,ENSG00000185345,1,1,0.4130284130284131,0.05,NMD,none,0.1157,emerging,False,,False
PPM1B,ENSG00000138032,1,1,0.4096992924528302,0.0325,N,none,0.0,novel,False,,False
SPTAN1,ENSG00000197694,1,1,0.4004465383814876,0.0269730269730269,N,none,0.014,novel,False,,False
TSC1,ENSG00000165699,1,1,0.4,0.0476190476190476,N,none,0.05,novel,False,,False
WDR91,ENSG00000105875,1,1,0.3982600732600732,0.0236,N,none,0.0,novel,False,,False
PSMD1,ENSG00000173692,1,1,0.3971739130434782,0.0363636363636363,N,none,0.011,novel,False,,False
PPFIA1,ENSG00000131626,2,2,0.3959905660377358,0.002518315018315,NMD,none,0.0034,novel,False,,False
FLNB,ENSG00000136068,1,1,0.3939361335858152,0.0119880119880119,NMD,none,0.0,novel,False,,False
TNNT2,ENSG00000118194,1,1,0.3938323917137476,0.0039960039960039,N,none,0.0162,novel,False,,False
SGIP1,ENSG00000118473,1,1,0.3918918918918919,0.0293706293706293,NMD,none,0.0195,novel,False,,False
TPCN1,ENSG00000186815,1,1,0.3812709030100334,0.0079365079365079,N,none,0.0324,novel,False,,False
SNX22,ENSG00000157734,1,1,0.380952380952381,0.0428571428571428,N,none,0.0,novel,False,,False
DHX30,ENSG00000132153,1,1,0.3792735042735043,0.0157342657342657,NMD,none,0.3301,supported,False,,False
PARP10,ENSG00000178685,1,1,0.3783950617283951,0.0301,N,none,0.0,novel,False,,False
ATP13A3,ENSG00000133657,1,1,0.3624871001031992,0.029040404040404,N,none,0.0052,novel,False,,False
SPIDR,ENSG00000164808,1,1,0.36228264890862,0.0488,N,none,0.0,novel,False,,False
PRPF39,ENSG00000185246,1,2,0.3579863945578232,0.0166500166500166,NMD,none,0.0,novel,False,,False
IFTAP,ENSG00000166352,1,1,0.3540372670807453,0.0035,N,none,0.0,novel,False,,False
NSD1,ENSG00000165671,1,1,0.3514312096029547,0.0105,NMD,none,0.003,novel,False,,False
MATCAP1,ENSG00000196123,1,1,0.3451443569553806,0.0302197802197802,N,none,0.0,novel,False,,False
PLOD2,ENSG00000152952,1,1,0.3445171849427169,0.0158730158730158,N,none,0.0,novel,False,,False
EVL,ENSG00000196405,1,1,0.3417249417249417,0.0424242424242424,N,none,0.0,novel,False,,False
ATM,ENSG00000149311,1,1,0.3348271446862996,0.0404595404595404,N,none,0.0,novel,False,,False
LRRCC1,ENSG00000133739,1,1,0.3333333333333333,0.0,NMD,none,0.0,novel,False,,False
RAD51C,ENSG00000108384,1,1,0.333083645443196,0.0142857142857142,N,none,0.3739,supported,False,,False
ZNF407,ENSG00000215421,1,1,0.3245538648197765,0.05,N,none,0.0,novel,False,,False
MYLK,ENSG00000065534,1,1,0.3242048209955784,0.0211344211344211,N,none,0.0227,novel,False,,False
CEP126,ENSG00000110318,1,1,0.3226826756005951,0.0355,NMD,none,0.0,novel,False,,False
RNASEH2C,ENSG00000172922,1,1,0.3225806451612903,0.0,NMD,none,0.0022,novel,False,,False
LMNA,ENSG00000160789,1,1,0.3213972094838521,0.0347,NMD,none,0.3944,supported,False,,False
RADX,ENSG00000147231,1,1,0.3211382113821138,0.0416666666666666,NMD,none,0.002,novel,False,,False
CSDE1,ENSG00000009307,1,1,0.3203661327231121,0.0411810411810411,N,none,0.0,novel,False,,False
ACAD11,ENSG00000240303,1,1,0.3137195087505226,0.0257,N,none,0.0,novel,False,,False
SUPT20H,ENSG00000102710,1,1,0.3134328358208955,0.0016483516483516,NMD,none,0.0,novel,False,,False
ABCC8,ENSG00000006071,1,1,0.3075669485553206,0.0341,N,none,0.0,novel,True,"ABC transmembrane type-1 1, ABC transporter 1, ABC transmembrane type-1 2",False
UGP2,ENSG00000169764,1,1,0.3023255813953488,0.0049950049950049,N,none,0.0072,novel,False,,False
FIG4,ENSG00000112367,1,1,0.3020833333333333,0.011072261072261,N,none,0.0617,emerging,False,,False
PTPRM,ENSG00000173482,1,1,0.3,0.0277777777777777,N,none,0.0309,novel,False,,False
ILF3,ENSG00000129351,1,1,0.2986111111111111,0.0161,N,none,0.3649,supported,False,,False
FANCM,ENSG00000187790,1,1,0.296,0.0023310023310023,N,none,0.0037,novel,False,,False
CSNK2A1,ENSG00000101266,1,1,0.2954545454545454,0.0151515151515151,N,none,0.061,emerging,False,,False
WDFY3,ENSG00000163625,1,1,0.2926829268292683,0.0,N,none,0.0,novel,False,,False
SEC61A1,ENSG00000058262,1,1,0.2922968933973372,0.0314685314685314,N,none,0.0,novel,False,,False
SLC2A11,ENSG00000133460,1,1,0.2912698412698414,0.0,N,none,0.0,novel,False,,False
DPAGT1,ENSG00000172269,1,1,0.2907598319969454,0.0333333333333333,NMD,none,0.0044,novel,False,,False
NUBP2,ENSG00000095906,1,1,0.2888888888888889,0.0181818181818181,NMD,none,0.0,novel,False,,False
XPNPEP1,ENSG00000108039,1,1,0.2878758611808641,0.0168997668997669,N,none,0.0,novel,False,,False
MAN1B1,ENSG00000177239,1,1,0.2861154236865812,0.0244,N,none,0.0117,novel,False,,False
PIGO,ENSG00000165282,1,1,0.28,0.0281385281385281,NMD,none,0.0,novel,False,,False
HNRNPH1,ENSG00000169045,1,1,0.2783740323847276,0.0019980019980019,N,none,0.0054,novel,False,,False
KMT2C,ENSG00000055609,1,1,0.2780257285376739,0.0189,NMD,none,0.3236,supported,False,,False
SKIC3,ENSG00000198677,1,1,0.2779661016949152,0.0186480186480186,N,none,0.0,novel,False,,False
PTBP1,ENSG00000011304,1,1,0.2779411764705882,0.0396270396270396,NMD,none,0.042,novel,False,,False
YARS1,ENSG00000134684,1,1,0.2777777777777778,0.0334,N,none,0.0,novel,False,,False
MAP4,ENSG00000047849,1,1,0.2774395941796823,0.0295,N,none,0.032,novel,False,,False
G3BP1,ENSG00000145907,1,1,0.2763157894736842,0.0186480186480186,NMD,none,0.0356,novel,False,,False
MYSM1,ENSG00000162601,1,1,0.272189349112426,0.0151,N,none,0.0,novel,False,,False
HPS4,ENSG00000100099,1,1,0.2702054794520548,0.0355,N,none,0.0,novel,False,,False
ALS2,ENSG00000003393,1,1,0.2686849185647683,0.029,N,none,0.0814,emerging,True,"DH, PH, VPS9",False
ZNF3,ENSG00000166526,1,1,0.2685863433526985,0.0057942057942057,N,none,0.0087,novel,False,,False
ACER3,ENSG00000078124,1,1,0.2678571428571428,0.0212121212121212,NMD,none,0.0537,emerging,False,,False
ARID1B,ENSG00000049618,1,1,0.2634920634920635,0.0476190476190476,N,none,0.2421,supported,True,ARID,False
ANKRD6,ENSG00000135299,1,1,0.2631578947368421,0.0101010101010101,N,none,0.0,novel,False,,False
CPNE4,ENSG00000196353,1,1,0.2618974868230081,0.0497502497502497,N,none,0.0043,novel,False,,False
TTC17,ENSG00000052841,1,1,0.26,0.0186480186480186,N,none,0.0,novel,False,,False
PCNT,ENSG00000160299,1,1,0.2594795539033457,0.0209,N,none,0.0,novel,False,,False
LAMA2,ENSG00000196569,1,1,0.2571428571428571,0.0119047619047619,N,none,0.0,novel,False,,False
NPM1,ENSG00000181163,1,1,0.2564102564102564,0.0357420357420357,N,none,0.0,novel,False,,False
KDM4B,ENSG00000127663,1,1,0.2524278676988036,0.0326340326340326,N,none,0.2615,supported,False,,False
P4HB,ENSG00000185624,1,1,0.251309369264515,0.049,NMD,none,0.0,novel,False,,False
SPATA20,ENSG00000006282,1,2,0.2509712509712509,0.0323232323232323,NMD,none,0.0482,novel,False,,False
LCOR,ENSG00000196233,1,1,0.25,0.0357142857142857,NMD,none,0.0,novel,False,,False
NAMPT,ENSG00000105835,1,1,0.2487669914591604,0.0428571428571428,N,none,0.0864,emerging,False,,False
TCERG1,ENSG00000113649,1,1,0.2464462809917355,0.0154845154845154,N,none,0.0,novel,False,,False
MAPT,ENSG00000186868,1,1,0.2427812427812427,0.0446,N,pathway,0.0,novel,False,,False
SLC35A3,ENSG00000117620,1,1,0.2424242424242424,0.0428571428571428,N,none,0.0,novel,False,,False
ERCC4,ENSG00000175595,1,1,0.2398427260812582,0.0411810411810411,N,none,0.0,novel,False,,False
FAS,ENSG00000026103,2,2,0.2361111111111111,0.0101010101010101,N,none,0.0734,emerging,False,,False
BTN2A1,ENSG00000112763,1,1,0.2333333333333333,0.0419580419580419,NMD,none,0.003,novel,False,,False
EFCAB14,ENSG00000159658,1,1,0.2324346722606377,0.0249,N,none,0.0036,novel,False,,False
CEP112,ENSG00000154240,1,1,0.2307692307692307,0.0263736263736263,NMD,none,0.0018,novel,False,,False
ATL1,ENSG00000198513,1,1,0.229279798146015,0.0188,N,none,0.0,novel,False,,False
CTTN,ENSG00000085733,1,1,0.2264722069345075,0.0378787878787878,N,none,0.0118,novel,False,,False
NUP58,ENSG00000139496,1,2,0.224012106944678,0.0423,N,none,0.0,novel,False,,False
DST,ENSG00000151914,1,1,0.2222222222222222,0.0432900432900432,N,none,0.0,novel,False,,False
YPEL4,ENSG00000166793,1,1,0.221938775510204,0.0353646353646353,N,none,0.0018,novel,False,,False
IARS1,ENSG00000196305,1,1,0.221830985915493,0.0265734265734265,NMD,none,0.0356,novel,False,,False
DCAF13,ENSG00000164934,1,1,0.2208015736415048,0.0101010101010101,N,none,0.0037,novel,False,,False
HNRNPA3,ENSG00000170144,1,1,0.2195121951219512,0.0054945054945054,N,none,0.0,novel,False,,False
TCTN1,ENSG00000204852,1,1,0.2181818181818181,0.0432900432900432,N,none,0.0,novel,False,,False
ARMC9,ENSG00000135931,2,1,0.2151898734177215,0.0239898989898989,NMD,none,0.0,novel,True,LisH,False
COPB2,ENSG00000184432,1,1,0.2134314462706342,0.0279720279720279,NMD,none,0.4629,supported,False,,False
NARF,ENSG00000141562,1,1,0.2132998216767997,0.0305694305694305,N,none,0.0,novel,False,,False
PACS1,ENSG00000175115,1,1,0.2132584712371947,0.0161616161616161,N,none,0.0186,novel,False,,False
HELB,ENSG00000127311,1,1,0.2121212121212121,0.0285714285714285,NMD,none,0.0,novel,False,,False
VLDLR,ENSG00000147852,1,1,0.2116724738675959,0.0236430236430236,N,none,0.0693,emerging,False,,False
ACAP3,ENSG00000131584,2,2,0.2099906266431952,0.0361,N,none,0.0074,novel,True,"PH, Arf-GAP",False
PUS7L,ENSG00000129317,1,1,0.2092007026789635,0.0414,N,none,0.0,novel,False,,False
FAM47E,ENSG00000189157,1,1,0.2085579514824798,0.0,N,none,0.0124,novel,False,,False
FARP1,ENSG00000152767,1,1,0.2077513755366105,0.0139652014652014,N,none,0.0,novel,False,,False
PGM3,ENSG00000013375,1,1,0.2054058264527185,0.0,N,none,0.0039,novel,False,,False
CAPZB,ENSG00000077549,1,1,0.2053256238587948,0.0441558441558441,N,none,0.0089,novel,False,,False
VEZT,ENSG00000028203,1,1,0.2045454545454545,0.0369852369852369,NMD,none,0.0,novel,False,,False
USP11,ENSG00000102226,1,1,0.2037503780623047,0.0186480186480186,N,none,0.0,novel,False,,False
CEP95,ENSG00000258890,1,1,0.2026854219948849,0.0106560106560106,NMD,none,0.0,novel,False,,False
CDK5RAP3,ENSG00000108465,1,1,0.2014679289437294,0.0279720279720279,N,none,0.0,novel,False,,False
TRMU,ENSG00000100416,1,1,0.2,0.0077700077700077,N,none,0.0,novel,False,,False
XPO1,ENSG00000082898,1,1,0.2,0.029040404040404,NMD,none,0.0,novel,False,,False
