Entry	Gene Names	Protein names	Length	Domain [FT]	Binding site	Active site	Repeat	Zinc finger
Q6ZT89	SLC25A48	Solute carrier family 25 member 48	311				"REPEAT 3..86; /note=""Solcar 1""; REPEAT 101..205; /note=""Solcar 2""; REPEAT 214..301; /note=""Solcar 3"""	
Q96CQ1	SLC25A36	Solute carrier family 25 member 36	311				"REPEAT 4..108; /note=""Solcar 1""; /evidence=""ECO:0000255|PROSITE-ProRule:PRU00282""; REPEAT 116..203; /note=""Solcar 2""; /evidence=""ECO:0000255|PROSITE-ProRule:PRU00282""; REPEAT 224..308; /note=""Solcar 3""; /evidence=""ECO:0000255|PROSITE-ProRule:PRU00282"""	
Q9Y2D2	SLC35A3	UDP-N-acetylglucosamine transporter (Golgi UDP-GlcNAc transporter) (Solute carrier family 35 member A3)	325					
Q01826	SATB1	DNA-binding protein SATB1 (Special AT-rich sequence-binding protein 1)	763	"DOMAIN 71..172; /note=""CMP""; /evidence=""ECO:0000255|PROSITE-ProRule:PRU01326""; DOMAIN 175..248; /note=""CUTL""; /evidence=""ECO:0000255|PROSITE-ProRule:PRU01327"""	"BINDING 390; /ligand=""DNA""; /ligand_id=""ChEBI:CHEBI:16991""; /ligand_part=""matrix attachment region (MAR) of DNA""; BINDING 400..410; /ligand=""DNA""; /ligand_id=""ChEBI:CHEBI:16991""; /ligand_part=""matrix attachment region (MAR) of DNA""; BINDING 425; /ligand=""DNA""; /ligand_id=""ChEBI:CHEBI:16991""; /ligand_part=""matrix attachment region (MAR) of DNA"""			
P34896	SHMT1	Serine hydroxymethyltransferase, cytosolic (SHMT) (cSHMT) (hcSHMT) (EC 2.1.2.1) (Glycine hydroxymethyltransferase) (L-allo-threonine/L-threonine aldolase SHMT1) (Serine methylase)	483		"BINDING 53; /ligand=""glycine""; /ligand_id=""ChEBI:CHEBI:57305""; /evidence=""ECO:0000250|UniProtKB:P50431""; BINDING 73; /ligand=""pyridoxal 5'-phosphate""; /ligand_id=""ChEBI:CHEBI:597326""; /evidence=""ECO:0000269|PubMed:30035852, ECO:0007744|PDB:6FL5""; BINDING 75; /ligand=""(6S)-5-formyl-5,6,7,8-tetrahydrofolate""; /ligand_id=""ChEBI:CHEBI:57457""; /evidence=""ECO:0000250|UniProtKB:P07511""; BINDING 82; /ligand=""(6S)-5-formyl-5,6,7,8-tetrahydrofolate""; /ligand_id=""ChEBI:CHEBI:57457""; /evidence=""ECO:0000250|UniProtKB:P07511""; BINDING 83; /ligand=""glycine""; /ligand_id=""ChEBI:CHEBI:57305""; /evidence=""ECO:0000250|UniProtKB:P50431""; BINDING 119; /ligand=""pyridoxal 5'-phosphate""; /ligand_id=""ChEBI:CHEBI:597326""; /evidence=""ECO:0000269|PubMed:30035852, ECO:0000269|PubMed:38996576, ECO:0000269|PubMed:9753690, ECO:0007744|PDB:1BJ4, ECO:0007744|PDB:6FL5, ECO:0007744|PDB:8A11""; BINDING 120; /ligand=""pyridoxal 5'-phosphate""; /ligand_id=""ChEBI:CHEBI:597326""; /evidence=""ECO:0000269|PubMed:30035852, ECO:0000269|PubMed:38996576, ECO:0000269|PubMed:9753690, ECO:0007744|PDB:1BJ4, ECO:0007744|PDB:6FL5, ECO:0007744|PDB:8A11""; BINDING 121; /ligand=""pyridoxal 5'-phosphate""; /ligand_id=""ChEBI:CHEBI:597326""; /evidence=""ECO:0000269|PubMed:30035852, ECO:0000269|PubMed:38996576, ECO:0000269|PubMed:9753690, ECO:0007744|PDB:1BJ4, ECO:0007744|PDB:6FL5, ECO:0007744|PDB:8A11""; BINDING 147; /ligand=""(6S)-5-formyl-5,6,7,8-tetrahydrofolate""; /ligand_id=""ChEBI:CHEBI:57457""; /evidence=""ECO:0000250|UniProtKB:P07511""; BINDING 148; /ligand=""(6S)-5-formyl-5,6,7,8-tetrahydrofolate""; /ligand_id=""ChEBI:CHEBI:57457""; /evidence=""ECO:0000250|UniProtKB:P50431""; BINDING 148; /ligand=""pyridoxal 5'-phosphate""; /ligand_id=""ChEBI:CHEBI:597326""; /evidence=""ECO:0000250|UniProtKB:P50431""; BINDING 149; /ligand=""(6S)-5-formyl-5,6,7,8-tetrahydrofolate""; /ligand_id=""ChEBI:CHEBI:57457""; /evidence=""ECO:0000250|UniProtKB:P07511""; BINDING 158; /ligand=""(6S)-5-formyl-5,6,7,8-tetrahydrofolate""; /ligand_id=""ChEBI:CHEBI:57457""; /evidence=""ECO:0000250|UniProtKB:P50431""; BINDING 203; /ligand=""pyridoxal 5'-phosphate""; /ligand_id=""ChEBI:CHEBI:597326""; /evidence=""ECO:0000250|UniProtKB:P50431""; BINDING 228; /ligand=""pyridoxal 5'-phosphate""; /ligand_id=""ChEBI:CHEBI:597326""; /evidence=""ECO:0000250|UniProtKB:P07511""; BINDING 231; /ligand=""pyridoxal 5'-phosphate""; /ligand_id=""ChEBI:CHEBI:597326""; /evidence=""ECO:0000269|PubMed:30035852, ECO:0000269|PubMed:38996576, ECO:0000269|PubMed:9753690, ECO:0007744|PDB:1BJ4, ECO:0007744|PDB:6FL5, ECO:0007744|PDB:8A11""; BINDING 256; /ligand=""pyridoxal 5'-phosphate""; /ligand_id=""ChEBI:CHEBI:597326""; /evidence=""ECO:0000250|UniProtKB:P07511""; BINDING 303; /ligand=""pyridoxal 5'-phosphate""; /ligand_id=""ChEBI:CHEBI:597326""; /evidence=""ECO:0000250|UniProtKB:P50431""; BINDING 387; /ligand=""(6S)-5-formyl-5,6,7,8-tetrahydrofolate""; /ligand_id=""ChEBI:CHEBI:57457""; /evidence=""ECO:0000250|UniProtKB:P07511""; BINDING 402; /ligand=""glycine""; /ligand_id=""ChEBI:CHEBI:57305""; /evidence=""ECO:0000250|UniProtKB:P50431"""	"ACT_SITE 75; /note=""Proton donor/acceptor""; /evidence=""ECO:0000250|UniProtKB:P07511"""		
Q9P0U3	SENP1	Sentrin-specific protease 1 (EC 3.4.22.-) (Sentrin/SUMO-specific protease SENP1)	644			"ACT_SITE 533; /evidence=""ECO:0000269|PubMed:16553580""; ACT_SITE 550; /evidence=""ECO:0000269|PubMed:16553580""; ACT_SITE 603; /note=""Nucleophile""; /evidence=""ECO:0000269|PubMed:16553580"""		
Q9H0E3	SAP130	Histone deacetylase complex subunit SAP130 (130 kDa Sin3-associated polypeptide) (Sin3-associated polypeptide p130)	1048					
Q92736	RYR2	Ryanodine receptor 2 (RYR-2) (RyR2) (hRYR-2) (Cardiac muscle ryanodine receptor) (Cardiac muscle ryanodine receptor-calcium release channel) (Type 2 ryanodine receptor)	4967	"DOMAIN 110..165; /note=""MIR 1""; /evidence=""ECO:0000255|PROSITE-ProRule:PRU00131""; DOMAIN 172..217; /note=""MIR 2""; /evidence=""ECO:0000255|PROSITE-ProRule:PRU00131""; DOMAIN 225..280; /note=""MIR 3""; /evidence=""ECO:0000255|PROSITE-ProRule:PRU00131""; DOMAIN 286..343; /note=""MIR 4""; /evidence=""ECO:0000255|PROSITE-ProRule:PRU00131""; DOMAIN 351..408; /note=""MIR 5""; /evidence=""ECO:0000255|PROSITE-ProRule:PRU00131""; DOMAIN 599..809; /note=""B30.2/SPRY 1""; /evidence=""ECO:0000255|PROSITE-ProRule:PRU00548""; DOMAIN 1025..1222; /note=""B30.2/SPRY 2""; /evidence=""ECO:0000255|PROSITE-ProRule:PRU00548""; DOMAIN 1337..1562; /note=""B30.2/SPRY 3""; /evidence=""ECO:0000255|PROSITE-ProRule:PRU00548"""			"REPEAT 853..966; /note=""1""; REPEAT 967..1080; /note=""2""; REPEAT 2692..2810; /note=""3""; REPEAT 2812..2925; /note=""4"""	
P04179	SOD2	Superoxide dismutase [Mn], mitochondrial (EC 1.15.1.1)	222		"BINDING 50; /ligand=""Mn(2+)""; /ligand_id=""ChEBI:CHEBI:29035""; /evidence=""ECO:0000269|PubMed:10852710, ECO:0000269|PubMed:11580280, ECO:0000269|PubMed:1394426, ECO:0000269|PubMed:19265433, ECO:0000269|PubMed:9537987, ECO:0000269|PubMed:9537988, ECO:0000312|PDB:1JA8, ECO:0007744|PDB:1AP5, ECO:0007744|PDB:1AP6, ECO:0007744|PDB:1EM1, ECO:0007744|PDB:1N0J, ECO:0007744|PDB:1QNM, ECO:0007744|PDB:1ZSP, ECO:0007744|PDB:1ZTE, ECO:0007744|PDB:1ZUQ, ECO:0007744|PDB:2P4K""; BINDING 98; /ligand=""Mn(2+)""; /ligand_id=""ChEBI:CHEBI:29035""; /evidence=""ECO:0000269|PubMed:10852710, ECO:0000269|PubMed:11580280, ECO:0000269|PubMed:1394426, ECO:0000269|PubMed:19265433, ECO:0000269|PubMed:9537987, ECO:0000269|PubMed:9537988, ECO:0000312|PDB:1JA8, ECO:0007744|PDB:1AP5, ECO:0007744|PDB:1AP6, ECO:0007744|PDB:1EM1, ECO:0007744|PDB:1N0J, ECO:0007744|PDB:1QNM, ECO:0007744|PDB:1ZSP, ECO:0007744|PDB:1ZTE, ECO:0007744|PDB:1ZUQ, ECO:0007744|PDB:2P4K""; BINDING 183; /ligand=""Mn(2+)""; /ligand_id=""ChEBI:CHEBI:29035""; /evidence=""ECO:0000269|PubMed:10852710, ECO:0000269|PubMed:11580280, ECO:0000269|PubMed:1394426, ECO:0000269|PubMed:19265433, ECO:0000269|PubMed:9537987, ECO:0000269|PubMed:9537988, ECO:0000312|PDB:1JA8, ECO:0007744|PDB:1AP5, ECO:0007744|PDB:1AP6, ECO:0007744|PDB:1EM1, ECO:0007744|PDB:1N0J, ECO:0007744|PDB:1QNM, ECO:0007744|PDB:1ZSP, ECO:0007744|PDB:1ZTE, ECO:0007744|PDB:1ZUQ, ECO:0007744|PDB:2P4K""; BINDING 187; /ligand=""Mn(2+)""; /ligand_id=""ChEBI:CHEBI:29035""; /evidence=""ECO:0000269|PubMed:10852710, ECO:0000269|PubMed:11580280, ECO:0000269|PubMed:1394426, ECO:0000269|PubMed:19265433, ECO:0000269|PubMed:9537987, ECO:0000269|PubMed:9537988, ECO:0000312|PDB:1JA8, ECO:0007744|PDB:1AP5, ECO:0007744|PDB:1AP6, ECO:0007744|PDB:1EM1, ECO:0007744|PDB:1N0J, ECO:0007744|PDB:1QNM, ECO:0007744|PDB:1ZSP, ECO:0007744|PDB:1ZTE, ECO:0007744|PDB:1ZUQ, ECO:0007744|PDB:2P4K"""			
O95487	SEC24B	Protein transport protein Sec24B (SEC24-related protein B)	1268		"BINDING 605; /ligand=""Zn(2+)""; /ligand_id=""ChEBI:CHEBI:29105""; /evidence=""ECO:0007744|PDB:3EH1""; BINDING 608; /ligand=""Zn(2+)""; /ligand_id=""ChEBI:CHEBI:29105""; /evidence=""ECO:0007744|PDB:3EH1""; BINDING 626; /ligand=""Zn(2+)""; /ligand_id=""ChEBI:CHEBI:29105""; /evidence=""ECO:0007744|PDB:3EH1""; BINDING 629; /ligand=""Zn(2+)""; /ligand_id=""ChEBI:CHEBI:29105""; /evidence=""ECO:0007744|PDB:3EH1"""		"REPEAT 1141..1213; /note=""Gelsolin-like""; /evidence=""ECO:0000255"""	
Q9BQI5	SGIP1	SH3-containing GRB2-like protein 3-interacting protein 1 (Endophilin-3-interacting protein)	828	"DOMAIN 559..827; /note=""MHD""; /evidence=""ECO:0000255|PROSITE-ProRule:PRU00404"""				
Q9H4L7	SMARCAD1 KIAA1122	SWI/SNF-related matrix-associated actin-dependent regulator of chromatin subfamily A containing DEAD/H box 1 (SMARCAD1) (EC 3.6.4.-)	1026	"DOMAIN 157..199; /note=""CUE 1""; /evidence=""ECO:0000255|PROSITE-ProRule:PRU00468""; DOMAIN 251..294; /note=""CUE 2""; /evidence=""ECO:0000255|PROSITE-ProRule:PRU00468""; DOMAIN 509..677; /note=""Helicase ATP-binding""; /evidence=""ECO:0000255|PROSITE-ProRule:PRU00541""; DOMAIN 858..1010; /note=""Helicase C-terminal""; /evidence=""ECO:0000255|PROSITE-ProRule:PRU00542"""	"BINDING 521..529; /ligand=""ATP""; /ligand_id=""ChEBI:CHEBI:30616""; /evidence=""ECO:0000255|PROSITE-ProRule:PRU00541""; BINDING 897..904; /ligand=""ATP""; /ligand_id=""ChEBI:CHEBI:30616""; /evidence=""ECO:0000255|PROSITE-ProRule:PRU00541"""			
P28702	RXRB NR2B2	Retinoic acid receptor RXR-beta (Nuclear receptor subfamily 2 group B member 2) (Retinoid X receptor beta)	533	"DOMAIN 296..529; /note=""NR LBD""; /evidence=""ECO:0000255|PROSITE-ProRule:PRU01189, ECO:0000269|PubMed:11782480"""				"ZN_FING 205..225; /note=""NR C4-type""; /evidence=""ECO:0000255|PROSITE-ProRule:PRU00407""; ZN_FING 241..265; /note=""NR C4-type""; /evidence=""ECO:0000255|PROSITE-ProRule:PRU00407"""
O94933	SLITRK3 KIAA0848	SLIT and NTRK-like protein 3	977	"DOMAIN 232..283; /note=""LRRCT 1""; DOMAIN 364..406; /note=""LRRNT""; DOMAIN 562..613; /note=""LRRCT 2"""			"REPEAT 78..99; /note=""LRR 1""; REPEAT 102..123; /note=""LRR 2""; REPEAT 126..147; /note=""LRR 3""; REPEAT 150..171; /note=""LRR 4""; REPEAT 174..195; /note=""LRR 5""; REPEAT 197..218; /note=""LRR 6""; REPEAT 409..430; /note=""LRR 7""; REPEAT 433..454; /note=""LRR 8""; REPEAT 457..478; /note=""LRR 9""; REPEAT 481..502; /note=""LRR 10""; REPEAT 505..526; /note=""LRR 11""; REPEAT 528..549; /note=""LRR 12"""	
Q9NVA2	SEPTIN11 SEPT11	Septin-11	429	"DOMAIN 38..304; /note=""Septin-type G""; /evidence=""ECO:0000255|PROSITE-ProRule:PRU01056"""	"BINDING 48..55; /ligand=""GTP""; /ligand_id=""ChEBI:CHEBI:37565""; /evidence=""ECO:0000250""; BINDING 103; /ligand=""GTP""; /ligand_id=""ChEBI:CHEBI:37565""; /evidence=""ECO:0000250""; BINDING 184..192; /ligand=""GTP""; /ligand_id=""ChEBI:CHEBI:37565""; /evidence=""ECO:0000250""; BINDING 238; /ligand=""GTP""; /ligand_id=""ChEBI:CHEBI:37565""; /evidence=""ECO:0000250""; BINDING 253; /ligand=""GTP""; /ligand_id=""ChEBI:CHEBI:37565""; /evidence=""ECO:0000250"""			
Q9Y5W7	SNX14	Sorting nexin-14	946	"DOMAIN 130..304; /note=""PXA""; /evidence=""ECO:0000255|PROSITE-ProRule:PRU00147, ECO:0000255|PROSITE-ProRule:PRU00553""; DOMAIN 336..468; /note=""RGS""; /evidence=""ECO:0000255|PROSITE-ProRule:PRU00171""; DOMAIN 570..690; /note=""PX""; /evidence=""ECO:0000255|PROSITE-ProRule:PRU00147"""				
A0A8I5KQE6	RPSA2 RPSA RPSAP58	Small ribosomal subunit protein uS2B (37 kDa laminin receptor precursor) (37LRP) (37/67 kDa laminin receptor) (LRP/LR) (40S ribosomal protein SA) (40S ribosomal protein SA2) (67 kDa laminin receptor) (67LR) (Laminin receptor 1) (LamR) (Laminin-binding protein precursor p40) (LBP/p40)	295				"REPEAT 230..232; /note=""[DE]-W-[ST] 1""; /evidence=""ECO:0000255|HAMAP-Rule:MF_03016""; REPEAT 247..249; /note=""[DE]-W-[ST] 2""; /evidence=""ECO:0000255|HAMAP-Rule:MF_03016""; REPEAT 266..268; /note=""[DE]-W-[ST] 3""; /evidence=""ECO:0000255|HAMAP-Rule:MF_03016""; REPEAT 275..277; /note=""[DE]-W-[ST] 4""; /evidence=""ECO:0000255|HAMAP-Rule:MF_03016""; REPEAT 293..295; /note=""[DE]-W-[ST] 5""; /evidence=""ECO:0000255|HAMAP-Rule:MF_03016"""	
P23246	SFPQ PSF	Splicing factor, proline- and glutamine-rich (100 kDa DNA-pairing protein) (hPOMp100) (DNA-binding p52/p100 complex, 100 kDa subunit) (Polypyrimidine tract-binding protein-associated-splicing factor) (PSF) (PTB-associated-splicing factor)	707	"DOMAIN 297..369; /note=""RRM 1""; /evidence=""ECO:0000255|PROSITE-ProRule:PRU00176""; DOMAIN 371..452; /note=""RRM 2""; /evidence=""ECO:0000255|PROSITE-ProRule:PRU00176"""			"REPEAT 9..11; /note=""1""; REPEAT 19..21; /note=""2""; REPEAT 25..27; /note=""3"""	
Q12765	SCRN1 KIAA0193	Secernin-1	414			"ACT_SITE 9; /evidence=""ECO:0000255"""		
Q9UQ13	SHOC2 KIAA0862	Leucine-rich repeat protein SHOC-2 (Protein soc-2 homolog) (Protein sur-8 homolog)	582				"REPEAT 101..122; /note=""LRR 1""; /evidence=""ECO:0000269|PubMed:35768504, ECO:0000269|PubMed:35830882, ECO:0000269|PubMed:35831509, ECO:0000269|PubMed:36175670, ECO:0007744|PDB:7SD0, ECO:0007744|PDB:7SD1, ECO:0007744|PDB:7T7A, ECO:0007744|PDB:7TVF, ECO:0007744|PDB:7TVG, ECO:0007744|PDB:7TXH, ECO:0007744|PDB:7TYG, ECO:0007744|PDB:7UPI""; REPEAT 124..145; /note=""LRR 2""; /evidence=""ECO:0000269|PubMed:35768504, ECO:0000269|PubMed:35830882, ECO:0000269|PubMed:35831509, ECO:0000269|PubMed:36175670, ECO:0007744|PDB:7SD0, ECO:0007744|PDB:7SD1, ECO:0007744|PDB:7T7A, ECO:0007744|PDB:7TVF, ECO:0007744|PDB:7TVG, ECO:0007744|PDB:7TXH, ECO:0007744|PDB:7TYG, ECO:0007744|PDB:7UPI""; REPEAT 147..169; /note=""LRR 3""; /evidence=""ECO:0000269|PubMed:35768504, ECO:0000269|PubMed:35830882, ECO:0000269|PubMed:35831509, ECO:0000269|PubMed:36175670, ECO:0007744|PDB:7SD0, ECO:0007744|PDB:7SD1, ECO:0007744|PDB:7T7A, ECO:0007744|PDB:7TVF, ECO:0007744|PDB:7TVG, ECO:0007744|PDB:7TXH, ECO:0007744|PDB:7TYG, ECO:0007744|PDB:7UPI""; REPEAT 170..191; /note=""LRR 4""; /evidence=""ECO:0000269|PubMed:35768504, ECO:0000269|PubMed:35830882, ECO:0000269|PubMed:35831509, ECO:0000269|PubMed:36175670, ECO:0007744|PDB:7SD0, ECO:0007744|PDB:7SD1, ECO:0007744|PDB:7T7A, ECO:0007744|PDB:7TVF, ECO:0007744|PDB:7TVG, ECO:0007744|PDB:7TXH, ECO:0007744|PDB:7TYG, ECO:0007744|PDB:7UPI""; REPEAT 193..214; /note=""LRR 5""; /evidence=""ECO:0000269|PubMed:35768504, ECO:0000269|PubMed:35830882, ECO:0000269|PubMed:35831509, ECO:0000269|PubMed:36175670, ECO:0007744|PDB:7SD0, ECO:0007744|PDB:7SD1, ECO:0007744|PDB:7T7A, ECO:0007744|PDB:7TVF, ECO:0007744|PDB:7TVG, ECO:0007744|PDB:7TXH, ECO:0007744|PDB:7TYG, ECO:0007744|PDB:7UPI""; REPEAT 216..237; /note=""LRR 6""; /evidence=""ECO:0000269|PubMed:35768504, ECO:0000269|PubMed:35830882, ECO:0000269|PubMed:35831509, ECO:0000269|PubMed:36175670, ECO:0007744|PDB:7SD0, ECO:0007744|PDB:7SD1, ECO:0007744|PDB:7T7A, ECO:0007744|PDB:7TVF, ECO:0007744|PDB:7TVG, ECO:0007744|PDB:7TXH, ECO:0007744|PDB:7TYG, ECO:0007744|PDB:7UPI""; REPEAT 239..260; /note=""LRR 7""; /evidence=""ECO:0000269|PubMed:35768504, ECO:0000269|PubMed:35830882, ECO:0000269|PubMed:35831509, ECO:0000269|PubMed:36175670, ECO:0007744|PDB:7SD0, ECO:0007744|PDB:7SD1, ECO:0007744|PDB:7T7A, ECO:0007744|PDB:7TVF, ECO:0007744|PDB:7TVG, ECO:0007744|PDB:7TXH, ECO:0007744|PDB:7TYG, ECO:0007744|PDB:7UPI""; REPEAT 262..283; /note=""LRR 8""; /evidence=""ECO:0000269|PubMed:35768504, ECO:0000269|PubMed:35830882, ECO:0000269|PubMed:35831509, ECO:0000269|PubMed:36175670, ECO:0007744|PDB:7SD0, ECO:0007744|PDB:7SD1, ECO:0007744|PDB:7T7A, ECO:0007744|PDB:7TVF, ECO:0007744|PDB:7TVG, ECO:0007744|PDB:7TXH, ECO:0007744|PDB:7TYG, ECO:0007744|PDB:7UPI""; REPEAT 285..307; /note=""LRR 9""; /evidence=""ECO:0000269|PubMed:35768504, ECO:0000269|PubMed:35830882, ECO:0000269|PubMed:35831509, ECO:0000269|PubMed:36175670, ECO:0007744|PDB:7SD0, ECO:0007744|PDB:7SD1, ECO:0007744|PDB:7T7A, ECO:0007744|PDB:7TVF, ECO:0007744|PDB:7TVG, ECO:0007744|PDB:7TXH, ECO:0007744|PDB:7TYG, ECO:0007744|PDB:7UPI""; REPEAT 308..329; /note=""LRR 10""; /evidence=""ECO:0000269|PubMed:35768504, ECO:0000269|PubMed:35830882, ECO:0000269|PubMed:35831509, ECO:0000269|PubMed:36175670, ECO:0007744|PDB:7SD0, ECO:0007744|PDB:7SD1, ECO:0007744|PDB:7T7A, ECO:0007744|PDB:7TVF, ECO:0007744|PDB:7TVG, ECO:0007744|PDB:7TXH, ECO:0007744|PDB:7TYG, ECO:0007744|PDB:7UPI""; REPEAT 332..353; /note=""LRR 11""; /evidence=""ECO:0000269|PubMed:35768504, ECO:0000269|PubMed:35830882, ECO:0000269|PubMed:35831509, ECO:0000269|PubMed:36175670, ECO:0007744|PDB:7SD0, ECO:0007744|PDB:7SD1, ECO:0007744|PDB:7T7A, ECO:0007744|PDB:7TVF, ECO:0007744|PDB:7TVG, ECO:0007744|PDB:7TXH, ECO:0007744|PDB:7TYG, ECO:0007744|PDB:7UPI""; REPEAT 356..377; /note=""LRR 12""; /evidence=""ECO:0000269|PubMed:35768504, ECO:0000269|PubMed:35830882, ECO:0000269|PubMed:35831509, ECO:0000269|PubMed:36175670, ECO:0007744|PDB:7SD0, ECO:0007744|PDB:7SD1, ECO:0007744|PDB:7T7A, ECO:0007744|PDB:7TVF, ECO:0007744|PDB:7TVG, ECO:0007744|PDB:7TXH, ECO:0007744|PDB:7TYG, ECO:0007744|PDB:7UPI""; REPEAT 380..400; /note=""LRR 13""; /evidence=""ECO:0000269|PubMed:35768504, ECO:0000269|PubMed:35830882, ECO:0000269|PubMed:35831509, ECO:0000269|PubMed:36175670, ECO:0007744|PDB:7SD0, ECO:0007744|PDB:7SD1, ECO:0007744|PDB:7T7A, ECO:0007744|PDB:7TVF, ECO:0007744|PDB:7TVG, ECO:0007744|PDB:7TXH, ECO:0007744|PDB:7TYG, ECO:0007744|PDB:7UPI""; REPEAT 403..424; /note=""LRR 14""; /evidence=""ECO:0000269|PubMed:35768504, ECO:0000269|PubMed:35830882, ECO:0000269|PubMed:35831509, ECO:0000269|PubMed:36175670, ECO:0007744|PDB:7SD0, ECO:0007744|PDB:7SD1, ECO:0007744|PDB:7T7A, ECO:0007744|PDB:7TVF, ECO:0007744|PDB:7TVG, ECO:0007744|PDB:7TXH, ECO:0007744|PDB:7TYG, ECO:0007744|PDB:7UPI""; REPEAT 426..448; /note=""LRR 15""; /evidence=""ECO:0000269|PubMed:35768504, ECO:0000269|PubMed:35830882, ECO:0000269|PubMed:35831509, ECO:0000269|PubMed:36175670, ECO:0007744|PDB:7SD0, ECO:0007744|PDB:7SD1, ECO:0007744|PDB:7T7A, ECO:0007744|PDB:7TVF, ECO:0007744|PDB:7TVG, ECO:0007744|PDB:7TXH, ECO:0007744|PDB:7TYG, ECO:0007744|PDB:7UPI""; REPEAT 449..470; /note=""LRR 16""; /evidence=""ECO:0000269|PubMed:35768504, ECO:0000269|PubMed:35830882, ECO:0000269|PubMed:35831509, ECO:0000269|PubMed:36175670, ECO:0007744|PDB:7SD0, ECO:0007744|PDB:7SD1, ECO:0007744|PDB:7T7A, ECO:0007744|PDB:7TVF, ECO:0007744|PDB:7TVG, ECO:0007744|PDB:7TXH, ECO:0007744|PDB:7TYG, ECO:0007744|PDB:7UPI""; REPEAT 472..494; /note=""LRR 17""; /evidence=""ECO:0000269|PubMed:35768504, ECO:0000269|PubMed:35830882, ECO:0000269|PubMed:35831509, ECO:0000269|PubMed:36175670, ECO:0007744|PDB:7SD0, ECO:0007744|PDB:7SD1, ECO:0007744|PDB:7T7A, ECO:0007744|PDB:7TVF, ECO:0007744|PDB:7TVG, ECO:0007744|PDB:7TXH, ECO:0007744|PDB:7TYG, ECO:0007744|PDB:7UPI""; REPEAT 495..516; /note=""LRR 18""; /evidence=""ECO:0000269|PubMed:35768504, ECO:0000269|PubMed:35830882, ECO:0000269|PubMed:35831509, ECO:0000269|PubMed:36175670, ECO:0007744|PDB:7SD0, ECO:0007744|PDB:7SD1, ECO:0007744|PDB:7T7A, ECO:0007744|PDB:7TVF, ECO:0007744|PDB:7TVG, ECO:0007744|PDB:7TXH, ECO:0007744|PDB:7TYG, ECO:0007744|PDB:7UPI""; REPEAT 518..540; /note=""LRR 19""; /evidence=""ECO:0000269|PubMed:35768504, ECO:0000269|PubMed:35830882, ECO:0000269|PubMed:35831509, ECO:0000269|PubMed:36175670, ECO:0007744|PDB:7SD0, ECO:0007744|PDB:7SD1, ECO:0007744|PDB:7T7A, ECO:0007744|PDB:7TVF, ECO:0007744|PDB:7TVG, ECO:0007744|PDB:7TXH, ECO:0007744|PDB:7TYG, ECO:0007744|PDB:7UPI""; REPEAT 542..563; /note=""LRR 20""; /evidence=""ECO:0000269|PubMed:35768504, ECO:0000269|PubMed:35830882, ECO:0000269|PubMed:35831509, ECO:0000269|PubMed:36175670, ECO:0007744|PDB:7SD0, ECO:0007744|PDB:7SD1, ECO:0007744|PDB:7T7A, ECO:0007744|PDB:7TVF, ECO:0007744|PDB:7TVG, ECO:0007744|PDB:7TXH, ECO:0007744|PDB:7TYG, ECO:0007744|PDB:7UPI"""	
P63162	SNRPN HCERN3 SMN	Small nuclear ribonucleoprotein-associated protein N (snRNP-N) (Sm protein D) (Sm-D) (Sm protein N) (Sm-N) (SmN) (Tissue-specific-splicing protein)	240	"DOMAIN 4..86; /note=""Sm""; /evidence=""ECO:0000255|PROSITE-ProRule:PRU01346"""			REPEAT 175..181; REPEAT 191..196; REPEAT 216..221; REPEAT 222..228; REPEAT 230..236	
Q9NRC8	SIRT7 SIR2L7	NAD-dependent protein deacetylase sirtuin-7 (EC 2.3.1.286) (NAD-dependent protein deacylase sirtuin-7) (EC 2.3.1.-) (Regulatory protein SIR2 homolog 7) (SIR2-like protein 7)	400	"DOMAIN 82..329; /note=""Deacetylase sirtuin-type""; /evidence=""ECO:0000255|PROSITE-ProRule:PRU00236"""	"BINDING 107..126; /ligand=""NAD(+)""; /ligand_id=""ChEBI:CHEBI:57540""; /evidence=""ECO:0000250|UniProtKB:Q9NXA8""; BINDING 167..170; /ligand=""NAD(+)""; /ligand_id=""ChEBI:CHEBI:57540""; /evidence=""ECO:0000250|UniProtKB:Q9NXA8""; BINDING 195; /ligand=""Zn(2+)""; /ligand_id=""ChEBI:CHEBI:29105""; /evidence=""ECO:0000255|PROSITE-ProRule:PRU00236""; BINDING 198; /ligand=""Zn(2+)""; /ligand_id=""ChEBI:CHEBI:29105""; /evidence=""ECO:0000255|PROSITE-ProRule:PRU00236""; BINDING 225; /ligand=""Zn(2+)""; /ligand_id=""ChEBI:CHEBI:29105""; /evidence=""ECO:0000255|PROSITE-ProRule:PRU00236""; BINDING 228; /ligand=""Zn(2+)""; /ligand_id=""ChEBI:CHEBI:29105""; /evidence=""ECO:0000255|PROSITE-ProRule:PRU00236""; BINDING 268..270; /ligand=""NAD(+)""; /ligand_id=""ChEBI:CHEBI:57540""; /evidence=""ECO:0000250|UniProtKB:Q9NXA8""; BINDING 297..299; /ligand=""NAD(+)""; /ligand_id=""ChEBI:CHEBI:57540""; /evidence=""ECO:0000250|UniProtKB:Q9NXA8""; BINDING 315; /ligand=""NAD(+)""; /ligand_id=""ChEBI:CHEBI:57540""; /evidence=""ECO:0000250|UniProtKB:Q9NXA8"""	"ACT_SITE 187; /note=""Proton acceptor""; /evidence=""ECO:0000255|PROSITE-ProRule:PRU00236, ECO:0000269|PubMed:16618798, ECO:0000269|PubMed:22722849, ECO:0000269|PubMed:26867678, ECO:0000269|PubMed:30944854"""		
Q8N2Y8	RUSC2 KIAA0375	AP-4 complex accessory subunit RUSC2 (Interacting protein of Rab1) (Iporin) (RUN and SH3 domain-containing protein 2)	1516	"DOMAIN 1031..1175; /note=""RUN""; /evidence=""ECO:0000255|PROSITE-ProRule:PRU00178""; DOMAIN 1447..1506; /note=""SH3""; /evidence=""ECO:0000255|PROSITE-ProRule:PRU00192"""				
P61619	SEC61A1 SEC61A	Protein transport protein Sec61 subunit alpha isoform 1 (Sec61 alpha-1)	476					
P11166	SLC2A1 GLUT1	Solute carrier family 2, facilitated glucose transporter member 1 (Glucose transporter type 1, erythrocyte/brain) (GLUT-1) (HepG2 glucose transporter)	492		"BINDING 137; /ligand=""cytochalasin B""; /ligand_id=""ChEBI:CHEBI:23527""; /ligand_note=""inhibitor""; /evidence=""ECO:0000269|PubMed:27078104, ECO:0007744|PDB:5EQI""; BINDING 282..283; /ligand=""D-glucose""; /ligand_id=""ChEBI:CHEBI:4167""; /evidence=""ECO:0000305|PubMed:24847886""; BINDING 282; /ligand=""cytochalasin B""; /ligand_id=""ChEBI:CHEBI:23527""; /ligand_note=""inhibitor""; /evidence=""ECO:0000269|PubMed:27078104, ECO:0007744|PDB:5EQI""; BINDING 288; /ligand=""D-glucose""; /ligand_id=""ChEBI:CHEBI:4167""; /evidence=""ECO:0000305|PubMed:24847886, ECO:0007744|PDB:4PYP""; BINDING 317; /ligand=""D-glucose""; /ligand_id=""ChEBI:CHEBI:4167""; /evidence=""ECO:0000305|PubMed:24847886, ECO:0007744|PDB:4PYP""; BINDING 380; /ligand=""D-glucose""; /ligand_id=""ChEBI:CHEBI:4167""; /evidence=""ECO:0000305|PubMed:24847886, ECO:0007744|PDB:4PYP""; BINDING 388; /ligand=""cytochalasin B""; /ligand_id=""ChEBI:CHEBI:23527""; /ligand_note=""inhibitor""; /evidence=""ECO:0000269|PubMed:27078104, ECO:0007744|PDB:5EQI""; BINDING 411; /ligand=""cytochalasin B""; /ligand_id=""ChEBI:CHEBI:23527""; /ligand_note=""inhibitor""; /evidence=""ECO:0000269|PubMed:27078104"""			
Q9P270	SLAIN2 KIAA1458	SLAIN motif-containing protein 2	581					
Q9Y6Y8	SEC23IP MSTP053	SEC23-interacting protein (p125)	1000	"DOMAIN 644..707; /note=""SAM""; DOMAIN 779..989; /note=""DDHD""; /evidence=""ECO:0000255|PROSITE-ProRule:PRU00378"""				
Q9NZC9	SMARCAL1 HARP	SNF2 related chromatin remodeling annealing helicase 1 (EC 3.6.4.-) (EC 5.6.2.-) (HepA-related protein) (hHARP) (SWI/SNF-related matrix-associated actin-dependent regulator of chromatin subfamily A-like protein 1) (Sucrose nonfermenting protein 2-like 1)	954	"DOMAIN 226..303; /note=""HARP 1""; /evidence=""ECO:0000255|PROSITE-ProRule:PRU00800""; DOMAIN 327..398; /note=""HARP 2""; /evidence=""ECO:0000255|PROSITE-ProRule:PRU00800""; DOMAIN 445..600; /note=""Helicase ATP-binding""; /evidence=""ECO:0000255|PROSITE-ProRule:PRU00541""; DOMAIN 716..869; /note=""Helicase C-terminal""; /evidence=""ECO:0000255|PROSITE-ProRule:PRU00542"""	"BINDING 458..465; /ligand=""ATP""; /ligand_id=""ChEBI:CHEBI:30616""; /evidence=""ECO:0000255|PROSITE-ProRule:PRU00541"""			
Q149N8	SHPRH KIAA2023	E3 ubiquitin-protein ligase SHPRH (EC 2.3.2.27) (EC 3.6.4.-) (RING-type E3 ubiquitin transferase SHPRH) (SNF2, histone-linker, PHD and RING finger domain-containing helicase)	1683	"DOMAIN 307..389; /note=""Helicase ATP-binding; first part""; /evidence=""ECO:0000255|PROSITE-ProRule:PRU00541""; DOMAIN 438..512; /note=""H15""; /evidence=""ECO:0000255|PROSITE-ProRule:PRU00837""; DOMAIN 710..868; /note=""Helicase ATP-binding; second part""; /evidence=""ECO:0000255|PROSITE-ProRule:PRU00541""; DOMAIN 1514..1672; /note=""Helicase C-terminal""; /evidence=""ECO:0000255|PROSITE-ProRule:PRU00542"""	"BINDING 373..380; /ligand=""ATP""; /ligand_id=""ChEBI:CHEBI:30616""; /evidence=""ECO:0000255|PROSITE-ProRule:PRU00541"""			"ZN_FING 658..709; /note=""PHD-type""; ZN_FING 1432..1479; /note=""RING-type""; /evidence=""ECO:0000255|PROSITE-ProRule:PRU00175"""
P53992	SEC24C KIAA0079	Protein transport protein Sec24C (SEC24-related protein C)	1094		"BINDING 425; /ligand=""Zn(2+)""; /ligand_id=""ChEBI:CHEBI:29105""; /evidence=""ECO:0007744|PDB:3EH2""; BINDING 428; /ligand=""Zn(2+)""; /ligand_id=""ChEBI:CHEBI:29105""; /evidence=""ECO:0007744|PDB:3EH2""; BINDING 447; /ligand=""Zn(2+)""; /ligand_id=""ChEBI:CHEBI:29105""; /evidence=""ECO:0007744|PDB:3EH2""; BINDING 450; /ligand=""Zn(2+)""; /ligand_id=""ChEBI:CHEBI:29105""; /evidence=""ECO:0007744|PDB:3EH2"""		"REPEAT 962..1034; /note=""Gelsolin-like""; /evidence=""ECO:0000255"""	
Q9Y289	SLC5A6 SMVT	Sodium-dependent multivitamin transporter (Na(+)-dependent multivitamin transporter) (hSMVT) (Solute carrier family 5 member 6)	635					
Q9HBX9	RXFP1 LGR7	Relaxin receptor 1 (Leucine-rich repeat-containing G protein-coupled receptor 7) (Relaxin family peptide receptor 1)	757	"DOMAIN 26..63; /note=""LDL-receptor class A""; /evidence=""ECO:0000255|PROSITE-ProRule:PRU00124""; DOMAIN 91..127; /note=""LRRNT"""	"BINDING 45; /ligand=""Ca(2+)""; /ligand_id=""ChEBI:CHEBI:29108""; BINDING 48; /ligand=""Ca(2+)""; /ligand_id=""ChEBI:CHEBI:29108""; BINDING 50; /ligand=""Ca(2+)""; /ligand_id=""ChEBI:CHEBI:29108""; BINDING 52; /ligand=""Ca(2+)""; /ligand_id=""ChEBI:CHEBI:29108""; BINDING 58; /ligand=""Ca(2+)""; /ligand_id=""ChEBI:CHEBI:29108""; BINDING 59; /ligand=""Ca(2+)""; /ligand_id=""ChEBI:CHEBI:29108"""		"REPEAT 151..172; /note=""LRR 1""; REPEAT 175..196; /note=""LRR 2""; REPEAT 199..220; /note=""LRR 3""; REPEAT 223..244; /note=""LRR 4""; REPEAT 248..269; /note=""LRR 5""; REPEAT 272..293; /note=""LRR 6""; REPEAT 296..317; /note=""LRR 7""; REPEAT 320..341; /note=""LRR 8""; REPEAT 344..365; /note=""LRR 9"""	
O75533	SF3B1 SAP155	Splicing factor 3B subunit 1 (Pre-mRNA-splicing factor SF3b 155 kDa subunit) (SF3b155) (Spliceosome-associated protein 155) (SAP 155)	1304				"REPEAT 529..568; /note=""HEAT 1""; REPEAT 569..603; /note=""HEAT 2""; REPEAT 604..641; /note=""HEAT 3""; REPEAT 643..677; /note=""HEAT 4""; REPEAT 680..718; /note=""HEAT 5""; REPEAT 763..801; /note=""HEAT 6""; REPEAT 843..881; /note=""HEAT 7""; REPEAT 1010..1048; /note=""HEAT 8""; REPEAT 1052..1090; /note=""HEAT 9""; REPEAT 1122..1160; /note=""HEAT 10""; REPEAT 1163..1201; /note=""HEAT 11"""	
Q9NQW1	SEC31B SEC31L2	Protein transport protein Sec31B (SEC31-like protein 2) (SEC31-related protein B) (SEC31B-1)	1179				"REPEAT 17..56; /note=""WD 1""; REPEAT 67..110; /note=""WD 2""; REPEAT 119..159; /note=""WD 3""; REPEAT 166..206; /note=""WD 4""; REPEAT 209..254; /note=""WD 5""; REPEAT 258..298; /note=""WD 6""; REPEAT 301..341; /note=""WD 7""; REPEAT 391..422; /note=""WD 8; interaction with SEC13""; /evidence=""ECO:0000255|PROSITE-ProRule:PRU00221"""	
P55011	SLC12A2 NKCC1	Solute carrier family 12 member 2 (Basolateral Na-K-Cl symporter) (Bumetanide-sensitive sodium-(potassium)-chloride cotransporter 2) (BSC2) (Na-K-2Cl cotransporter 1) (hNKCC1)	1212		"BINDING 297; /ligand=""Na(+)""; /ligand_id=""ChEBI:CHEBI:29101""; /evidence=""ECO:0000269|PubMed:36239040, ECO:0007744|PDB:7ZGO""; BINDING 298; /ligand=""K(+)""; /ligand_id=""ChEBI:CHEBI:29103""; /evidence=""ECO:0000269|PubMed:35585053, ECO:0000269|PubMed:36239040, ECO:0000269|PubMed:36306358, ECO:0007744|PDB:7S1X, ECO:0007744|PDB:7SMP, ECO:0007744|PDB:7ZGO""; BINDING 299; /ligand=""K(+)""; /ligand_id=""ChEBI:CHEBI:29103""; /evidence=""ECO:0000269|PubMed:35585053, ECO:0000269|PubMed:36239040, ECO:0000269|PubMed:36306358, ECO:0007744|PDB:7MXO, ECO:0007744|PDB:7S1X, ECO:0007744|PDB:7SMP, ECO:0007744|PDB:7ZGO""; BINDING 300; /ligand=""Na(+)""; /ligand_id=""ChEBI:CHEBI:29101""; /evidence=""ECO:0000269|PubMed:36239040, ECO:0007744|PDB:7ZGO""; BINDING 301; /ligand=""chloride""; /ligand_id=""ChEBI:CHEBI:17996""; /ligand_label=""1""; /evidence=""ECO:0000269|PubMed:36306358, ECO:0007744|PDB:7MXO""; BINDING 302; /ligand=""chloride""; /ligand_id=""ChEBI:CHEBI:17996""; /ligand_label=""1""; /evidence=""ECO:0000269|PubMed:36239040, ECO:0000269|PubMed:36306358, ECO:0007744|PDB:7MXO, ECO:0007744|PDB:7ZGO""; BINDING 303; /ligand=""chloride""; /ligand_id=""ChEBI:CHEBI:17996""; /ligand_label=""1""; /evidence=""ECO:0000269|PubMed:36239040, ECO:0007744|PDB:7ZGO""; BINDING 372; /ligand=""chloride""; /ligand_id=""ChEBI:CHEBI:17996""; /ligand_label=""2""; /evidence=""ECO:0000269|PubMed:35585053, ECO:0007744|PDB:7S1Y""; BINDING 383; /ligand=""K(+)""; /ligand_id=""ChEBI:CHEBI:29103""; /evidence=""ECO:0000269|PubMed:35585053, ECO:0000269|PubMed:36239040, ECO:0000269|PubMed:36306358, ECO:0007744|PDB:7MXO, ECO:0007744|PDB:7S1X, ECO:0007744|PDB:7S1Y, ECO:0007744|PDB:7SMP, ECO:0007744|PDB:7ZGO""; BINDING 496; /ligand=""chloride""; /ligand_id=""ChEBI:CHEBI:17996""; /ligand_label=""1""; /evidence=""ECO:0000269|PubMed:36306358, ECO:0007744|PDB:7MXO""; BINDING 496; /ligand=""K(+)""; /ligand_id=""ChEBI:CHEBI:29103""; /evidence=""ECO:0000269|PubMed:35585053, ECO:0000269|PubMed:36239040, ECO:0000269|PubMed:36306358, ECO:0007744|PDB:7MXO, ECO:0007744|PDB:7S1Y, ECO:0007744|PDB:7SMP, ECO:0007744|PDB:7ZGO""; BINDING 497; /ligand=""chloride""; /ligand_id=""ChEBI:CHEBI:17996""; /ligand_label=""1""; /evidence=""ECO:0000269|PubMed:36239040, ECO:0007744|PDB:7ZGO""; BINDING 497; /ligand=""K(+)""; /ligand_id=""ChEBI:CHEBI:29103""; /evidence=""ECO:0000269|PubMed:35585053, ECO:0000269|PubMed:36239040, ECO:0000269|PubMed:36306358, ECO:0007744|PDB:7S1Y, ECO:0007744|PDB:7SMP, ECO:0007744|PDB:7ZGO""; BINDING 499; /ligand=""K(+)""; /ligand_id=""ChEBI:CHEBI:29103""; /evidence=""ECO:0000269|PubMed:35585053, ECO:0000269|PubMed:36239040, ECO:0000269|PubMed:36306358, ECO:0007744|PDB:7MXO, ECO:0007744|PDB:7S1X, ECO:0007744|PDB:7SMP""; BINDING 500; /ligand=""chloride""; /ligand_id=""ChEBI:CHEBI:17996""; /ligand_label=""2""; /evidence=""ECO:0000269|PubMed:35585053, ECO:0000269|PubMed:36239040, ECO:0007744|PDB:7S1X, ECO:0007744|PDB:7ZGO""; BINDING 501; /ligand=""chloride""; /ligand_id=""ChEBI:CHEBI:17996""; /ligand_label=""2""; /evidence=""ECO:0000269|PubMed:35585053, ECO:0000269|PubMed:36239040, ECO:0007744|PDB:7S1X, ECO:0007744|PDB:7ZGO""; BINDING 610; /ligand=""Na(+)""; /ligand_id=""ChEBI:CHEBI:29101""; /evidence=""ECO:0000269|PubMed:36239040, ECO:0007744|PDB:7ZGO""; BINDING 613; /ligand=""Na(+)""; /ligand_id=""ChEBI:CHEBI:29101""; /evidence=""ECO:0000269|PubMed:36239040, ECO:0007744|PDB:7ZGO""; BINDING 614; /ligand=""Na(+)""; /ligand_id=""ChEBI:CHEBI:29101""; /evidence=""ECO:0000269|PubMed:36239040, ECO:0007744|PDB:7ZGO""; BINDING 682; /ligand=""chloride""; /ligand_id=""ChEBI:CHEBI:17996""; /ligand_label=""2""; /evidence=""ECO:0000269|PubMed:35585053, ECO:0007744|PDB:7S1Y""; BINDING 686; /ligand=""chloride""; /ligand_id=""ChEBI:CHEBI:17996""; /ligand_label=""2""; /evidence=""ECO:0000269|PubMed:35585053, ECO:0000269|PubMed:36239040, ECO:0007744|PDB:7S1X, ECO:0007744|PDB:7S1Y, ECO:0007744|PDB:7ZGO"""			
Q9Y3Z3	SAMHD1 MOP5	Deoxynucleoside triphosphate triphosphohydrolase SAMHD1 (dNTPase) (EC 3.1.5.-) (Dendritic cell-derived IFNG-induced protein) (DCIP) (Monocyte protein 5) (MOP-5) (SAM domain and HD domain-containing protein 1) (hSAMHD1)	626	"DOMAIN 45..110; /note=""SAM""; /evidence=""ECO:0000255|PROSITE-ProRule:PRU00184""; DOMAIN 164..316; /note=""HD""; /evidence=""ECO:0000255|PROSITE-ProRule:PRU01175"""	"BINDING 116; /ligand=""GTP""; /ligand_id=""ChEBI:CHEBI:37565""; /ligand_note=""allosteric activator; ligand shared between 3 neighboring subunits of the tetramer""; /note=""in chain B""; /evidence=""ECO:0000269|PubMed:25267621, ECO:0007744|PDB:4TNP, ECO:0007744|PDB:4TNQ, ECO:0007744|PDB:4TNR, ECO:0007744|PDB:4TNX""; BINDING 117; /ligand=""GTP""; /ligand_id=""ChEBI:CHEBI:37565""; /ligand_note=""allosteric activator; ligand shared between 3 neighboring subunits of the tetramer""; /note=""in chain B""; /evidence=""ECO:0000269|PubMed:25267621, ECO:0007744|PDB:4TNP, ECO:0007744|PDB:4TNQ, ECO:0007744|PDB:4TNR, ECO:0007744|PDB:4TNX""; BINDING 119; /ligand=""dATP""; /ligand_id=""ChEBI:CHEBI:61404""; /ligand_label=""2""; /ligand_note=""allosteric activator; ligand shared between 3 neighboring subunits of the tetramer""; /note=""in chain B""; /evidence=""ECO:0000269|PubMed:25267621, ECO:0007744|PDB:4TNR""; BINDING 119; /ligand=""dCTP""; /ligand_id=""ChEBI:CHEBI:61481""; /ligand_label=""2""; /ligand_note=""allosteric activator; ligand shared between 3 neighboring subunits of the tetramer""; /note=""in chain B""; /evidence=""ECO:0000269|PubMed:25267621, ECO:0007744|PDB:4TNQ""; BINDING 119; /ligand=""dGTP""; /ligand_id=""ChEBI:CHEBI:61429""; /ligand_label=""2""; /ligand_note=""allosteric activator; ligand shared between 3 neighboring subunits of the tetramer""; /note=""in chain B""; /evidence=""ECO:0000269|PubMed:24141705, ECO:0000269|PubMed:25267621, ECO:0007744|PDB:4BZB, ECO:0007744|PDB:4TNX""; BINDING 119; /ligand=""dTTP""; /ligand_id=""ChEBI:CHEBI:37568""; /ligand_label=""2""; /ligand_note=""allosteric activator; ligand shared between 3 neighboring subunits of the tetramer""; /note=""in chain B""; /evidence=""ECO:0000269|PubMed:25267621, ECO:0007744|PDB:4TNQ""; BINDING 137; /ligand=""GTP""; /ligand_id=""ChEBI:CHEBI:37565""; /ligand_note=""allosteric activator; ligand shared between 3 neighboring subunits of the tetramer""; /note=""in chain B""; /evidence=""ECO:0000269|PubMed:25267621, ECO:0007744|PDB:4TNP, ECO:0007744|PDB:4TNQ, ECO:0007744|PDB:4TNR, ECO:0007744|PDB:4TNX""; BINDING 142; /ligand=""GTP""; /ligand_id=""ChEBI:CHEBI:37565""; /ligand_note=""allosteric activator; ligand shared between 3 neighboring subunits of the tetramer""; /note=""in chain B""; /evidence=""ECO:0000269|PubMed:25267621, ECO:0007744|PDB:4TNP, ECO:0007744|PDB:4TNQ, ECO:0007744|PDB:4TNR, ECO:0007744|PDB:4TNX""; BINDING 145; /ligand=""GTP""; /ligand_id=""ChEBI:CHEBI:37565""; /ligand_note=""allosteric activator; ligand shared between 3 neighboring subunits of the tetramer""; /note=""in chain B""; /evidence=""ECO:0000269|PubMed:25267621, ECO:0007744|PDB:4TNP, ECO:0007744|PDB:4TNQ, ECO:0007744|PDB:4TNR, ECO:0007744|PDB:4TNX""; BINDING 149; /ligand=""dATP""; /ligand_id=""ChEBI:CHEBI:61404""; /ligand_label=""1""; /ligand_note=""substrate""; /evidence=""ECO:0000269|PubMed:25267621, ECO:0007744|PDB:4TNR""; BINDING 149; /ligand=""dCTP""; /ligand_id=""ChEBI:CHEBI:61481""; /ligand_label=""1""; /ligand_note=""substrate""; /evidence=""ECO:0000269|PubMed:25267621, ECO:0007744|PDB:4TNP""; BINDING 149; /ligand=""dGTP""; /ligand_id=""ChEBI:CHEBI:61429""; /ligand_label=""1""; /ligand_note=""substrate""; /evidence=""ECO:0000269|PubMed:24141705, ECO:0007744|PDB:4BZB""; BINDING 149; /ligand=""dTTP""; /ligand_id=""ChEBI:CHEBI:37568""; /ligand_label=""1""; /ligand_note=""substrate""; /evidence=""ECO:0000269|PubMed:25267621, ECO:0007744|PDB:4TNQ""; BINDING 150; /ligand=""dGTP""; /ligand_id=""ChEBI:CHEBI:61429""; /ligand_label=""1""; /ligand_note=""substrate""; /evidence=""ECO:0000269|PubMed:24141705, ECO:0007744|PDB:4BZB""; BINDING 156; /ligand=""dATP""; /ligand_id=""ChEBI:CHEBI:61404""; /ligand_label=""2""; /ligand_note=""allosteric activator; ligand shared between 3 neighboring subunits of the tetramer""; /note=""in chain C""; /evidence=""ECO:0000269|PubMed:25267621, ECO:0007744|PDB:4TNR""; BINDING 156; /ligand=""dCTP""; /ligand_id=""ChEBI:CHEBI:61481""; /ligand_label=""2""; /ligand_note=""allosteric activator; ligand shared between 3 neighboring subunits of the tetramer""; /note=""in chain C""; /evidence=""ECO:0000269|PubMed:25267621, ECO:0007744|PDB:4TNQ""; BINDING 156; /ligand=""dGTP""; /ligand_id=""ChEBI:CHEBI:61429""; /ligand_label=""2""; /ligand_note=""allosteric activator; ligand shared between 3 neighboring subunits of the tetramer""; /note=""in chain C""; /evidence=""ECO:0000269|PubMed:24141705, ECO:0000269|PubMed:25267621, ECO:0007744|PDB:4BZB, ECO:0007744|PDB:4TNX""; BINDING 156; /ligand=""dTTP""; /ligand_id=""ChEBI:CHEBI:37568""; /ligand_label=""2""; /ligand_note=""allosteric activator; ligand shared between 3 neighboring subunits of the tetramer""; /note=""in chain C""; /evidence=""ECO:0000269|PubMed:25267621, ECO:0007744|PDB:4TNQ""; BINDING 164; /ligand=""dATP""; /ligand_id=""ChEBI:CHEBI:61404""; /ligand_label=""1""; /ligand_note=""substrate""; /evidence=""ECO:0000269|PubMed:25267621, ECO:0007744|PDB:4TNR""; BINDING 164; /ligand=""dCTP""; /ligand_id=""ChEBI:CHEBI:61481""; /ligand_label=""1""; /ligand_note=""substrate""; /evidence=""ECO:0000269|PubMed:25267621, ECO:0007744|PDB:4TNP""; BINDING 164; /ligand=""dGTP""; /ligand_id=""ChEBI:CHEBI:61429""; /ligand_label=""1""; /ligand_note=""substrate""; /evidence=""ECO:0000269|PubMed:24141705, ECO:0007744|PDB:4BZB""; BINDING 164; /ligand=""dTTP""; /ligand_id=""ChEBI:CHEBI:37568""; /ligand_label=""1""; /ligand_note=""substrate""; /evidence=""ECO:0000269|PubMed:25267621, ECO:0007744|PDB:4TNQ""; BINDING 167; /ligand=""Mn(2+)""; /ligand_id=""ChEBI:CHEBI:29035""; /evidence=""ECO:0000269|PubMed:24141705, ECO:0007744|PDB:4BZB""; BINDING 206; /ligand=""Mn(2+)""; /ligand_id=""ChEBI:CHEBI:29035""; /evidence=""ECO:0000269|PubMed:24141705, ECO:0007744|PDB:4BZB""; BINDING 207; /ligand=""Mn(2+)""; /ligand_id=""ChEBI:CHEBI:29035""; /evidence=""ECO:0000269|PubMed:24141705, ECO:0007744|PDB:4BZB""; BINDING 210; /ligand=""dATP""; /ligand_id=""ChEBI:CHEBI:61404""; /ligand_label=""1""; /ligand_note=""substrate""; /evidence=""ECO:0000269|PubMed:25267621, ECO:0007744|PDB:4TNR""; BINDING 210; /ligand=""dCTP""; /ligand_id=""ChEBI:CHEBI:61481""; /ligand_label=""1""; /ligand_note=""substrate""; /evidence=""ECO:0000269|PubMed:25267621, ECO:0007744|PDB:4TNP""; BINDING 210; /ligand=""dTTP""; /ligand_id=""ChEBI:CHEBI:37568""; /ligand_label=""1""; /ligand_note=""substrate""; /evidence=""ECO:0000269|PubMed:25267621, ECO:0007744|PDB:4TNQ""; BINDING 215; /ligand=""dATP""; /ligand_id=""ChEBI:CHEBI:61404""; /ligand_label=""1""; /ligand_note=""substrate""; /evidence=""ECO:0000269|PubMed:25267621, ECO:0007744|PDB:4TNR""; BINDING 215; /ligand=""dCTP""; /ligand_id=""ChEBI:CHEBI:61481""; /ligand_label=""1""; /ligand_note=""substrate""; /evidence=""ECO:0000269|PubMed:25267621, ECO:0007744|PDB:4TNP""; BINDING 215; /ligand=""dTTP""; /ligand_id=""ChEBI:CHEBI:37568""; /ligand_label=""1""; /ligand_note=""substrate""; /evidence=""ECO:0000269|PubMed:25267621, ECO:0007744|PDB:4TNQ""; BINDING 311; /ligand=""Mn(2+)""; /ligand_id=""ChEBI:CHEBI:29035""; /evidence=""ECO:0000269|PubMed:24141705, ECO:0007744|PDB:4BZB""; BINDING 312; /ligand=""dATP""; /ligand_id=""ChEBI:CHEBI:61404""; /ligand_label=""1""; /ligand_note=""substrate""; /evidence=""ECO:0000269|PubMed:25267621, ECO:0007744|PDB:4TNR""; BINDING 312; /ligand=""dCTP""; /ligand_id=""ChEBI:CHEBI:61481""; /ligand_label=""1""; /ligand_note=""substrate""; /evidence=""ECO:0000269|PubMed:25267621, ECO:0007744|PDB:4TNP""; BINDING 312; /ligand=""dGTP""; /ligand_id=""ChEBI:CHEBI:61429""; /ligand_label=""1""; /ligand_note=""substrate""; /evidence=""ECO:0000269|PubMed:24141705, ECO:0007744|PDB:4BZB""; BINDING 312; /ligand=""dTTP""; /ligand_id=""ChEBI:CHEBI:37568""; /ligand_label=""1""; /ligand_note=""substrate""; /evidence=""ECO:0000269|PubMed:25267621, ECO:0007744|PDB:4TNQ""; BINDING 315; /ligand=""dATP""; /ligand_id=""ChEBI:CHEBI:61404""; /ligand_label=""1""; /ligand_note=""substrate""; /evidence=""ECO:0000269|PubMed:25267621, ECO:0007744|PDB:4TNR""; BINDING 315; /ligand=""dCTP""; /ligand_id=""ChEBI:CHEBI:61481""; /ligand_label=""1""; /ligand_note=""substrate""; /evidence=""ECO:0000269|PubMed:25267621, ECO:0007744|PDB:4TNP""; BINDING 315; /ligand=""dGTP""; /ligand_id=""ChEBI:CHEBI:61429""; /ligand_label=""1""; /ligand_note=""substrate""; /evidence=""ECO:0000269|PubMed:24141705, ECO:0007744|PDB:4BZB""; BINDING 315; /ligand=""dTTP""; /ligand_id=""ChEBI:CHEBI:37568""; /ligand_label=""1""; /ligand_note=""substrate""; /evidence=""ECO:0000269|PubMed:25267621, ECO:0007744|PDB:4TNQ""; BINDING 319; /ligand=""dATP""; /ligand_id=""ChEBI:CHEBI:61404""; /ligand_label=""1""; /ligand_note=""substrate""; /evidence=""ECO:0000269|PubMed:25267621, ECO:0007744|PDB:4TNR""; BINDING 319; /ligand=""dCTP""; /ligand_id=""ChEBI:CHEBI:61481""; /ligand_label=""1""; /ligand_note=""substrate""; /evidence=""ECO:0000269|PubMed:25267621, ECO:0007744|PDB:4TNP""; BINDING 319; /ligand=""dGTP""; /ligand_id=""ChEBI:CHEBI:61429""; /ligand_label=""1""; /ligand_note=""substrate""; /evidence=""ECO:0000269|PubMed:24141705, ECO:0007744|PDB:4BZB""; BINDING 319; /ligand=""dTTP""; /ligand_id=""ChEBI:CHEBI:37568""; /ligand_label=""1""; /ligand_note=""substrate""; /evidence=""ECO:0000269|PubMed:25267621, ECO:0007744|PDB:4TNQ""; BINDING 333; /ligand=""dATP""; /ligand_id=""ChEBI:CHEBI:61404""; /ligand_label=""2""; /ligand_note=""allosteric activator; ligand shared between 3 neighboring subunits of the tetramer""; /note=""in chain A""; /evidence=""ECO:0000269|PubMed:25267621, ECO:0007744|PDB:4TNR""; BINDING 333; /ligand=""dCTP""; /ligand_id=""ChEBI:CHEBI:61481""; /ligand_label=""2""; /ligand_note=""allosteric activator; ligand shared between 3 neighboring subunits of the tetramer""; /note=""in chain A""; /evidence=""ECO:0000269|PubMed:25267621, ECO:0007744|PDB:4TNQ""; BINDING 333; /ligand=""dGTP""; /ligand_id=""ChEBI:CHEBI:61429""; /ligand_label=""2""; /ligand_note=""allosteric activator; ligand shared between 3 neighboring subunits of the tetramer""; /note=""in chain A""; /evidence=""ECO:0000269|PubMed:24141705, ECO:0000269|PubMed:25267621, ECO:0007744|PDB:4BZB, ECO:0007744|PDB:4TNX""; BINDING 333; /ligand=""dTTP""; /ligand_id=""ChEBI:CHEBI:37568""; /ligand_label=""2""; /ligand_note=""allosteric activator; ligand shared between 3 neighboring subunits of the tetramer""; /note=""in chain A""; /evidence=""ECO:0000269|PubMed:25267621, ECO:0007744|PDB:4TNQ""; BINDING 352; /ligand=""dATP""; /ligand_id=""ChEBI:CHEBI:61404""; /ligand_label=""2""; /ligand_note=""allosteric activator; ligand shared between 3 neighboring subunits of the tetramer""; /note=""in chain A""; /evidence=""ECO:0000269|PubMed:25267621, ECO:0007744|PDB:4TNR""; BINDING 352; /ligand=""dCTP""; /ligand_id=""ChEBI:CHEBI:61481""; /ligand_label=""2""; /ligand_note=""allosteric activator; ligand shared between 3 neighboring subunits of the tetramer""; /note=""in chain A""; /evidence=""ECO:0000269|PubMed:25267621, ECO:0007744|PDB:4TNQ""; BINDING 352; /ligand=""dGTP""; /ligand_id=""ChEBI:CHEBI:61429""; /ligand_label=""2""; /ligand_note=""allosteric activator; ligand shared between 3 neighboring subunits of the tetramer""; /note=""in chain A""; /evidence=""ECO:0000269|PubMed:24141705, ECO:0000269|PubMed:25267621, ECO:0007744|PDB:4BZB, ECO:0007744|PDB:4TNX""; BINDING 352; /ligand=""dTTP""; /ligand_id=""ChEBI:CHEBI:37568""; /ligand_label=""2""; /ligand_note=""allosteric activator; ligand shared between 3 neighboring subunits of the tetramer""; /note=""in chain A""; /evidence=""ECO:0000269|PubMed:25267621, ECO:0007744|PDB:4TNQ""; BINDING 354; /ligand=""dATP""; /ligand_id=""ChEBI:CHEBI:61404""; /ligand_label=""2""; /ligand_note=""allosteric activator; ligand shared between 3 neighboring subunits of the tetramer""; /note=""in chain A""; /evidence=""ECO:0000269|PubMed:25267621, ECO:0007744|PDB:4TNR""; BINDING 354; /ligand=""dCTP""; /ligand_id=""ChEBI:CHEBI:61481""; /ligand_label=""2""; /ligand_note=""allosteric activator; ligand shared between 3 neighboring subunits of the tetramer""; /note=""in chain A""; /evidence=""ECO:0000269|PubMed:25267621, ECO:0007744|PDB:4TNQ""; BINDING 354; /ligand=""dGTP""; /ligand_id=""ChEBI:CHEBI:61429""; /ligand_label=""2""; /ligand_note=""allosteric activator; ligand shared between 3 neighboring subunits of the tetramer""; /note=""in chain A""; /evidence=""ECO:0000269|PubMed:24141705, ECO:0000269|PubMed:25267621, ECO:0007744|PDB:4BZB, ECO:0007744|PDB:4TNX""; BINDING 354; /ligand=""dTTP""; /ligand_id=""ChEBI:CHEBI:37568""; /ligand_label=""2""; /ligand_note=""allosteric activator; ligand shared between 3 neighboring subunits of the tetramer""; /note=""in chain A""; /evidence=""ECO:0000269|PubMed:25267621, ECO:0007744|PDB:4TNQ""; BINDING 358; /ligand=""dATP""; /ligand_id=""ChEBI:CHEBI:61404""; /ligand_label=""2""; /ligand_note=""allosteric activator; ligand shared between 3 neighboring subunits of the tetramer""; /note=""in chain A""; /evidence=""ECO:0000269|PubMed:25267621, ECO:0007744|PDB:4TNR""; BINDING 358; /ligand=""dGTP""; /ligand_id=""ChEBI:CHEBI:61429""; /ligand_label=""2""; /ligand_note=""allosteric activator; ligand shared between 3 neighboring subunits of the tetramer""; /note=""in chain A""; /evidence=""ECO:0000269|PubMed:24141705, ECO:0000269|PubMed:25267621, ECO:0007744|PDB:4BZB, ECO:0007744|PDB:4TNX""; BINDING 366; /ligand=""dATP""; /ligand_id=""ChEBI:CHEBI:61404""; /ligand_label=""1""; /ligand_note=""substrate""; /evidence=""ECO:0000269|PubMed:25267621, ECO:0007744|PDB:4TNR""; BINDING 366; /ligand=""dCTP""; /ligand_id=""ChEBI:CHEBI:61481""; /ligand_label=""1""; /ligand_note=""substrate""; /evidence=""ECO:0000269|PubMed:25267621, ECO:0007744|PDB:4TNP""; BINDING 366; /ligand=""dGTP""; /ligand_id=""ChEBI:CHEBI:61429""; /ligand_label=""1""; /ligand_note=""substrate""; /evidence=""ECO:0000269|PubMed:24141705, ECO:0007744|PDB:4BZB""; BINDING 372; /ligand=""dCTP""; /ligand_id=""ChEBI:CHEBI:61481""; /ligand_label=""2""; /ligand_note=""allosteric activator; ligand shared between 3 neighboring subunits of the tetramer""; /note=""in chain C""; /evidence=""ECO:0000269|PubMed:25267621, ECO:0007744|PDB:4TNQ""; BINDING 374; /ligand=""dGTP""; /ligand_id=""ChEBI:CHEBI:61429""; /ligand_label=""1""; /ligand_note=""substrate""; /evidence=""ECO:0000269|PubMed:24141705, ECO:0007744|PDB:4BZB""; BINDING 375; /ligand=""dATP""; /ligand_id=""ChEBI:CHEBI:61404""; /ligand_label=""1""; /ligand_note=""substrate""; /evidence=""ECO:0000269|PubMed:25267621, ECO:0007744|PDB:4TNR""; BINDING 375; /ligand=""dCTP""; /ligand_id=""ChEBI:CHEBI:61481""; /ligand_label=""1""; /ligand_note=""substrate""; /evidence=""ECO:0000269|PubMed:25267621, ECO:0007744|PDB:4TNP""; BINDING 375; /ligand=""dGTP""; /ligand_id=""ChEBI:CHEBI:61429""; /ligand_label=""1""; /ligand_note=""substrate""; /evidence=""ECO:0000269|PubMed:24141705, ECO:0007744|PDB:4BZB""; BINDING 375; /ligand=""dTTP""; /ligand_id=""ChEBI:CHEBI:37568""; /ligand_label=""1""; /ligand_note=""substrate""; /evidence=""ECO:0000269|PubMed:25267621, ECO:0007744|PDB:4TNQ""; BINDING 376; /ligand=""dATP""; /ligand_id=""ChEBI:CHEBI:61404""; /ligand_label=""2""; /ligand_note=""allosteric activator; ligand shared between 3 neighboring subunits of the tetramer""; /note=""in chain C""; /evidence=""ECO:0000269|PubMed:25267621, ECO:0007744|PDB:4TNR""; BINDING 376; /ligand=""dCTP""; /ligand_id=""ChEBI:CHEBI:61481""; /ligand_label=""2""; /ligand_note=""allosteric activator; ligand shared between 3 neighboring subunits of the tetramer""; /note=""in chain C""; /evidence=""ECO:0000269|PubMed:25267621, ECO:0007744|PDB:4TNQ""; BINDING 376; /ligand=""dGTP""; /ligand_id=""ChEBI:CHEBI:61429""; /ligand_label=""2""; /ligand_note=""allosteric activator; ligand shared between 3 neighboring subunits of the tetramer""; /note=""in chain C""; /evidence=""ECO:0000269|PubMed:24141705, ECO:0000269|PubMed:25267621, ECO:0007744|PDB:4BZB, ECO:0007744|PDB:4TNX""; BINDING 376; /ligand=""dTTP""; /ligand_id=""ChEBI:CHEBI:37568""; /ligand_label=""2""; /ligand_note=""allosteric activator; ligand shared between 3 neighboring subunits of the tetramer""; /note=""in chain C""; /evidence=""ECO:0000269|PubMed:25267621, ECO:0007744|PDB:4TNQ""; BINDING 377; /ligand=""dATP""; /ligand_id=""ChEBI:CHEBI:61404""; /ligand_label=""2""; /ligand_note=""allosteric activator; ligand shared between 3 neighboring subunits of the tetramer""; /note=""in chain C""; /evidence=""ECO:0000269|PubMed:25267621, ECO:0007744|PDB:4TNR""; BINDING 377; /ligand=""dCTP""; /ligand_id=""ChEBI:CHEBI:61481""; /ligand_label=""2""; /ligand_note=""allosteric activator; ligand shared between 3 neighboring subunits of the tetramer""; /note=""in chain C""; /evidence=""ECO:0000269|PubMed:25267621, ECO:0007744|PDB:4TNQ""; BINDING 377; /ligand=""dGTP""; /ligand_id=""ChEBI:CHEBI:61429""; /ligand_label=""2""; /ligand_note=""allosteric activator; ligand shared between 3 neighboring subunits of the tetramer""; /note=""in chain C""; /evidence=""ECO:0000269|PubMed:24141705, ECO:0000269|PubMed:25267621, ECO:0007744|PDB:4BZB, ECO:0007744|PDB:4TNX""; BINDING 377; /ligand=""dTTP""; /ligand_id=""ChEBI:CHEBI:37568""; /ligand_label=""2""; /ligand_note=""allosteric activator; ligand shared between 3 neighboring subunits of the tetramer""; /note=""in chain C""; /evidence=""ECO:0000269|PubMed:25267621, ECO:0007744|PDB:4TNQ""; BINDING 451; /ligand=""GTP""; /ligand_id=""ChEBI:CHEBI:37565""; /ligand_note=""allosteric activator; ligand shared between 3 neighboring subunits of the tetramer""; /note=""in chain C""; /evidence=""ECO:0000269|PubMed:25267621, ECO:0007744|PDB:4TNP, ECO:0007744|PDB:4TNQ, ECO:0007744|PDB:4TNR, ECO:0007744|PDB:4TNX""; BINDING 455; /ligand=""GTP""; /ligand_id=""ChEBI:CHEBI:37565""; /ligand_note=""allosteric activator; ligand shared between 3 neighboring subunits of the tetramer""; /note=""in chain C""; /evidence=""ECO:0000269|PubMed:25267621, ECO:0007744|PDB:4TNP, ECO:0007744|PDB:4TNQ, ECO:0007744|PDB:4TNR, ECO:0007744|PDB:4TNX""; BINDING 523; /ligand=""dATP""; /ligand_id=""ChEBI:CHEBI:61404""; /ligand_label=""2""; /ligand_note=""allosteric activator; ligand shared between 3 neighboring subunits of the tetramer""; /note=""in chain A""; /evidence=""ECO:0000269|PubMed:25267621, ECO:0007744|PDB:4TNR""; BINDING 523; /ligand=""dCTP""; /ligand_id=""ChEBI:CHEBI:61481""; /ligand_label=""2""; /ligand_note=""allosteric activator; ligand shared between 3 neighboring subunits of the tetramer""; /note=""in chain A""; /evidence=""ECO:0000269|PubMed:25267621, ECO:0007744|PDB:4TNQ""; BINDING 523; /ligand=""dGTP""; /ligand_id=""ChEBI:CHEBI:61429""; /ligand_label=""2""; /ligand_note=""allosteric activator; ligand shared between 3 neighboring subunits of the tetramer""; /note=""in chain A""; /evidence=""ECO:0000269|PubMed:24141705, ECO:0000269|PubMed:25267621, ECO:0007744|PDB:4BZB, ECO:0007744|PDB:4TNX""; BINDING 523; /ligand=""dTTP""; /ligand_id=""ChEBI:CHEBI:37568""; /ligand_label=""2""; /ligand_note=""allosteric activator; ligand shared between 3 neighboring subunits of the tetramer""; /note=""in chain A""; /evidence=""ECO:0000269|PubMed:25267621, ECO:0007744|PDB:4TNQ""; BINDING 523; /ligand=""GTP""; /ligand_id=""ChEBI:CHEBI:37565""; /ligand_note=""allosteric activator; ligand shared between 3 neighboring subunits of the tetramer""; /note=""in chain A""; /evidence=""ECO:0000269|PubMed:25267621, ECO:0007744|PDB:4TNP, ECO:0007744|PDB:4TNQ, ECO:0007744|PDB:4TNR, ECO:0007744|PDB:4TNX"""	"ACT_SITE 233; /evidence=""ECO:0000305|PubMed:22056990"""		
Q6PGP7	SKIC3 KIAA0372 TTC37	Superkiller complex protein 3 (Ski3) (Tetratricopeptide repeat protein 37) (TPR repeat protein 37) (Tricho-hepatic-enteric syndrome protein) (Thespin)	1564				"REPEAT 6..39; /note=""TPR 1""; REPEAT 40..73; /note=""TPR 2""; REPEAT 272..305; /note=""TPR 3""; REPEAT 307..339; /note=""TPR 4""; REPEAT 386..419; /note=""TPR 5""; REPEAT 420..453; /note=""TPR 6""; REPEAT 455..492; /note=""TPR 7""; REPEAT 493..527; /note=""TPR 8""; REPEAT 564..597; /note=""TPR 9""; REPEAT 598..631; /note=""TPR 10""; REPEAT 633..665; /note=""TPR 11""; REPEAT 679..713; /note=""TPR 12""; REPEAT 790..824; /note=""TPR 13""; REPEAT 826..860; /note=""TPR 14""; REPEAT 861..894; /note=""TPR 15""; REPEAT 980..1013; /note=""TPR 16""; REPEAT 1020..1054; /note=""TPR 17""; REPEAT 1056..1084; /note=""TPR 18""; REPEAT 1326..1359; /note=""TPR 19""; REPEAT 1400..1433; /note=""TPR 20"""	
P41440	SLC19A1 FLOT1 RFC1	Reduced folate transporter (FOLT) (Cyclic dinucleotide:anion antiporter SLC19A1) (Folate:anion antiporter SLC19A1) (Intestinal folate carrier 1) (IFC-1) (Placental folate transporter) (Reduced folate carrier protein) (RFC) (hRFC) (Reduced folate transporter 1) (RFT-1) (Solute carrier family 19 member 1) (hSLC19A1)	591		"BINDING 48; /ligand=""folate""; /ligand_id=""ChEBI:CHEBI:62501""; /evidence=""ECO:0000269|PubMed:36071163, ECO:0000269|PubMed:36575193, ECO:0007744|PDB:8GOE, ECO:0007744|PDB:8HIJ""; BINDING 49; /ligand=""folate""; /ligand_id=""ChEBI:CHEBI:62501""; /evidence=""ECO:0000269|PubMed:36071163, ECO:0000269|PubMed:36575193, ECO:0007744|PDB:8GOE, ECO:0007744|PDB:8HIJ""; BINDING 123; /ligand=""folate""; /ligand_id=""ChEBI:CHEBI:62501""; /evidence=""ECO:0000269|PubMed:36071163, ECO:0000269|PubMed:36575193, ECO:0007744|PDB:8GOE, ECO:0007744|PDB:8HIJ""; BINDING 133; /ligand=""2',3'-cGAMP""; /ligand_id=""ChEBI:CHEBI:143093""; /evidence=""ECO:0000269|PubMed:36265513, ECO:0007744|PDB:7XQ2""; BINDING 133; /ligand=""folate""; /ligand_id=""ChEBI:CHEBI:62501""; /evidence=""ECO:0000269|PubMed:36071163, ECO:0000269|PubMed:36575193, ECO:0007744|PDB:8GOE, ECO:0007744|PDB:8HIJ""; BINDING 134; /ligand=""2',3'-cGAMP""; /ligand_id=""ChEBI:CHEBI:143093""; /evidence=""ECO:0000269|PubMed:36265513, ECO:0007744|PDB:7XQ2""; BINDING 137; /ligand=""2',3'-cGAMP""; /ligand_id=""ChEBI:CHEBI:143093""; /evidence=""ECO:0000269|PubMed:36265513, ECO:0007744|PDB:7XQ2""; BINDING 149; /ligand=""2',3'-cGAMP""; /ligand_id=""ChEBI:CHEBI:143093""; /evidence=""ECO:0000269|PubMed:36265513, ECO:0007744|PDB:7XQ2""; BINDING 157; /ligand=""2',3'-cGAMP""; /ligand_id=""ChEBI:CHEBI:143093""; /evidence=""ECO:0000269|PubMed:36265513, ECO:0007744|PDB:7XQ2""; BINDING 164; /ligand=""folate""; /ligand_id=""ChEBI:CHEBI:62501""; /evidence=""ECO:0000269|PubMed:36071163, ECO:0000269|PubMed:36575193, ECO:0007744|PDB:8GOE, ECO:0007744|PDB:8HIJ""; BINDING 281; /ligand=""folate""; /ligand_id=""ChEBI:CHEBI:62501""; /evidence=""ECO:0000269|PubMed:36071163, ECO:0000269|PubMed:36575193, ECO:0007744|PDB:8GOE, ECO:0007744|PDB:8HIJ""; BINDING 282; /ligand=""2',3'-cGAMP""; /ligand_id=""ChEBI:CHEBI:143093""; /evidence=""ECO:0000269|PubMed:36265513, ECO:0007744|PDB:7XQ2""; BINDING 282; /ligand=""folate""; /ligand_id=""ChEBI:CHEBI:62501""; /evidence=""ECO:0000269|PubMed:36071163, ECO:0000269|PubMed:36575193, ECO:0007744|PDB:8GOE, ECO:0007744|PDB:8HIJ""; BINDING 286; /ligand=""folate""; /ligand_id=""ChEBI:CHEBI:62501""; /evidence=""ECO:0000269|PubMed:36071163, ECO:0000269|PubMed:36575193, ECO:0007744|PDB:8GOE, ECO:0007744|PDB:8HIJ""; BINDING 321; /ligand=""2',3'-cGAMP""; /ligand_id=""ChEBI:CHEBI:143093""; /evidence=""ECO:0000269|PubMed:36265513, ECO:0007744|PDB:7XQ2""; BINDING 373; /ligand=""folate""; /ligand_id=""ChEBI:CHEBI:62501""; /evidence=""ECO:0000269|PubMed:36071163, ECO:0000269|PubMed:36575193, ECO:0007744|PDB:8GOE, ECO:0007744|PDB:8HIJ""; BINDING 377; /ligand=""2',3'-cGAMP""; /ligand_id=""ChEBI:CHEBI:143093""; /evidence=""ECO:0000269|PubMed:36265513, ECO:0007744|PDB:7XQ2""; BINDING 377; /ligand=""folate""; /ligand_id=""ChEBI:CHEBI:62501""; /evidence=""ECO:0000269|PubMed:36071163, ECO:0000269|PubMed:36575193, ECO:0007744|PDB:8GOE, ECO:0007744|PDB:8HIJ""; BINDING 381; /ligand=""2',3'-cGAMP""; /ligand_id=""ChEBI:CHEBI:143093""; /evidence=""ECO:0000269|PubMed:36265513, ECO:0007744|PDB:7XQ2""; BINDING 384; /ligand=""2',3'-cGAMP""; /ligand_id=""ChEBI:CHEBI:143093""; /evidence=""ECO:0000269|PubMed:36265513, ECO:0007744|PDB:7XQ2""; BINDING 393; /ligand=""2',3'-cGAMP""; /ligand_id=""ChEBI:CHEBI:143093""; /evidence=""ECO:0000269|PubMed:36265513, ECO:0007744|PDB:7XQ2""; BINDING 396; /ligand=""2',3'-cGAMP""; /ligand_id=""ChEBI:CHEBI:143093""; /evidence=""ECO:0000269|PubMed:36265513, ECO:0007744|PDB:7XQ2""; BINDING 400; /ligand=""2',3'-cGAMP""; /ligand_id=""ChEBI:CHEBI:143093""; /evidence=""ECO:0000269|PubMed:36265513, ECO:0007744|PDB:7XQ2"""			
Q9BYW1	SLC2A11 GLUT11	Solute carrier family 2, facilitated glucose transporter member 11 (Glucose transporter type 11) (GLUT-11)	496					
O14828	SCAMP3 C1orf3 PROPIN1	Secretory carrier-associated membrane protein 3 (Secretory carrier membrane protein 3)	347					
Q86V20	SHLD2 FAM35A RINN2	Shieldin complex subunit 2 (Protein FAM35A) (RINN1-REV7-interacting novel NHEJ regulator 2) (Shield complex subunit 2)	835					
P35237	SERPINB6 PI6 PTI	Serpin B6 (Cytoplasmic antiproteinase) (CAP) (Peptidase inhibitor 6) (PI-6) (Placental thrombin inhibitor)	376					
Q8N8R3	SLC25A29 C14orf69 ORNT3	Mitochondrial basic amino acids transporter (Carnitine/acylcarnitine translocase-like) (CACT-like) (Mitochondrial carnitine/acylcarnitine carrier protein CACL) (Mitochondrial ornithine transporter 3) (Solute carrier family 25 member 29)	303				"REPEAT 2..86; /note=""Solcar 1""; REPEAT 90..178; /note=""Solcar 2""; REPEAT 185..275; /note=""Solcar 3"""	
O95197	RTN3 ASYIP NSPL2	Reticulon-3 (Homolog of ASY protein) (HAP) (Neuroendocrine-specific protein-like 2) (NSP-like protein 2) (Neuroendocrine-specific protein-like II) (NSP-like protein II) (NSPLII)	1032	"DOMAIN 844..1032; /note=""Reticulon""; /evidence=""ECO:0000255|PROSITE-ProRule:PRU00170"""				
Q86UC2	RSPH3 RSHL2 RSP3	Radial spoke head protein 3 homolog (A-kinase anchor protein RSPH3) (Radial spoke head-like protein 2)	560					
Q12872	SFSWAP SFRS8 SWAP	Splicing factor, suppressor of white-apricot homolog (Splicing factor, arginine/serine-rich 8) (Suppressor of white apricot protein homolog)	951				"REPEAT 211..253; /note=""SURP motif 1""; REPEAT 459..499; /note=""SURP motif 2"""	
Q96T51	RUFY1 RABIP4 ZFYVE12	RUN and FYVE domain-containing protein 1 (FYVE-finger protein EIP1) (La-binding protein 1) (Rab4-interacting protein) (Zinc finger FYVE domain-containing protein 12)	708	"DOMAIN 139..271; /note=""RUN""; /evidence=""ECO:0000255|PROSITE-ProRule:PRU00178"""	"BINDING 648; /ligand=""Zn(2+)""; /ligand_id=""ChEBI:CHEBI:29105""; /ligand_label=""1""; /evidence=""ECO:0000255|PROSITE-ProRule:PRU00091""; BINDING 651; /ligand=""Zn(2+)""; /ligand_id=""ChEBI:CHEBI:29105""; /ligand_label=""1""; /evidence=""ECO:0000255|PROSITE-ProRule:PRU00091""; BINDING 664; /ligand=""Zn(2+)""; /ligand_id=""ChEBI:CHEBI:29105""; /ligand_label=""2""; /evidence=""ECO:0000255|PROSITE-ProRule:PRU00091""; BINDING 667; /ligand=""Zn(2+)""; /ligand_id=""ChEBI:CHEBI:29105""; /ligand_label=""2""; /evidence=""ECO:0000255|PROSITE-ProRule:PRU00091""; BINDING 672; /ligand=""Zn(2+)""; /ligand_id=""ChEBI:CHEBI:29105""; /ligand_label=""1""; /evidence=""ECO:0000255|PROSITE-ProRule:PRU00091""; BINDING 675; /ligand=""Zn(2+)""; /ligand_id=""ChEBI:CHEBI:29105""; /ligand_label=""1""; /evidence=""ECO:0000255|PROSITE-ProRule:PRU00091""; BINDING 692; /ligand=""Zn(2+)""; /ligand_id=""ChEBI:CHEBI:29105""; /ligand_label=""2""; /evidence=""ECO:0000255|PROSITE-ProRule:PRU00091""; BINDING 695; /ligand=""Zn(2+)""; /ligand_id=""ChEBI:CHEBI:29105""; /ligand_label=""2""; /evidence=""ECO:0000255|PROSITE-ProRule:PRU00091"""			"ZN_FING 642..700; /note=""FYVE-type""; /evidence=""ECO:0000255|PROSITE-ProRule:PRU00091"""
Q9NVD3	SETD4 C21orf18 C21orf27	SET domain-containing protein 4 (EC 2.1.1.-) (EC 2.1.1.364)	440	"DOMAIN 48..273; /note=""SET""; /evidence=""ECO:0000255|PROSITE-ProRule:PRU00190"""	"BINDING 272; /ligand=""S-adenosyl-L-methionine""; /ligand_id=""ChEBI:CHEBI:59789""; /evidence=""ECO:0000255|PROSITE-ProRule:PRU00190"""			
O75326	SEMA7A CD108 SEMAL	Semaphorin-7A (CDw108) (JMH blood group antigen) (John-Milton-Hargen human blood group Ag) (Semaphorin-K1) (Sema K1) (Semaphorin-L) (Sema L) (CD antigen CD108)	666	"DOMAIN 53..490; /note=""Sema""; /evidence=""ECO:0000255|PROSITE-ProRule:PRU00352""; DOMAIN 544..629; /note=""Ig-like C2-type"""				
P14678	SNRPB COD SNRPB1	Small nuclear ribonucleoprotein-associated proteins B and B' (snRNP-B) (Sm protein B/B') (Sm-B/B') (SmB/B')	240	"DOMAIN 4..86; /note=""Sm""; /evidence=""ECO:0000255|PROSITE-ProRule:PRU01346"""			REPEAT 175..181; REPEAT 191..196; REPEAT 216..221; REPEAT 222..228; REPEAT 230..236	
O95104	SCAF4 KIAA1172 SFRS15	SR-related and CTD-associated factor 4 (CTD-binding SR-like protein RA4) (Splicing factor, arginine/serine-rich 15)	1147	"DOMAIN 1..139; /note=""CID""; /evidence=""ECO:0000255|PROSITE-ProRule:PRU00724""; DOMAIN 508..582; /note=""RRM""; /evidence=""ECO:0000255|PROSITE-ProRule:PRU00176"""				
Q15796	SMAD2 MADH2 MADR2	SMAD family member 2 (SMAD 2) (hSMAD2) (JV18-1) (Mad-related protein 2) (hMAD-2) (Mothers against decapentaplegic homolog 2) (MAD homolog 2) (Mothers against DPP homolog 2)	467	"DOMAIN 10..176; /note=""MH1""; /evidence=""ECO:0000255|PROSITE-ProRule:PRU00438""; DOMAIN 274..467; /note=""MH2""; /evidence=""ECO:0000255|PROSITE-ProRule:PRU00439"""	"BINDING 74; /ligand=""Zn(2+)""; /ligand_id=""ChEBI:CHEBI:29105""; /evidence=""ECO:0000250""; BINDING 149; /ligand=""Zn(2+)""; /ligand_id=""ChEBI:CHEBI:29105""; /evidence=""ECO:0000250""; BINDING 161; /ligand=""Zn(2+)""; /ligand_id=""ChEBI:CHEBI:29105""; /evidence=""ECO:0000250""; BINDING 166; /ligand=""Zn(2+)""; /ligand_id=""ChEBI:CHEBI:29105""; /evidence=""ECO:0000250"""			
Q92599	SEPTIN8 KIAA0202 SEPT8	Septin-8	483	"DOMAIN 41..307; /note=""Septin-type G""; /evidence=""ECO:0000255|PROSITE-ProRule:PRU01056"""	"BINDING 51..58; /ligand=""GTP""; /ligand_id=""ChEBI:CHEBI:37565""; /evidence=""ECO:0000250""; BINDING 106; /ligand=""GTP""; /ligand_id=""ChEBI:CHEBI:37565""; /evidence=""ECO:0000250""; BINDING 187..195; /ligand=""GTP""; /ligand_id=""ChEBI:CHEBI:37565""; /evidence=""ECO:0000250""; BINDING 241; /ligand=""GTP""; /ligand_id=""ChEBI:CHEBI:37565""; /evidence=""ECO:0000250""; BINDING 256; /ligand=""GTP""; /ligand_id=""ChEBI:CHEBI:37565""; /evidence=""ECO:0000250"""			
Q96L92	SNX27 KIAA0488 My014	Sorting nexin-27	541	"DOMAIN 43..136; /note=""PDZ""; /evidence=""ECO:0000255|PROSITE-ProRule:PRU00143""; DOMAIN 161..269; /note=""PX""; /evidence=""ECO:0000255|PROSITE-ProRule:PRU00147""; DOMAIN 273..362; /note=""Ras-associating""; /evidence=""ECO:0000255|PROSITE-ProRule:PRU00166"""				
Q12770	SCAP KIAA0199 PSEC0227	Sterol regulatory element-binding protein cleavage-activating protein (SCAP) (SREBP cleavage-activating protein)	1279	"DOMAIN 284..442; /note=""SSD""; /evidence=""ECO:0000255|PROSITE-ProRule:PRU00199"""			"REPEAT 771..811; /note=""WD 1""; REPEAT 952..1002; /note=""WD 2""; REPEAT 1005..1042; /note=""WD 3""; REPEAT 1077..1114; /note=""WD 4""; REPEAT 1117..1155; /note=""WD 5""; REPEAT 1158..1195; /note=""WD 6""; REPEAT 1197..1235; /note=""WD 7"""	
Q15393	SF3B3 KIAA0017 SAP130	Splicing factor 3B subunit 3 (Pre-mRNA-splicing factor SF3b 130 kDa subunit) (SF3b130) (STAF130) (Spliceosome-associated protein 130) (SAP 130)	1217					
Q76EJ3	SLC35D2 HFRC UGTREL8	Nucleotide sugar transporter SLC35D2 (Homolog of Fringe connection protein 1) (HFRC1) (SQV7-like protein) (SQV7L) (Solute carrier family 35 member D2) (UDP-galactose transporter-related protein 8) (UGTrel8)	337					
Q8IWA5	SLC44A2 CTL2 PSEC0210	Choline transporter-like protein 2 (Solute carrier family 44 member 2)	706					
Q8WTV0	SCARB1 CD36L1 CLA1	Scavenger receptor class B member 1 (SRB1) (CD36 and LIMPII analogous 1) (CLA-1) (CD36 antigen-like 1) (Collagen type I receptor, thrombospondin receptor-like 1) (SR-BI) (CD antigen CD36)	552					
Q96SB8	SMC6 SMC6L1	Structural maintenance of chromosomes protein 6 (SMC protein 6) (SMC-6) (hSMC6)	1091		"BINDING 76..83; /ligand=""ATP""; /ligand_id=""ChEBI:CHEBI:30616""; /evidence=""ECO:0000255"""			
P32418	SLC8A1 CNC NCX1	Sodium/calcium exchanger 1 (Na(+)/Ca(2+)-exchange protein 1) (Solute carrier family 8 member 1)	973	"DOMAIN 396..496; /note=""Calx-beta 1""; DOMAIN 527..627; /note=""Calx-beta 2"""	"BINDING 420; /ligand=""Ca(2+)""; /ligand_id=""ChEBI:CHEBI:29108""; /ligand_label=""1""; /evidence=""ECO:0000250|UniProtKB:P23685""; BINDING 420; /ligand=""Ca(2+)""; /ligand_id=""ChEBI:CHEBI:29108""; /ligand_label=""2""; /evidence=""ECO:0000250|UniProtKB:P23685""; BINDING 420; /ligand=""Ca(2+)""; /ligand_id=""ChEBI:CHEBI:29108""; /ligand_label=""3""; /evidence=""ECO:0000250|UniProtKB:P23685""; BINDING 456; /ligand=""Ca(2+)""; /ligand_id=""ChEBI:CHEBI:29108""; /ligand_label=""1""; /evidence=""ECO:0000250|UniProtKB:P23685""; BINDING 456; /ligand=""Ca(2+)""; /ligand_id=""ChEBI:CHEBI:29108""; /ligand_label=""4""; /evidence=""ECO:0000250|UniProtKB:P23685""; BINDING 481; /ligand=""Ca(2+)""; /ligand_id=""ChEBI:CHEBI:29108""; /ligand_label=""2""; /evidence=""ECO:0000250|UniProtKB:P23685""; BINDING 482; /ligand=""Ca(2+)""; /ligand_id=""ChEBI:CHEBI:29108""; /ligand_label=""1""; /evidence=""ECO:0000250|UniProtKB:P23685""; BINDING 482; /ligand=""Ca(2+)""; /ligand_id=""ChEBI:CHEBI:29108""; /ligand_label=""2""; /evidence=""ECO:0000250|UniProtKB:P23685""; BINDING 482; /ligand=""Ca(2+)""; /ligand_id=""ChEBI:CHEBI:29108""; /ligand_label=""3""; /evidence=""ECO:0000250|UniProtKB:P23685""; BINDING 482; /ligand=""Ca(2+)""; /ligand_id=""ChEBI:CHEBI:29108""; /ligand_label=""4""; /evidence=""ECO:0000250|UniProtKB:P23685""; BINDING 484; /ligand=""Ca(2+)""; /ligand_id=""ChEBI:CHEBI:29108""; /ligand_label=""3""; /evidence=""ECO:0000250|UniProtKB:P23685""; BINDING 486; /ligand=""Ca(2+)""; /ligand_id=""ChEBI:CHEBI:29108""; /ligand_label=""1""; /evidence=""ECO:0000250|UniProtKB:P23685""; BINDING 486; /ligand=""Ca(2+)""; /ligand_id=""ChEBI:CHEBI:29108""; /ligand_label=""3""; /evidence=""ECO:0000250|UniProtKB:P23685""; BINDING 486; /ligand=""Ca(2+)""; /ligand_id=""ChEBI:CHEBI:29108""; /ligand_label=""4""; /evidence=""ECO:0000250|UniProtKB:P23685""; BINDING 489; /ligand=""Ca(2+)""; /ligand_id=""ChEBI:CHEBI:29108""; /ligand_label=""4""; /evidence=""ECO:0000250|UniProtKB:P23685""; BINDING 533; /ligand=""Ca(2+)""; /ligand_id=""ChEBI:CHEBI:29108""; /ligand_label=""3""; /evidence=""ECO:0000250|UniProtKB:P23685""; BINDING 534; /ligand=""Ca(2+)""; /ligand_id=""ChEBI:CHEBI:29108""; /ligand_label=""2""; /evidence=""ECO:0000250|UniProtKB:P23685""; BINDING 535; /ligand=""Ca(2+)""; /ligand_id=""ChEBI:CHEBI:29108""; /ligand_label=""2""; /evidence=""ECO:0000250|UniProtKB:P23685""; BINDING 535; /ligand=""Ca(2+)""; /ligand_id=""ChEBI:CHEBI:29108""; /ligand_label=""3""; /evidence=""ECO:0000250|UniProtKB:P23685""; BINDING 551; /ligand=""Ca(2+)""; /ligand_id=""ChEBI:CHEBI:29108""; /ligand_label=""5""; /evidence=""ECO:0000250|UniProtKB:P23685""; BINDING 587; /ligand=""Ca(2+)""; /ligand_id=""ChEBI:CHEBI:29108""; /ligand_label=""6""; /evidence=""ECO:0000250|UniProtKB:P23685""; BINDING 613; /ligand=""Ca(2+)""; /ligand_id=""ChEBI:CHEBI:29108""; /ligand_label=""5""; /evidence=""ECO:0000250|UniProtKB:P23685""; BINDING 613; /ligand=""Ca(2+)""; /ligand_id=""ChEBI:CHEBI:29108""; /ligand_label=""6""; /evidence=""ECO:0000250|UniProtKB:P23685""; BINDING 614; /ligand=""Ca(2+)""; /ligand_id=""ChEBI:CHEBI:29108""; /ligand_label=""6""; /evidence=""ECO:0000250|UniProtKB:P23685""; BINDING 615; /ligand=""Ca(2+)""; /ligand_id=""ChEBI:CHEBI:29108""; /ligand_label=""5""; /evidence=""ECO:0000250|UniProtKB:P23685""; BINDING 615; /ligand=""Ca(2+)""; /ligand_id=""ChEBI:CHEBI:29108""; /ligand_label=""6""; /evidence=""ECO:0000250|UniProtKB:P23685""; BINDING 718; /ligand=""Ca(2+)""; /ligand_id=""ChEBI:CHEBI:29108""; /ligand_label=""5""; /evidence=""ECO:0000250|UniProtKB:P23685"""		"REPEAT 141..181; /note=""Alpha-1""; REPEAT 842..878; /note=""Alpha-2"""	
Q9NTJ5	SACM1L KIAA0851 SAC1	Phosphatidylinositol-3-phosphatase SAC1 (EC 3.1.3.64) (Phosphatidylinositol-4-phosphate phosphatase) (Suppressor of actin mutations 1-like protein)	587	"DOMAIN 122..451; /note=""SAC""; /evidence=""ECO:0000255|PROSITE-ProRule:PRU00183"""				
Q86VZ5	SGMS1 MOB SMS1 TMEM23	Phosphatidylcholine:ceramide cholinephosphotransferase 1 (EC 2.7.8.27) (Medulla oblongata-derived protein) (Protein Mob) (Sphingomyelin synthase 1) (Transmembrane protein 23)	413	"DOMAIN 7..70; /note=""SAM""; /evidence=""ECO:0000255|PROSITE-ProRule:PRU00184, ECO:0000305"""		"ACT_SITE 285; /evidence=""ECO:0000269|PubMed:18694848""; ACT_SITE 328; /evidence=""ECO:0000269|PubMed:18694848""; ACT_SITE 332; /evidence=""ECO:0000269|PubMed:18694848"""		
Q9H2J7	SLC6A15 B0AT2 NTT73 SBAT1	Sodium-dependent neutral amino acid transporter B(0)AT2 (Sodium- and chloride-dependent neurotransmitter transporter NTT73) (Sodium-coupled branched-chain amino-acid transporter 1) (Solute carrier family 6 member 15) (Transporter v7-3)	730					
Q9Y224	RTRAF C14orf166 CGI-99	tRNA-splicing ligase complex subunit RTRAF (CLE7 homolog) (CLE) (hCLE) (RNA transcription, translation and transport factor protein)	244					
O95847	SLC25A27 UCP4 UNQ772/PRO1566	Mitochondrial uncoupling protein 4 (UCP 4) (Solute carrier family 25 member 27)	323				"REPEAT 21..115; /note=""Solcar 1""; REPEAT 125..217; /note=""Solcar 2""; REPEAT 226..317; /note=""Solcar 3"""	
Q96NT5	SLC46A1 G21 HCP1 PCFT	Proton-coupled folate transporter (HsPCFT) (hPCFT) (Heme carrier protein 1) (PCFT/HCP1) (Solute carrier family 46 member 1)	459		"BINDING 90; /ligand=""pemetrexed""; /ligand_id=""ChEBI:CHEBI:63724""; /evidence=""ECO:0000250|UniProtKB:F1NJ67""; BINDING 156; /ligand=""H(+)""; /ligand_id=""ChEBI:CHEBI:15378""; /note=""reversibly protonated residue during proton transport""; /evidence=""ECO:0000269|PubMed:34040256""; BINDING 185; /ligand=""H(+)""; /ligand_id=""ChEBI:CHEBI:15378""; /note=""reversibly protonated residue during proton transport""; /evidence=""ECO:0000269|PubMed:34040256""; BINDING 185; /ligand=""pemetrexed""; /ligand_id=""ChEBI:CHEBI:63724""; /evidence=""ECO:0000250|UniProtKB:F1NJ67""; BINDING 281; /ligand=""H(+)""; /ligand_id=""ChEBI:CHEBI:15378""; /note=""reversibly protonated residue during proton transport""; /evidence=""ECO:0000269|PubMed:34040256, ECO:0000305|PubMed:19389703""; BINDING 315; /ligand=""pemetrexed""; /ligand_id=""ChEBI:CHEBI:63724""; /evidence=""ECO:0000250|UniProtKB:F1NJ67"""			
Q15797	SMAD1 BSP1 MADH1 MADR1	SMAD family member 1 (SMAD 1) (hSMAD1) (JV4-1) (Mad-related protein 1) (Mothers against decapentaplegic homolog 1) (MAD homolog 1) (Mothers against DPP homolog 1) (Transforming growth factor-beta-signaling protein 1) (BSP-1)	465	"DOMAIN 12..136; /note=""MH1""; /evidence=""ECO:0000255|PROSITE-ProRule:PRU00438""; DOMAIN 271..465; /note=""MH2""; /evidence=""ECO:0000255|PROSITE-ProRule:PRU00439"""	"BINDING 64; /ligand=""Zn(2+)""; /ligand_id=""ChEBI:CHEBI:29105""; /evidence=""ECO:0000250""; BINDING 109; /ligand=""Zn(2+)""; /ligand_id=""ChEBI:CHEBI:29105""; /evidence=""ECO:0000250""; BINDING 121; /ligand=""Zn(2+)""; /ligand_id=""ChEBI:CHEBI:29105""; /evidence=""ECO:0000250""; BINDING 126; /ligand=""Zn(2+)""; /ligand_id=""ChEBI:CHEBI:29105""; /evidence=""ECO:0000250"""			
Q9NUM3	SLC39A9 ZIP9 UNQ714/PRO1377	Zinc transporter ZIP9 (Solute carrier family 39 member 9) (Zrt- and Irt-like protein 9) (ZIP-9)	307					
Q9NP31	SH2D2A SCAP TSAD VRAP	SH2 domain-containing protein 2A (SH2 domain-containing adapter protein) (T cell-specific adapter protein) (TSAd) (VEGF receptor-associated protein)	389	"DOMAIN 95..186; /note=""SH2""; /evidence=""ECO:0000255|PROSITE-ProRule:PRU00191"""				
Q9UBE0	SAE1 AOS1 SUA1 UBLE1A	SUMO-activating enzyme subunit 1 (Ubiquitin-like 1-activating enzyme E1A) [Cleaved into: SUMO-activating enzyme subunit 1, N-terminally processed]	346					
Q8NC51	SERBP1 PAIRBP1 CGI-55	SERPINE1 mRNA-binding protein 1 (PAI1 RNA-binding protein 1) (PAI-RBP1) (Plasminogen activator inhibitor 1 RNA-binding protein)	408					
O76054	SEC14L2 C22orf6 KIAA1186 KIAA1658	SEC14-like protein 2 (Alpha-tocopherol-associated protein) (TAP) (hTAP) (Squalene transfer protein) (Supernatant protein factor) (SPF)	403	"DOMAIN 76..249; /note=""CRAL-TRIO""; /evidence=""ECO:0000255|PROSITE-ProRule:PRU00056""; DOMAIN 275..383; /note=""GOLD""; /evidence=""ECO:0000255|PROSITE-ProRule:PRU00096"""				
Q9BQF6	SENP7 KIAA1707 SSP2 SUSP2	Sentrin-specific protease 7 (EC 3.4.22.-) (SUMO-1-specific protease 2) (Sentrin/SUMO-specific protease SENP7)	1050			"ACT_SITE 860; /evidence=""ECO:0000250|UniProtKB:Q9HC62""; ACT_SITE 939; /evidence=""ECO:0000250|UniProtKB:Q9HC62""; ACT_SITE 992; /note=""Nucleophile""; /evidence=""ECO:0000250|UniProtKB:Q9HC62"""		
Q9BY12	SCAPER KIAA1454 ZNF291 MSTP063	S phase cyclin A-associated protein in the endoplasmic reticulum (S phase cyclin A-associated protein in the ER) (Zinc finger protein 291)	1400					"ZN_FING 792..816; /note=""C2H2-type"""
P30531	SLC6A1 GABATR GABT1 GAT1	Sodium- and chloride-dependent GABA transporter 1 (GAT-1) (Solute carrier family 6 member 1)	599		"BINDING 59; /ligand=""Na(+)""; /ligand_id=""ChEBI:CHEBI:29101""; /ligand_label=""1""; /evidence=""ECO:0000250|UniProtKB:Q7K4Y6""; BINDING 61; /ligand=""Na(+)""; /ligand_id=""ChEBI:CHEBI:29101""; /ligand_label=""2""; /evidence=""ECO:0000250|UniProtKB:Q7K4Y6""; BINDING 62; /ligand=""Na(+)""; /ligand_id=""ChEBI:CHEBI:29101""; /ligand_label=""1""; /evidence=""ECO:0000250|UniProtKB:Q7K4Y6""; BINDING 66; /ligand=""Na(+)""; /ligand_id=""ChEBI:CHEBI:29101""; /ligand_label=""2""; /evidence=""ECO:0000250|UniProtKB:Q7K4Y6""; BINDING 295; /ligand=""Na(+)""; /ligand_id=""ChEBI:CHEBI:29101""; /ligand_label=""2""; /evidence=""ECO:0000250|UniProtKB:Q7K4Y6""; BINDING 327; /ligand=""Na(+)""; /ligand_id=""ChEBI:CHEBI:29101""; /ligand_label=""2""; /evidence=""ECO:0000250|UniProtKB:Q7K4Y6""; BINDING 392; /ligand=""Na(+)""; /ligand_id=""ChEBI:CHEBI:29101""; /ligand_label=""1""; /evidence=""ECO:0000250|UniProtKB:Q7K4Y6""; BINDING 395; /ligand=""Na(+)""; /ligand_id=""ChEBI:CHEBI:29101""; /ligand_label=""1""; /evidence=""ECO:0000250|UniProtKB:Q7K4Y6""; BINDING 396; /ligand=""Na(+)""; /ligand_id=""ChEBI:CHEBI:29101""; /ligand_label=""1""; /evidence=""ECO:0000250|UniProtKB:Q7K4Y6"""			
Q13336	SLC14A1 HUT11 JK RACH1 UT1 UTE	Urea transporter 1 (Solute carrier family 14 member 1) (Urea transporter, erythrocyte)	389					
P60896	SEM1 C7orf76 DSS1 SHFDG1 SHFM1	26S proteasome complex subunit SEM1 (26S proteasome complex subunit DSS1) (Deleted in split hand/split foot protein 1) (Split hand/foot deleted protein 1) (Split hand/foot malformation type 1 protein)	70					
Q96BD0	SLCO4A1 OATP1 OATP4A1 OATPE SLC21A12	Solute carrier organic anion transporter family member 4A1 (OATP4A1) (Colon organic anion transporter) (Organic anion transporter polypeptide-related protein 1) (OATP-RP1) (OATPRP1) (POAT) (Organic anion-transporting polypeptide E) (OATP-E) (Sodium-independent organic anion transporter E) (Solute carrier family 21 member 12)	722	"DOMAIN 498..555; /note=""Kazal-like""; /evidence=""ECO:0000255|PROSITE-ProRule:PRU00798"""				
Q86WG5	SBF2 CMT4B2 KIAA1766 MTMR13	Myotubularin-related protein 13 (Inactive phosphatidylinositol 3-phosphatase 13) (SET-binding factor 2)	1849	"DOMAIN 7..172; /note=""uDENN""; /evidence=""ECO:0000255|PROSITE-ProRule:PRU00304""; DOMAIN 191..324; /note=""cDENN""; /evidence=""ECO:0000255|PROSITE-ProRule:PRU00304""; DOMAIN 326..427; /note=""dDENN""; /evidence=""ECO:0000255|PROSITE-ProRule:PRU00304""; DOMAIN 871..957; /note=""GRAM""; /evidence=""ECO:0000255""; DOMAIN 1108..1584; /note=""Myotubularin phosphatase""; /evidence=""ECO:0000255|PROSITE-ProRule:PRU00669""; DOMAIN 1743..1847; /note=""PH""; /evidence=""ECO:0000255|PROSITE-ProRule:PRU00145"""				
Q8WVM8	SCFD1 C14orf163 KIAA0917 STXBP1L2 FKSG23	Sec1 family domain-containing protein 1 (SLY1 homolog) (Sly1p) (Syntaxin-binding protein 1-like 2)	642					
O14975	SLC27A2 ACSVL1 FACVL1 FATP2 VLACS	Long-chain fatty acid transport protein 2 (Arachidonate--CoA ligase) (EC 6.2.1.15) (Fatty acid transport protein 2) (FATP-2) (Fatty-acid-coenzyme A ligase, very long-chain 1) (Long-chain-fatty-acid--CoA ligase) (EC 6.2.1.3) (Phytanate--CoA ligase) (EC 6.2.1.24) (Solute carrier family 27 member 2) (THCA-CoA ligase) (EC 6.2.1.7) (Very long-chain acyl-CoA synthetase) (VLACS) (VLCS) (EC 6.2.1.-) (Very long-chain-fatty-acid-CoA ligase)	620		"BINDING 222..233; /ligand=""AMP""; /ligand_id=""ChEBI:CHEBI:456215""; /evidence=""ECO:0000255"""			
Q9H156	SLITRK2 CXorf2 KIAA1854 SLITL1 UNQ9197/PRO34756	SLIT and NTRK-like protein 2	845	"DOMAIN 216..265; /note=""LRRCT 1""; DOMAIN 331..373; /note=""LRRNT""; DOMAIN 529..580; /note=""LRRCT 2"""			"REPEAT 63..84; /note=""LRR 1""; REPEAT 87..108; /note=""LRR 2""; REPEAT 111..132; /note=""LRR 3""; REPEAT 135..156; /note=""LRR 4""; REPEAT 159..180; /note=""LRR 5""; REPEAT 182..203; /note=""LRR 6""; REPEAT 376..397; /note=""LRR 7""; REPEAT 400..421; /note=""LRR 8""; REPEAT 424..445; /note=""LRR 9""; REPEAT 448..469; /note=""LRR 10""; REPEAT 472..493; /note=""LRR 11""; REPEAT 495..516; /note=""LRR 12"""	
Q5K4L6	SLC27A3 ACSVL3 FATP3 PSEC0067 UNQ367/PRO703	Long-chain fatty acid transport protein 3 (FATP-3) (Fatty acid transport protein 3) (Arachidonate--CoA ligase) (EC 6.2.1.15) (Long-chain-fatty-acid--CoA ligase) (EC 6.2.1.3) (Solute carrier family 27 member 3) (Very long-chain acyl-CoA synthetase homolog 3) (VLCS-3) (EC 6.2.1.-)	683		"BINDING 288..292; /ligand=""ATP""; /ligand_id=""ChEBI:CHEBI:30616""; /evidence=""ECO:0000250|UniProtKB:Q9SMT7""; BINDING 331; /ligand=""ATP""; /ligand_id=""ChEBI:CHEBI:30616""; /evidence=""ECO:0000250|UniProtKB:Q9SMT7""; BINDING 428; /ligand=""ATP""; /ligand_id=""ChEBI:CHEBI:30616""; /evidence=""ECO:0000250|UniProtKB:Q9SMT7""; BINDING 528; /ligand=""ATP""; /ligand_id=""ChEBI:CHEBI:30616""; /evidence=""ECO:0000250|UniProtKB:Q9SMT7""; BINDING 543; /ligand=""ATP""; /ligand_id=""ChEBI:CHEBI:30616""; /evidence=""ECO:0000250|UniProtKB:Q9SMT7""; BINDING 635; /ligand=""ATP""; /ligand_id=""ChEBI:CHEBI:30616""; /evidence=""ECO:0000250|UniProtKB:Q9SMT7"""			
O95347	SMC2 CAPE SMC2L1 PRO0324	Structural maintenance of chromosomes protein 2 (SMC protein 2) (SMC-2) (Chromosome-associated protein E) (hCAP-E) (XCAP-E homolog)	1197	"DOMAIN 522..640; /note=""SMC hinge"""	"BINDING 32..39; /ligand=""ATP""; /ligand_id=""ChEBI:CHEBI:30616""; /evidence=""ECO:0000255"""			
P51532	SMARCA4 BAF190A BRG1 SNF2B SNF2L4	SWI/SNF-related matrix-associated actin-dependent regulator of chromatin subfamily A member 4 (SMARCA4) (EC 3.6.4.-) (BRG1-associated factor 190A) (BAF190A) (Mitotic growth and transcription activator) (Protein BRG-1) (Protein brahma homolog 1) (SNF2-beta) (Transcription activator BRG1)	1647	"DOMAIN 171..206; /note=""QLQ""; /evidence=""ECO:0000255|PROSITE-ProRule:PRU01001""; DOMAIN 460..532; /note=""HSA""; /evidence=""ECO:0000255|PROSITE-ProRule:PRU00549""; DOMAIN 766..931; /note=""Helicase ATP-binding""; /evidence=""ECO:0000255|PROSITE-ProRule:PRU00541""; DOMAIN 1084..1246; /note=""Helicase C-terminal""; /evidence=""ECO:0000255|PROSITE-ProRule:PRU00542""; DOMAIN 1453..1564; /note=""Bromo""; /evidence=""ECO:0000255|PROSITE-ProRule:PRU00035"""	"BINDING 779..786; /ligand=""ATP""; /ligand_id=""ChEBI:CHEBI:30616""; /evidence=""ECO:0000255|PROSITE-ProRule:PRU00541"""			
Q00325	SLC25A3 PHC OK/SW-cl.48	Solute carrier family 25 member 3 (Phosphate carrier protein, mitochondrial) (Phosphate transport protein) (PTP)	362				"REPEAT 63..147; /note=""Solcar 1""; REPEAT 160..244; /note=""Solcar 2""; REPEAT 261..339; /note=""Solcar 3"""	
P23396	RPS3 OK/SW-cl.26	Small ribosomal subunit protein uS3 (40S ribosomal protein S3) (EC 4.2.99.18)	243	"DOMAIN 21..92; /note=""KH type-2""; /evidence=""ECO:0000255|PROSITE-ProRule:PRU00118"""				
Q9NY26	SLC39A1 IRT1 ZIP1 ZIRTL CGI-08 CGI-71	Zinc transporter ZIP1 (Solute carrier family 39 member 1) (Zinc-iron-regulated transporter-like) (Zrt- and Irt-like protein 1) (ZIP-1) (hZIP1)	324					
Q96BY9	SARAF TMEM66 XTP3 HSPC035 NPD003 PSEC0019 UNQ1967/PRO4499	Store-operated calcium entry-associated regulatory factor (SARAF) (SOCE-associated regulatory factor) (HBV X-transactivated gene 3 protein) (HBV XAg-transactivated protein 3) (Protein FOAP-7) (Transmembrane protein 66)	339					
P49281	SLC11A2 DCT1 DMT1 NRAMP2 OK/SW-cl.20	Natural resistance-associated macrophage protein 2 (NRAMP 2) (Divalent cation transporter 1) (Divalent metal transporter 1) (DMT-1) (Solute carrier family 11 member 2)	568					
Q9UN30	SCML1	Sex comb on midleg-like protein 1	329	"DOMAIN 258..325; /note=""SAM""; /evidence=""ECO:0000255|PROSITE-ProRule:PRU00184"""				
Q96L94	SNX22	Sorting nexin-22	193	"DOMAIN 1..118; /note=""PX""; /evidence=""ECO:0000255|PROSITE-ProRule:PRU00147"""	"BINDING 43; /ligand=""a 1,2-diacyl-sn-glycero-3-phospho-(1D-myo-inositol-3-phosphate)""; /ligand_id=""ChEBI:CHEBI:58088""; /evidence=""ECO:0000269|PubMed:17400918""; BINDING 45; /ligand=""a 1,2-diacyl-sn-glycero-3-phospho-(1D-myo-inositol-3-phosphate)""; /ligand_id=""ChEBI:CHEBI:58088""; /evidence=""ECO:0000269|PubMed:17400918""; BINDING 66; /ligand=""a 1,2-diacyl-sn-glycero-3-phospho-(1D-myo-inositol-3-phosphate)""; /ligand_id=""ChEBI:CHEBI:58088""; /evidence=""ECO:0000269|PubMed:17400918""; BINDING 79; /ligand=""a 1,2-diacyl-sn-glycero-3-phospho-(1D-myo-inositol-3-phosphate)""; /ligand_id=""ChEBI:CHEBI:58088""; /evidence=""ECO:0000269|PubMed:17400918"""			
A7XYQ1	SOBP JXC1	Sine oculis-binding protein homolog (Jackson circler protein 1)	873					"ZN_FING 142..180; /note=""FCS-type 1""; /evidence=""ECO:0000255""; ZN_FING 216..256; /note=""FCS-type 2""; /evidence=""ECO:0000255"""
Q8TBP6	SLC25A40 MCFP	Mitochondrial glutathione transporter SLC25A40 (Mitochondrial carrier family protein) (Solute carrier family 25 member 40)	338				"REPEAT 13..131; /note=""Solcar 1""; REPEAT 139..223; /note=""Solcar 2""; REPEAT 233..327; /note=""Solcar 3"""	
Q8WV83	SLC35F5 NS5ATP3 UNQ2545/PRO6097	Solute carrier family 35 member F5 (Hepatitis C virus NS5A-transactivated protein 3) (HCV NS5A-transactivated protein 3)	523	"DOMAIN 252..316; /note=""EamA"""				
Q96DX4	RSPRY1 KIAA1972 UNQ328/PRO444	RING finger and SPRY domain-containing protein 1	576	"DOMAIN 300..483; /note=""B30.2/SPRY""; /evidence=""ECO:0000255|PROSITE-ProRule:PRU00548"""				"ZN_FING 527..562; /note=""RING-type""; /evidence=""ECO:0000255|PROSITE-ProRule:PRU00175"""
Q5TF21	MTCL3 C6orf174 SOGA3	Microtubule cross-linking factor 3	947					
Q6ZVN7	SEM1 C7orf76	Putative protein SEM1, isoform 2	128					
