,M6PR-201,FKBP4-201,PDK4-201,BCAP29-201,RGPD5-201,GABARAPL2-201,DCN-201,GRN-201,VAMP3-201,SLC2A3-201,TRIB2-201,TNFRSF1A-201,LAPTM4A-201,PLOD1-201,ZNF324-201,PPP1R15A-201,RALGAPA2-201,RPL6-201,UQCRC1-201,MLF2-201,TECR-201,TCN2-201,PIK3IP1-201,DDX17-201,RTCB-201,RPL3-201,MYH9-201,EIF3D-201,ACO2-201,HSP90AA1-201,SUPT16H-201,EIF5-201,NFKBIA-201,PNN-201,SLCO4A1-201,APMAP-201,PGRMC1-201,SCG3-201,PLAT-201,NEFM-201,CAV2-201,SETX-201,ACTA2-201,NUFIP2-201,PFN1-201,CCDC47-201,DDX5-201,PLEKHB1-201,GALNT18-201,CDKN1B-201,GAPDH-201,ENO2-201,HCFC2-201,EXOC2-201,TMEM30A-201,SPARC-201,WDFY1-201,NDUFS1-201,NRBP1-201,SNX17-201,CEBPZ-201,MSH6-201,ENO1-201,SARS1-201,RPL22-201,CTSD-201,FBXO30-201,SGK1-201,MYL12B-201,RPN2-201,ABCG2-201,CCNI-201,ELL2-201,YWHAQ-201,VPS4B-201,ATAD2B-201,DUSP1-201,TARDBP-201,ZNF141-201,CAT-201,POLK-201,FYTTD1-201,SRGN-201,KLHL24-201,LRP1-201,KCNJ2-201,RNF114-201,CDKN1A-201,SSR1-201,GOT2-201,TMX4-201,DSTN-201,HSPA2-201,CANX-201,TUBGCP6-201,DNAJB9-201,CALU-201,PIAS1-201,SNAP23-201,RAP1B-201,LMAN1-201,NECTIN2-202,ATXN10-201,LAMA5-201,PPIL4-201,CAPN7-201,NR1H2-201,LGALS3-201,DNAJB1-201,PTCD3-201,UTP3-201,H3-3B-201,VPS4A-201,JAG1-201,SNAP25-201,GIMAP4-201,SARAF-201,SYNJ2BP-201,BHLHE40-201,ARL8B-201,NOTCH2-201,SLC38A2-201,NARS1-201,RTL8C-201,PNPLA8-201,HILPDA-201,CD63-201,CCT7-201,KDELR2-201,CALCOCO2-201,RANBP6-201,TUBB2B-201,SDCBP-201,ADAM10-201,ARHGAP29-201,ACTR2-201,SSB-201,SLC40A1-201,SYT1-201,CCND2-201,PSMC1-201,PEBP1-201,VWF-201,TSC22D1-201,MIB1-201,HERC2-201,ARL1-201,KPNA3-201,SCARB1-201,ALDH2-201,RBM19-201,PDGFRB-201,HACD3-201,RAB11A-201,RBM25-201,ATP5F1B-201,PTGES3-201,PHF3-201,EIF4B-201,ANKRD12-201,TRAM1-201,ARFGEF1-201,TMED2-201,MOB3B-201,WSB1-201,ERP44-201,SPTLC1-201,RPL8-201,RAB2A-201,PIK3R3-201,LGALS3BP-201,ARPC1A-201,ACTR3-201,EHD2-201,TCF25-201,NAPA-201,IL27RA-201,WDR11-201,PALD1-201,EPAS1-201,FNBP4-201,CHMP3-201,MCAM-201,TUBB4A-201,ARID4B-201,MUL1-201,NOP58-201,YWHAE-201,PIKFYVE-201,ZNF638-201,SLC12A7-201,SDHA-201,PDCD6-201,RAB7A-201,ZFR-201,CDH6-201,PAPSS1-201,TAX1BP1-201,CPT1A-201,SRI-201,ZNF800-201,HNRNPH3-201,BTAF1-201,TMEM115-201,TIMP3-201,GABARAPL1-201,TMBIM6-201,ANKRD10-201,TRIP11-201,ZNF280D-201,TCF12-201,TTBK2-201,TSPAN3-201,SCAMP2-201,IQGAP1-201,UQCRC2-201,CDH11-201,DYM-201,C1orf216-201,TINAGL1-201,ADAM15-201,ARF1-201,PDIA6-201,UBXN4-201,RAB5A-201,ARL6IP5-201,FTH1-201,PELO-201,YIPF5-201,PHIP-201,SLC2A12-201,CCT6A-201,ATP6V1B2-201,ARMC1-201,GLUD1-201,ADD3-201,ADM-201,SLC1A2-201,SERPING1-201,ENDOD1-201,AASDHPPT-201,EI24-201,ESAM-201,PIGT-202,CDC42EP2-201,VPS51-201,DUSP6-201,BLTP3B-201,CCT5-201,SLC7A11-201,CGNL1-201,SLC25A4-201,KCNE4-201,CWF19L2-201,FLT1-201,PPM1B-201,SPARCL1-201,ITGA1-201,MED21-201,SMARCA5-201,RANBP2-201,SH3RF1-201,ADAMTS1-201,KLF10-201,PIP4P2-201,GRAMD2B-201,LONP2-201,DEPTOR-201,SLC26A2-201,STOM-201,CCT8-201,ZFYVE9-201,ABCF2-201,EIF5B-201,EIF4A1-201,FRZB-201,VSNL1-201,CHN1-201,FSTL1-201,IGFBP7-201,CCT3-201,DTX3L-201,ITGB5-201,RPN1-201,ADH5-201,ANXA5-201,ICE1-201,MAP1B-201,CREBRF-201,SLU7-201,HSPA9-201,COL1A2-201,MTUS1-202,ZHX1-201,DEPP1-201,NEMF-201,WAPL-201,MOAP1-201,CLMN-201,JAM3-201,VPS35-201,BAG5-201,CCT2-201,CYYR1-201,TRIM44-201,HSP90B1-201,COG1-201,TERF2IP-201,MAP1A-201,MAPRE2-201,PDIA3-201,COL6A2-201,GPRC5B-201,ZNF91-201,RAB8A-201,TUBA1A-202,ANGPTL4-201,E4F1-201,RPSA-201,UBB-201,ENC1-201,KIF5B-201,JUNB-201,HIPK3-201,PA2G4-201,MAEA-202,FOS-201,TMED10-201,CAVIN2-201,ARL6IP1-201,ELOVL5-201,SOX7-201,FAM171B-201,HSPA4-201,TM4SF1-201,MGAT2-201,CYCS-201,TMEM43-201,MAT2A-201,DDIT4-201,HOOK3-201,MGAT1-201,RPL15-201,RSF1-201,TMOD3-201,PCMTD2-203,EEF1A1-201,GGA2-201,PSMD2-201,TNKS-201,PPP1R3B-201,CD164-202,DPYSL2-201,PDE12-201,B4GAT1-201,RNF26-201,RPL13-201,RESF1-201,CCDC85B-201,AGGF1-201,TAF7-201,TUFM-201,RGS5-201,SPECC1L-201,SAMD12-201,PLXDC1-201,TUBB3-201,DIPK2A-201,YOD1-201,CLU-201,HNRNPH2-201,NSD3-201,SLC25A5-201,MAGEF1-201,GLTP-201,A2M-201,ORAI3-201,SWAP70-201,PRDX1-202,PCK1-201,SCD5-202,HSPH1-201,RBMX-201,ENPP4-201,TCP1-201,PPP2R1A-201,SMC1A-201,EEA1-201,ZNF354B-201,DDX10-201,EPM2AIP1-201,NCL-201,UACA-201,RRP7A-201,GPR4-201,NAP1L5-201,RPL7A-202,PLAAT3-201,EIF4A2-201,CNDP2-201,HSPA5-201,PRPF3-201,FBXW5-201,HNRNPM-201,RNF10-201,FLII-201,NOC2L-201,TIMM22-201,GGT5-202,TUBB-205,PLPBP-201,BCAN-201,CRIP2-201,EEF1G-201,SRARP-201,ZKSCAN8-201,DNAJA1-201,PTTG1IP-201,CSTF2T-201,PURA-201,P4HB-201,NGRN-201,BGN-201,EIF3C-201,RSRC2-201,FTL-201,GLUL-202,C6orf120-201,RLIM-201,KLHDC8B-201,TUBB2A-201,SPTBN1-201,F3-201,PTPRB-202,PGAM1-201,RSBN1L-201,PPP1CC-201,MAGED4B-201,SF3B1-201,CDC42EP4-201,ZBTB16-201,TUBA1B-202,MTDH-201,DHX15-201,SEC62-201,MRPL35-202,ZC3H15-201,ZFYVE16-201,ISYNA1-201,UBQLN2-201,MAOA-201,TPST2-201,SRFBP1-201,MYO1B-202,UBC-201,SERINC1-201,GALNT15-201,EIF4G2-201,INSIG1-201,TUBB4B-201,BRAT1-201,CCNG1-201,IDS-201,ADIPOR1-201,CLDND1-201,NFYA-201,HMGB1-203,CLEC14A-201,GJA4-201,SERINC3-202,BRWD1-203,PRELP-201,SLC6A13-201,RPS2-201,APOD-201,ZNF791-201,MBTPS1-201,MBNL2-201,ZNF136-201,PPM1G-201,MIA3-202,BCAP31-201,ARHGAP5-202,APP-201,PTN-201,CKB-201,APP-202,PFKL-201,CTNNB1-201,CYB5R3-201,GDE1-201,CD74-202,SKP1-202,BSG-203,YWHAB-201,EIF4H-202,TAP1-201,THRAP3-201,DIDO1-202,AKAP12-202,ALDH9A1-201,ITSN2-201,TBC1D9B-201,VAT1-201,GBP4-201,STAU2-201,STX16-202,MBP-202,SLC39A1-202,G3BP1-201,ZNF770-201,GPI-201,APOLD1-202,SPTBN1-202,ACADVL-203,ZNF708-201,RAB18-201,CALM1-201,CAVIN1-201,LRBA-201,INKA2-201,FKBP5-201,MVP-201,ARID5A-201,WDR7-202,SSTR2-201,HYAL2-201,RRP7BP-202,APP-204,SERPINH1-201,BDP1-201,ZBTB1-201,VCP-201,DLC1-203,KLHL9-201,CD2AP-201,EMP2-202,LRP10-201,ARPC5-202,XRCC6-202,ERGIC2-201,MAP4-202,MSN-201,ZNF460-201,MORF4L2-201,COL4A2-201,TOPORS-201,ERC1-203,ETS2-202,FAM107A-201,SMC5-201,CAPZA2-201,PJA2-201,ATP1A2-201,TOP1-201,CTR9-201,MT-ND4-201,MT-ND2-201,TGM2-201,MPHOSPH8-201,GRM3-201,CALD1-201,MT-CYB-201,SMC3-201,XAF1-202,COL6A1-201,CALD1-202,GOLGA4-202,CNST-203,CEP170-202,AGT-201,EPRS1-201,SLC30A1-201,SYNE1-206,ZBTB41-201,SASH1-201,TPR-201,SHPRH-202,UTRN-204,DHX9-201,PHACTR2-202,ZBTB37-201,IFNGR1-201,HBS1L-203,TAGLN2-203,LMNA-205,TPM3-212,TSPYL1-201,SEC63-201,MCL1-202,EIF3A-201,PNISR-201,UFL1-201,CCDC186-203,NHLRC2-201,SCAF11-202,MDN1-201,TTF2-201,SLC16A1-201,ATP6AP1-201,AHCYL1-202,TNFRSF6B-201,STXBP3-201,PRPF38B-203,MFSD14A-201,CNN3-201,ARHGAP29-202,DR1-202,RPL5-202,GOT1-201,ADGRL4-201,IFI44L-201,USP33-204,SERBP1-204,LEPROT-201,GNAS-210,LAMP2-202,CDC5L-201,PTGDS-202,HSP90AB1-203,UBE2V1-203,IFIT5-201,IFIT3-201,SURF4-202,CCSER2-203,GHITM-201,TSC22D3-206,TIE1-201,DOLK-201,MFSD2A-202,ANXA7-202,NAP1L3-201,ENG-202,CHD6-202,ITM2A-201,PGK1-201,ATRX-201,GLO1-201,TTI1-201,YARS1-201,RBBP4-202,NAP1L2-201,BLCAP-201,RABGAP1-202,SRSF4-201,YTHDF2-201,STX12-201,PHF20-203,RBM12-203,TMEM50A-201,BMS1-201,ID3-201,BMPR2-202,ALPL-204,HP1BP3-203,MAGED2-204,MAGED2-206,UBR4-204,JCAD-201,TSPYL2-201,OMD-201,HSPA1B-201,HSPA1A-201,SPEN-201,C6orf47-202,HLA-C-201,FLOT1-201,UBQLN1-202,HLA-E-201,GPC5-201,TGOLN2-201,KCTD12-201,AHNAK-202,TPM2-202,TSPAN7-202,DYNLT3-201,ZFC3H1-201,OPTN-205,RAD50-201,CHGB-201,SAT1-202,EDN1-201,PRNP-201,NEDD9-202,KBTBD7-201,KBTBD6-201,SNX2-201,LHFPL6-201,EIF1AX-202,REEP5-202,IPO7-201,RBBP7-203,GDI2-203,NET1-202,SLTM-202,RRAGA-201,SH3GL2-201,BNIP3L-201,EIF3CL-201,SLC5A3-201,IL6ST-204,ITPR2-202,RDH11-201,CCP110-201,SLC25A6-201,JAK2-201,CPPED1-202,PARP4-201,AP2M1-202,CFAP298-203,URB1-201,FILIP1L-203,RBMS3-203,SH3BP5-202,HSPD1-202,GARS1-201,LRP1B-201,CRYBG3-201,LYST-201,SQSTM1-202,SNRPN-202,MDM4-205,SEPTIN2-203,MAG-202,LATS1-202,WDR45B-201,SRSF2-203,BAZ2B-203,WARS1-204,RNF13-203,TAGLN-202,ZBTB16-202,CUL5-201,MAF-202,CNP-202,PHLDB2-202,G3BP1-202,ERV3-1-201,UGP2-202,CCT4-201,PSAP-201,VSIR-201,KTN1-205,MVP-202,MAPK1IP1L-201,ATRX-202,YWHAZ-206,TAX1BP1-202,GATM-201,DDX17-202,NFE2L2-201,GPER1-202,ERC1-204,MED13-201,NDRG2-210,MBP-207,TMEM123-202,USP34-201,ATP5F1A-202,SEPTIN7-202,ZNF24-202,KDM5A-201,ROCK1-201,IFITM3-201,VAPA-202,ANKRD12-203,COLEC12-201,RO60-206,TF-201,CPE-201,CLDN5-201,IFRD1-202,INTS1-201,EXOC7-204,SUPT7L-204,EGFL7-204,DYNC2I1-202,PTMA-202,DNAH11-201,BZW1-203,WDR33-204,SETD2-202,EXOC6B-202,SRCAP-202,NCOR1-205,DAZAP2-201,TTC14-203,TET2-204,ZNF805-202,FAM156B-201,RHOA-202,MAP10-201,STRAP-202,PERP-201,BIRC6-201,LDHA-205,ANXA11-203,SYNE1-211,RNPC3-201,ZDHHC3-205,RNF216-205,CFB-271,SLC2A1-203,ABCC5-205,FTSJ3-201,SESTD1-203,DNAJB6-204,UBA6-203,RSRP1-202,GSN-207,PPIG-205,INTS11-208,C4B-202,DNTTIP2-202,SEC14L1-204,NCOR1-208,ANKRD26-202,PDZD2-202,SPART-202,TRAPPC9-201,PNISR-202,HERPUD1-204,CCPG1-203,AP2M1-208,SRSF7-208,HERC1-201,CCDC141-203,RECQL-204,ZNF451-207,SENP5-204,SMG1-201,CHD9-203,SDHAP4-206,NBEAL1-203,PPP1R12A-203,ANXA2-204,MEG3-209,DDX46-202,SOD2-206,UBE2D3-210,GPM6B-205,SYPL1-202,TMX1-201,TCF4-204,CFAP97-201,RRP7BP-205,HDAC7-217,SHROOM4-203,POR-218,TKT-207,DDX39B-215,ACTB-206,SRRM1-204,PPP1R2-205,EIF1-202,RBM39-223,TRABD-205,ATP5IF1-202,WSB1-204,NKTR-211,EIF1-203,CD46-212,SF3B1-208,GOLIM4-202,KAT6A-207,ARMCX3-203,SELENOT-202,CDK10-204,ARGLU1-204,KMT2E-206,NOTCH4-203,CLK1-210,LINC00115-201,U2SURP-208,PARP14-202,DAAM2-204,PHLDB2-207,RAB24-206,HNRNPR-210,SEPHS2-201,PNISR-207,ITPRID2-212,PPP2CA-203,PHF3-204,DDX39B-219,ARHGAP29-203,N4BP2L2-208,EWSR1-217,FUS-206,OGT-210,CLIC4-202,UHMK1-202,ZMAT1-205,GOLGB1-208,CCNL2-217,CFH-205,KLF6-206,RSRP1-207,MRFAP1L1-202,NEAT1-202,PDK2-203,ANKRD50-201,LUC7L3-208,GPBP1-204,SERINC5-202,HNRNPDL-204,RNF213-204,MALAT1-201,HSD17B4-211,MARCHF6-210,DLC1-209,UCHL1-209,RACK1-227,USO1-204,SELENOP-214,SARAF-203,TACC1-210,TCEA1-208,MEG3-220,UBE2V2-207,RBM25-203,PUF60-208,CHMP1B-201,CREBZF-204,USP47-207,DPF2-205,EID1-201,TPT1-212,RPS3-217,RBM25-212,FNBP4-213,MALAT1-202,HSPA8-224,RIMKLB-205,UBC-205,CLIP1-210,RTN3-208,SOD2-210,SCARB1-205,C1R-206,ENO2-211,RAN-212,VIM-209,CAND1-208,SMAD5-212,HNRNPA1-203,SART3-206,PPP1R12A-213,HNRNPA1-209,CPM-211,MTERF2-207,NDRG2-226,SRSF5-207,SRSF5-212,ADCY4-213,SECISBP2L-209,RBMX-207,SCAPER-207,PECAM1-203,ENST00000564237,SCAPER-212,ZNF106-202,CHD9-213,NORAD-201,TMEM204-202,ENST00000570269,TCF4-246,MYH11-206,SRGAP2-203,ACTG1-205,VEZF1-202,DDX5-215,YPEL2-203,TXNIP-204,RNF213-220,SHFL-203,EZH1-208,H3-3B-203,KANK2-201,SRSF8-201,CIRBP-214,ILF3-207,GFAP-214,SAFB-205,PRKAR1A-216,VMP1-217,KCNQ1OT1-201,ENST00000598322,NFIA-215,TAF15-212,HERPUD2-AS1-201,SCOC-209,PPM1K-210,RPAP2-203,RAB33B-AS1-205,ENST00000610193,CYP1B1-205,ENST00000610778,NEFL-201,PCDHGC3-202,SYNRG-217,TRIM52-206,GGNBP2-212,SLC38A3-206,CDKN1B-205,PCDHGB4-202,CCDC144BP-208,MALAT1-211,CLDN5-204,ENST00000619021,PLP1-221,NAP1L4-222,DDX24-208,SCAMP1-207,FAM156A-221,ATRX-214,ENST00000624945,SMARCA2-252,ATP6AP2-217,ASAH1-257,RALGAPA1-219,KANSL1-221,HNRNPU-226,PPT1-219,SRP72-205,CD59-211,TPM4-218,ALDOA-219,SLC52A2-213,PLAC4-205,KDSR-212,ARPC1B-222,ACTB-217,TRPM7-210,SUCLA2-218,PRRC2C-213,ITM2B-204,C1R-214,B2M-211,CCDC186-207,COL4A2-213,COL9A3-214,LINC01139-206,GNAI1-228,LRPAP1-205,LPL-207,MAP1LC3B-206,NBPF19-204,FHL1-234,ENST00000652106,NUTM2A-AS1-215,TTN-AS1-278,ERCC6L2-211,N4BP2L2-222,N4BP2L2-229,N4BP2L2-237,N4BP2L2-245,LMNA-238,HNRNPA2B1-227,HNRNPA3-216,ASH1L-215,HNRNPA3-218,AKAP9-217,HSP90B1-213,SLC1A3-253,HNRNPF-208,FLNB-220,ACTN1-235,LAMA2-210,GCC2-218,DNAJC3-DT-206,MTUS1-230,LMAN2-209,ZNF292-210,LINC-PINT-249,PTBP2-220,transcript106038.chr15.nnic,transcript107483.chr13.nic,transcript126459.chr12.nic,transcript130569.chr4.nic,transcript160124.chr6.nic,transcript167872.chr11.nic,transcript188580.chr6.nnic,transcript217949.chr5.nnic,transcript246771.chr1.nic,transcript27443.chr6.nic,transcript31245.chr12.nic,transcript43456.chr13.nnic,transcript43973.chr21.nic,transcript53453.chr16.nnic,transcript54774.chr1.nic,transcript56954.chr2.nnic,transcript75255.chr16.nic,transcript99327.chr5.nnic
PO42,0,1,9,1,11,0,0,2,0,0,0,0,0,8,16,5,1,0,1,0,0,0,1,43,0,0,27,1,4,22,41,17,0,90,0,0,1,2,4,47,0,128,1,9,0,0,5,1,0,1,3,0,0,20,1,9,0,10,1,0,19,1,1,0,0,1,6,4,0,3,1,1,1,2,6,7,0,32,15,0,5,3,0,0,7,5,3,0,10,0,0,0,2,3,6,0,1,16,0,1,1,0,5,0,0,2,2,0,2,5,1,5,0,1,8,0,1,1,1,5,6,11,10,0,0,0,0,0,0,4,42,2,2,0,7,2,1,1,12,0,0,1,8,12,1,20,0,9,0,4,12,6,0,2,8,0,0,47,4,70,3,4,0,0,1,1,3,0,1,0,4,1,5,4,1,0,0,19,17,0,2,0,28,1,41,0,1,0,11,107,2,0,0,7,8,8,0,8,24,3,0,1,5,1,2,0,2,2,39,15,2,12,0,0,80,1,0,5,0,0,4,4,0,1,0,2,0,0,0,69,1,0,0,8,3,4,0,0,1,5,1,0,1,0,1,0,1,2,1,1,5,0,1,5,2,0,78,0,0,22,7,7,10,1,0,21,6,4,39,7,0,9,1,9,0,0,0,1,0,0,2,3,0,3,1,0,10,113,2,0,3,42,3,12,2,44,6,6,4,0,4,13,1,0,1,2,0,5,0,1,0,1,9,23,0,0,1,1,0,0,22,54,8,3,0,2,23,17,11,12,12,2,1,3,1,0,1,7,0,2,7,0,8,42,55,0,12,3,0,29,2,3,4,9,2,2,1,18,0,0,20,1,7,40,1,0,1,2,6,7,3,0,0,0,0,34,0,15,0,5,0,11,0,1,2,0,25,32,1,2,3,38,25,4,2,1,1,2,6,3,23,3,1,1,0,19,10,5,4,0,1,14,0,1,1,3,0,19,3,14,5,8,10,18,2,0,58,0,21,0,1,79,0,6,0,1,4,0,4,1,6,1,0,23,3,11,2,6,2,2,1,0,0,1,93,4,1,15,0,2,2,5,0,1,1,22,2,0,0,2,0,28,1,0,0,12,4,10,5,0,1,2,8,4,0,2,14,0,8,1,1,1,0,3,13,2,0,5,17,5,0,2,0,4,9,13,13,30,0,11,1,0,0,6,0,6,4,3,1,36,1,0,0,1,5,6,0,2,21,0,59,1,22,11,5,0,0,7,0,2,0,2,0,10,0,3,145,2,0,0,33,3,1,85,0,2,0,28,0,14,21,16,2,10,13,14,2,41,0,7,2,17,0,135,3,5,49,8,472,0,13,10,0,0,0,2,0,1,2,0,52,146,0,2,2,10,22,2,1,3,1,0,1,2,2,1,0,0,0,0,1,20,21,0,0,0,26,10,1,29,2,2,2,0,15,0,7,1,2,2,1,8,0,14,0,0,189,2,5,1,3,1,2,17,1,1,0,2,1,3,12,0,5,7,2,0,0,50,2,1,4,84,1,6,0,1,0,1,13,14,1,3,46,1,2,2,35,0,25,5,0,0,0,0,15,0,0,2,1,5,1,0,2,33,12,0,2,9,1,4,1,41,0,3,1,3,4,13,0,7,3,6,0,1,5,1,159,27,9,3,0,1,9,2,13,0,0,51,0,11,6,1,1,1,7,39,0,4,3,1,3,2,31,0,5,52,2,11,4,1,0,14,8,10,0,23,7,55,0,0,1,37,32,0,3,9,3,2,3,3,0,4,4,25,40,0,1,1,4,3,6,0,1,6,4,2,14,2,7,17,0,20,0,1,0,0,2,9,5,0,1,1,3,1,1,12,1,12,2,10,9,1,4,3,8,2,4,18,0,17,59,1,3,2,0,112,56,4,3,1,56,21,12,4,8,0,3,1,6,1,6,1,0,2,0,9,4,0,3,0,6,21,14,0,1,68,2,0,68,15,2,4,16,3,9,1,55,7,112,4,12,3,16,2,31,4,14,2,11,1,2,0,6,81,3,1,1,6,29,13,1,27,22,31,14,0,44,52,0,752,0,1,39,2,13,84,3,19,3,3,17,1,0,1,4,1,2,1,23,0,1,0,13,22,46,6,4,2,0,22,22,102,7,4,128,26,15,0,2,3,1,0,1,21,1,4,1,0,18,2,1,1,11,4,2,1,5,69,2,0,13,22,38,1,2,17,1,30,3,2,16,69,2,42,46,2,43,1,12,1,1,2,8,8,0,1,83,3,70,3,0,5,0,4,3,1,0,26,7,15,9,27,9,0,3,2,39,12,3,18,11,2,33,6,7,38,6,7,1,1,10,0,0,2,0,2,11,0,0,8,1,0,16,11,0,64,0,0,1,4,0,2,1,1,0,6,0,4,1,2,12,0,5,11,10,50,9,2,3,22,2,0,74,3,10,1,20,2,7,27,0,0,1,1,2,2,0,0,0,3,10,9,1,1,3,0,4,4,0,13,3,1,15,32
SMC030,8,0,14,6,4,1,0,2,0,1,0,0,6,1,5,1,0,2,3,1,1,0,1,3,0,6,1,3,3,16,0,2,8,22,2,1,5,1,0,3,3,1,7,0,1,3,10,0,0,2,15,2,4,1,32,32,0,0,0,0,0,6,0,1,1,2,1,2,0,2,0,3,1,2,0,1,17,20,4,5,2,2,2,1,1,0,0,2,14,1,1,3,20,1,0,5,0,1,5,1,2,0,2,1,1,0,0,0,0,0,0,15,0,5,15,1,8,0,0,18,0,45,5,2,9,6,2,0,16,0,8,4,3,3,0,7,1,1,11,3,0,13,2,15,3,1,36,0,0,0,0,0,7,4,1,1,1,1,3,57,0,2,2,2,11,1,3,3,37,1,0,0,0,0,0,1,1,1,1,0,0,1,6,1,0,0,0,1,1,3,0,0,1,1,0,1,2,3,0,1,5,4,0,1,2,2,19,5,2,1,0,0,2,1,0,1,0,0,0,2,0,0,1,1,4,3,12,0,2,5,0,2,7,9,1,0,0,4,1,1,4,1,1,1,0,0,0,1,0,9,1,5,2,2,0,7,36,0,2,7,0,1,0,23,2,4,2,0,21,5,1,8,1,34,1,0,4,8,3,7,1,1,2,1,0,2,1,9,0,1,8,29,32,1,3,3,1,4,5,26,5,0,1,7,8,10,10,4,1,0,3,2,2,111,0,12,4,1,2,5,10,1,9,0,0,0,15,1,0,7,10,0,0,3,3,2,0,0,0,7,0,0,4,2,23,3,13,0,14,0,0,33,0,22,6,0,2,3,0,5,1,0,5,1,0,1,1,3,0,20,1,1,1,2,0,1,0,0,1,4,2,37,0,1,1,0,2,6,1,0,2,12,2,0,0,2,2,2,1,1,40,0,1,1,0,1,1,0,2,4,0,10,0,2,1,0,4,3,0,4,1,3,1,5,0,1,15,1,0,1,5,8,1,0,5,1,10,1,0,4,3,11,6,0,1,0,1,1,0,1,0,0,2,0,53,67,2,4,9,0,3,0,0,1,5,0,2,0,1,1,0,5,0,1,6,5,0,3,0,2,0,0,0,0,0,6,6,0,0,0,0,0,2,3,9,0,1,1,1,3,1,1,0,0,0,9,7,0,0,1,0,0,2,0,0,3,4,4,0,0,0,12,1,0,3,18,1,2,16,0,0,2,17,0,17,0,0,5,1,0,0,0,0,0,1,4,4,0,8,0,1,2,4,21,1,1,1,0,0,0,2,4,0,3,1,0,0,0,14,0,0,3,5,0,0,0,0,0,37,2,1,1,2,1,2,2,0,20,0,4,3,3,13,1,0,0,0,0,0,0,12,0,1,0,1,3,1,13,3,2,5,5,3,1,1,7,13,1,8,20,0,2,0,2,3,0,1,0,1,0,2,3,1,1,0,7,7,2,0,1,1,3,2,1,1,0,2,2,0,0,1,1,1,0,0,0,4,0,0,2,0,14,0,0,1,1,0,9,1,1,1,3,2,0,4,4,2,1,3,1,3,4,1,0,3,2,0,0,1,7,1,0,1,1,2,0,2,38,0,4,5,2,3,1,3,1,6,30,1,1,0,1,1,1,3,6,0,3,3,4,3,2,77,3,7,1,44,2,2,3,6,1,11,1,6,2,1,0,5,1,6,0,3,2,4,120,2,1,4,0,0,1,0,1,0,0,0,4,0,23,0,2,1,3,6,7,0,3,6,16,2,3,2,23,7,1,2,4,0,36,0,0,1,0,0,0,11,1,2,4,5,1,2,0,1,2,0,0,0,1,0,2,0,4,0,2,2,3,0,0,3,0,1,4,0,2,2,0,27,0,1,4,19,3,1,0,0,0,18,0,0,4,1,0,0,1,0,2,6,2,5,4,10,0,2,0,1,0,4,0,3,4,14,0,0,1,0,1,30,10,4,3,28,1,0,0,1,4,27,2,7,3,2,0,2,1,1,0,0,1,0,0,4,1,0,20,0,5,2,0,0,22,0,0,15,26,14,51,0,368,0,0,16,2,0,28,0,80,2,0,3,0,0,1,2,0,0,1,0,2,4,1,7,2,11,0,6,2,1,2,2,783,18,0,59,3,21,51,0,0,0,5,1,1,0,3,0,0,4,7,7,0,2,0,2,0,2,1,13,2,0,0,4,1,0,1,1,0,0,2,7,92,13,30,0,0,4,3,0,3,2,0,1,0,39,94,27,1,17,1,0,3,0,31,0,0,69,0,6,1,0,0,10,0,2,0,0,0,3,0,42,4,11,1,2,0,4,0,0,0,0,1,0,1,1,4,1,4,0,0,1,0,15,0,4,1,9,1,6,1,29,2,0,1,4,20,1,0,0,1,4,3,2,2,7,3,1,0,0,1,50,0,1,0,3,0,4,6,0,20,1,0,1,0,0,1,3,3,3,0,4,3,0,0,1,2,2,0,3,0,2,0,1,0
PO15,10,1,0,2,9,1,3,1,4,8,1,1,0,7,4,0,1,0,0,2,1,0,5,6,1,4,1,1,5,36,4,1,2,24,0,0,8,4,6,27,3,28,0,0,0,3,6,1,9,2,6,1,8,1,2,45,0,7,2,1,9,1,1,1,1,1,3,3,0,2,20,4,2,9,10,0,0,13,2,1,5,1,1,0,1,3,0,0,2,5,0,3,1,1,2,1,8,1,1,0,0,0,5,1,1,0,0,1,1,0,1,23,2,0,26,1,1,0,2,18,0,35,3,0,3,0,1,0,0,1,1,0,1,7,13,11,0,2,16,0,1,1,15,14,0,7,8,2,4,1,0,18,2,9,1,2,3,8,4,2,4,0,8,0,0,0,3,0,0,1,6,1,3,2,3,0,1,9,0,11,1,2,2,0,3,1,1,3,0,26,3,4,0,0,8,1,5,7,7,4,15,1,2,3,1,1,16,0,30,5,12,0,0,1,25,1,7,0,6,1,5,3,1,1,2,1,0,2,9,0,1,1,2,10,7,1,0,7,0,13,2,1,0,0,1,1,4,0,0,16,14,0,2,0,12,0,48,4,2,4,8,0,4,2,1,11,14,5,15,19,2,0,5,12,2,0,2,8,1,0,1,4,6,0,0,1,11,26,2,0,11,1,2,1,8,0,3,2,6,9,0,6,1,0,1,7,3,3,2,1,7,3,4,0,1,2,0,1,0,0,8,16,0,0,5,2,3,5,17,15,19,0,2,14,0,1,0,3,6,1,2,4,7,2,5,2,16,1,8,1,0,2,1,0,0,2,0,36,0,5,13,0,67,10,1,2,0,11,5,4,17,2,0,0,0,29,1,4,1,4,2,18,0,1,0,4,3,24,1,3,4,17,2,2,10,1,0,7,4,8,38,0,0,2,16,2,0,3,7,7,0,0,0,0,5,0,6,18,12,3,1,5,18,14,6,0,20,0,1,1,1,36,1,1,0,3,2,1,1,4,1,10,4,4,2,1,5,4,2,0,3,1,0,1,15,29,7,10,3,2,2,2,6,2,0,2,0,2,1,8,0,18,0,0,0,5,0,1,2,0,3,0,0,20,1,2,2,0,0,5,0,0,0,1,28,1,8,5,2,0,2,1,1,6,2,2,2,3,0,9,2,1,7,2,1,2,6,8,0,1,1,1,1,0,18,0,2,0,4,1,2,1,10,0,9,7,0,7,5,0,1,0,0,16,2,0,5,0,2,8,9,3,2,37,3,17,1,1,5,2,6,3,1,11,32,0,4,10,13,1,3,13,1,20,0,7,3,2,69,4,15,1,9,0,1,0,0,14,11,0,12,13,3,9,2,3,2,0,7,3,2,0,9,0,0,0,0,1,0,4,3,41,12,3,1,1,4,8,0,74,1,1,15,4,4,5,0,0,1,5,0,2,4,2,4,6,135,0,0,3,3,3,1,2,2,0,3,2,4,3,8,0,5,9,1,5,3,3,3,6,0,105,0,8,6,1,0,6,14,7,1,5,5,0,5,6,3,1,10,6,0,1,3,6,1,2,4,14,9,3,5,0,3,6,0,1,13,5,1,5,7,19,4,1,0,0,6,0,2,0,0,0,0,1,3,6,7,14,10,0,0,0,11,0,2,0,8,0,1,3,0,0,4,0,1,4,1,8,3,5,42,1,37,0,3,12,4,1,5,0,7,8,3,0,1,1,7,17,3,43,0,3,4,0,0,3,1,1,0,5,0,4,6,4,5,1,0,1,15,6,0,18,4,1,0,1,14,0,1,5,2,10,2,1,0,1,1,27,2,1,8,2,4,1,1,2,2,6,1,4,1,1,0,7,1,3,0,1,1,0,2,5,0,0,1,9,14,7,6,1,2,5,4,7,6,0,1,0,0,1,16,11,2,0,3,2,0,15,1,1,2,0,5,0,3,26,0,3,6,2,1,5,9,4,1,3,8,1,76,0,2,12,0,0,18,2,0,0,11,1,1,2,8,6,1,0,2,16,4,4,0,11,10,0,19,6,13,36,3,216,1,14,1,0,7,21,3,4,1,5,16,0,0,2,2,2,0,1,2,0,2,0,1,4,1,2,0,1,0,3,18,18,28,6,17,7,45,1,6,2,3,1,1,1,0,1,0,4,0,1,10,1,14,1,0,0,7,1,10,1,2,4,5,8,2,3,2,0,2,1,2,90,5,36,0,3,5,0,14,2,2,0,3,6,5,3,18,1,11,2,4,1,3,9,0,0,2,0,12,0,0,1,5,2,0,3,2,6,6,11,1,0,4,8,5,0,10,0,2,12,8,1,20,1,0,3,6,1,1,11,2,3,15,1,5,13,6,0,1,0,1,0,3,5,0,15,1,1,2,0,16,5,2,6,10,4,1,0,9,15,2,5,6,1,1,2,0,0,12,0,9,1,0,7,2,0,0,0,1,6,0,0,1,2,2,5,0,4,1,14,0,2,0,7
PO13,1,7,53,2,28,0,3,1,4,0,2,6,2,5,12,6,0,1,0,1,0,1,8,37,0,5,41,0,0,22,3,0,1,29,2,10,0,0,0,5,13,144,2,1,0,4,0,0,16,2,6,4,0,0,13,5,6,0,0,5,3,0,3,0,0,1,0,0,1,1,6,2,4,7,0,1,1,31,116,0,12,1,0,0,1,1,4,4,9,0,7,0,28,0,0,0,0,5,0,0,2,1,3,2,0,17,2,0,4,0,1,4,0,18,0,1,1,1,0,29,4,42,0,1,1,0,0,1,0,11,0,1,32,0,20,0,3,0,0,13,1,1,35,6,14,16,0,17,4,2,1,20,0,2,20,0,0,47,0,37,2,13,4,0,0,0,18,1,2,1,0,1,4,6,0,1,0,0,23,4,1,5,61,0,0,5,2,0,1,72,15,0,1,0,4,26,0,10,5,2,0,1,3,0,5,0,29,6,26,4,7,16,1,9,10,0,0,1,0,5,5,2,1,0,0,1,2,0,5,28,5,0,3,3,1,3,2,24,1,9,0,1,2,0,1,1,2,0,1,7,19,1,3,1,18,3,70,0,1,1,1,1,37,11,5,1,2,8,7,31,1,0,2,3,0,3,0,0,0,1,0,6,0,10,1,0,24,6,0,0,9,40,0,0,2,0,1,0,9,1,12,5,0,1,2,19,0,5,1,0,2,5,0,229,1,1,2,3,3,1,4,15,6,5,0,0,7,0,31,0,1,0,1,2,2,0,0,6,0,6,14,0,5,15,4,2,39,5,15,2,12,1,1,2,0,0,0,10,1,32,17,0,27,10,8,0,0,0,0,3,8,2,0,0,1,50,4,3,1,9,2,13,0,2,0,5,6,77,5,2,2,7,33,0,2,0,0,0,0,0,106,0,0,4,0,0,0,0,0,0,7,0,2,0,1,6,5,33,1,8,0,7,42,9,0,3,5,0,2,0,0,72,0,1,1,1,1,0,0,0,5,4,1,0,8,0,1,0,3,0,0,1,0,0,42,17,27,11,0,2,0,1,16,0,0,7,12,4,2,5,20,31,2,1,2,60,0,0,3,1,29,3,58,3,1,0,0,0,14,7,1,0,0,10,5,11,0,1,0,0,0,4,0,2,3,0,2,63,9,0,0,2,6,9,0,0,0,1,13,49,1,1,20,1,0,0,2,4,0,2,4,13,0,1,18,0,7,7,4,0,0,14,22,0,0,22,21,0,11,16,27,0,6,52,50,0,7,7,23,7,4,19,6,0,7,6,17,4,3,25,1,2,0,24,1,5,20,14,257,0,0,5,2,0,7,10,2,28,1,6,49,6,14,37,3,78,0,1,18,4,0,0,11,2,0,2,6,2,0,0,0,0,34,9,10,0,8,1,5,38,0,0,4,8,8,0,9,3,0,4,2,0,6,4,5,1,299,5,0,0,0,6,0,2,5,4,1,4,4,0,2,0,1,0,3,1,2,2,11,21,0,83,10,0,6,2,1,0,18,12,0,7,21,1,0,18,20,1,26,0,0,1,0,12,33,2,0,3,0,2,1,4,1,9,0,1,0,1,0,5,0,18,0,2,1,6,0,2,1,0,0,4,1,0,1,5,0,144,3,19,0,2,7,0,4,1,12,16,0,0,1,1,4,0,1,1,3,0,8,5,15,0,51,2,1,210,4,0,6,0,1,16,7,20,2,35,6,1,0,2,0,22,66,1,2,52,2,14,0,6,2,1,0,12,0,2,1,6,3,1,2,8,9,1,3,4,26,0,0,4,0,1,1,4,17,3,0,34,1,0,7,0,8,1,7,0,1,0,0,13,0,0,10,0,17,0,1,4,1,0,10,8,2,28,2,11,0,0,0,1,0,35,0,9,0,1,0,1,1,4,0,13,4,1,1,0,9,4,0,4,1,31,24,1,2,5,0,0,61,2,2,0,98,8,18,0,0,0,54,6,1,2,0,0,14,2,2,0,1,0,0,13,4,7,0,21,0,27,7,14,14,35,63,18,31,4,5,8,2,1754,2,1,70,1,1,0,20,33,0,15,16,0,2,0,1,0,0,0,0,0,10,0,0,0,0,0,1,4,2,9,10,448,5,0,1,20,2,5,3,1,3,0,0,0,7,0,0,6,1,9,0,0,28,0,0,0,1,2,1,0,0,110,60,7,0,30,0,0,0,0,0,64,1,16,15,1,0,0,0,1,2,1,35,0,41,16,13,0,116,3,0,2,0,0,3,190,0,2,0,0,1,1,3,8,15,8,0,0,18,48,9,0,4,0,1,1,2,1,6,0,44,2,18,3,3,2,0,2,0,42,2,2,41,9,0,51,6,7,3,3,9,0,1,0,1,2,2,2,0,1,10,0,0,0,24,15,4,0,6,7,3,1,39,2,0,2,0,6,24,0,1,5,0,0,13,4,0,18,4,4,0,0,2,10,6,2,9,7,1,2,6,4,6,6
SMC027,0,9,73,2,0,0,4,4,12,15,7,0,5,4,125,0,0,4,24,0,4,4,0,17,40,5,1,0,66,9,0,10,9,167,28,2,74,10,1,2,2,54,0,1,0,0,50,55,0,1,51,0,39,0,0,18,2,1,14,3,3,1,45,4,4,9,1,67,1,2,18,1,0,46,0,2,2,7,10,7,10,1,3,0,2,0,0,13,1,15,0,5,174,7,0,10,14,9,1,9,1,1,1,0,3,1,7,1,0,1,0,10,1,0,7,1,14,1,1,0,1,31,0,1,0,0,2,3,1,1,40,0,10,1,0,0,2,2,1,4,0,29,4,69,2,14,1,29,0,15,0,55,2,0,1,5,10,9,16,0,0,0,8,0,21,1,1,1,10,1,0,0,2,49,16,0,13,23,0,0,7,0,43,4,29,13,0,2,2,32,1,0,0,6,4,0,0,1,0,6,1,1,0,15,2,4,67,0,3,12,0,45,4,0,0,18,8,0,88,5,1,1,13,0,12,2,9,5,2,32,10,3,1,64,0,0,0,33,2,19,15,0,2,0,1,29,8,1,12,3,1,1,11,10,0,1,116,1,5,0,0,0,14,17,4,39,47,2,30,7,8,1,1,0,17,17,1,0,1,2,8,27,0,3,15,7,0,1,25,4,14,95,0,5,0,4,4,42,2,16,0,15,8,2,0,0,0,10,0,0,0,23,2,13,3,3,8,0,2,1,0,54,124,5,1,12,15,26,20,20,91,1,1,0,0,1,6,7,0,19,3,0,7,10,2,3,96,10,135,1,12,9,0,0,7,0,10,5,0,3,61,3,17,77,3,0,0,14,4,27,3,0,1,3,1,144,5,16,1,21,5,0,2,0,1,7,0,12,2,0,2,0,10,1,4,0,1,10,7,0,53,10,18,1,17,0,0,2,0,33,2,151,1,2,1,2,4,14,1,2,0,2,44,10,1,6,119,0,39,2,2,0,1,0,1,2,0,2,2,18,44,19,4,0,2,0,1,5,10,0,0,1,34,62,1047,48,0,0,0,50,1,3,1,2,3,0,2,14,6,11,0,58,0,1,15,51,1,11,31,15,0,0,2,3,9,3,1,63,37,5,9,0,4,36,6,1,5,3,0,6,15,0,0,62,0,0,0,1,5,0,4,7,4,9,24,1,1,1,12,1,10,51,1,0,0,60,4,27,1,6,2,5,111,0,3,0,5,0,0,17,0,2,1,1,2,0,45,0,2,3,0,2,21,358,0,6,1,1,0,14,1,5,1,12,35,41,14,1,13,2,6,1,0,0,0,9,0,5,28,16,27,0,6,1,0,17,2,0,4,21,2,49,1,0,0,89,7,2,14,1,6,0,0,0,0,3,2,0,4,1,3,0,1,0,2,0,15,0,653,26,2,0,0,0,0,3,46,0,4,51,7,12,0,0,6,0,14,6,6,3,0,0,9,1,0,41,11,1,0,1,0,2,0,20,1,11,11,0,0,38,3,36,23,0,26,9,1,0,25,0,1,7,23,0,11,0,15,21,0,1,1,7,1,0,40,1,4,9,0,2,0,28,1,5,5,4,1,2,0,68,22,25,5,0,1,25,11,0,0,2,135,1,0,5,15,0,4,3,26,127,27,6,0,4,0,1,12,32,0,20,0,5,2,3,4,5,0,35,5,6,85,1,1,0,8,2,4,1,4,32,1,74,0,2,37,1,2,107,12,24,0,0,26,0,0,0,0,10,11,2,0,0,4,307,15,0,1,1,1,2,1,1,0,0,1,2,27,1,29,19,7,0,8,1,1,33,0,4,2,5,0,0,4,0,1,0,0,2,14,34,0,11,1,2,0,24,0,18,1,0,5,39,1,33,17,0,3,1,0,1,1,6,0,0,5,0,1,59,0,3,2,25,1,6,2,0,0,2,26,0,0,2,24,1,0,13,9,14,44,1,3,1,3,4,5,0,0,6,157,4,27,3,1,2,16,8,0,1,3,17,8,0,6,28,11,2,1,18,23,7,9,37,36,22,41,3,20,263,16,718,6,1,7,1,0,55,0,1,1,2,14,1,3,0,15,3,6,4,2,0,0,0,30,48,0,0,6,2,1,2,48,22,166,12,8,9,5,0,0,4,1,6,15,0,6,4,1,17,0,41,7,6,65,3,0,1,3,37,0,0,8,0,44,0,1,13,0,0,11,30,0,12,0,45,0,15,5,0,0,0,9,0,0,1,0,0,58,16,40,4,1,1,54,7,13,1,63,16,0,15,2,12,18,15,0,32,13,0,71,23,8,22,2,3,15,0,4,10,1,0,0,28,0,2,6,3,17,11,3,0,2,1,103,13,9,4,15,16,18,0,1,9,2,14,4,25,0,2,19,1,47,0,5,17,12,36,5,0,0,0,7,4,0,0,69,1,0,0,19,0,2,0,24,0,10,1,30,1,7,3,54,76,0,0,19,1,5,12,0,0,0,11,33,33
SMC029,0,1,55,0,10,1,1,1,0,88,0,3,5,0,0,0,0,4,0,1,2,1,0,4,0,13,0,2,15,44,1,1,3,9,2,2,6,0,0,0,7,83,0,0,1,6,18,0,0,1,27,0,0,0,23,65,1,0,0,0,87,0,2,2,1,9,0,0,3,7,35,1,1,0,2,0,23,0,1,1,0,5,11,9,1,1,1,0,0,2,0,0,5,1,0,3,3,1,12,0,1,0,2,0,2,0,0,5,0,11,0,31,0,6,0,1,6,0,3,0,0,0,23,1,0,2,4,2,41,1,0,1,8,169,7,7,1,11,0,0,1,5,7,35,4,0,53,4,0,2,0,59,5,2,5,7,0,0,0,0,3,1,0,0,0,0,1,1,0,3,4,2,20,0,4,3,0,0,0,27,4,4,35,0,0,0,4,3,0,0,7,1,2,1,6,1,11,0,0,0,0,2,2,0,46,0,40,0,5,0,0,0,5,1,24,2,1,0,0,8,0,0,6,2,1,6,8,2,4,8,0,3,0,0,52,0,1,0,3,16,0,3,0,2,6,4,1,0,0,5,1,1,5,2,0,0,115,15,4,1,0,0,35,1,4,1,3,1,0,57,5,1,0,1,8,7,0,0,1,17,4,0,1,3,0,6,0,0,0,0,4,2,0,2,0,0,0,0,0,0,0,0,2,0,0,6,1,5,0,6,0,6,0,7,0,9,2,4,4,1,2,1,13,1,4,0,3,3,18,1,33,0,1,0,1,0,2,2,1,15,0,16,3,0,1,0,27,0,42,0,0,50,1,0,2,0,2,1,2,3,1,5,16,6,0,6,1,1,0,6,7,0,2,2,1,11,3,4,2,9,0,0,1,0,3,2,10,1,0,0,0,4,0,0,3,2,4,0,0,2,15,0,0,0,1,0,0,0,10,4,1,0,6,3,5,0,5,2,0,0,2,3,14,4,3,3,2,1,22,2,1,1,1,0,1,1,0,0,8,14,0,18,2,0,1,13,1,33,0,0,1,0,0,4,44,0,40,1,38,2,0,0,0,0,9,0,1,2,2,4,0,4,0,3,6,0,1,1,0,3,1,1,0,1,3,0,4,0,0,10,0,1,3,18,17,5,0,0,0,30,0,0,1,0,11,0,0,0,3,12,0,0,26,0,1,0,0,2,7,0,1,1,0,0,0,5,3,0,6,3,0,1,0,0,24,2,1,6,2,0,1,0,1,2,1,12,17,0,1,0,0,1,2,2,1,0,2,5,1,0,2,1,2,1,0,28,15,0,2,97,0,1,104,0,2,0,0,0,0,0,0,29,5,4,5,6,0,0,0,7,0,15,0,1,2,1,0,5,2,1,0,1,0,0,19,10,2,0,1,0,53,0,0,0,0,0,0,1,9,9,0,26,0,1,0,1,2,0,0,0,2,0,0,1,6,0,1,2,0,0,2,0,1,0,1,6,18,0,0,3,0,3,0,0,1,2,0,1,0,0,1,3,0,0,0,25,0,0,31,0,0,0,1,0,2,14,0,1,0,0,1,5,1,0,0,0,2,4,3,0,0,1,2,0,2,1,0,1,1,0,0,0,1,0,5,0,3,0,1,0,3,5,0,4,7,0,0,35,0,0,1,0,30,0,1,6,1,2,0,2,0,0,0,0,0,0,3,0,0,8,15,0,1,0,0,0,0,0,0,4,12,2,0,22,0,0,66,16,0,12,24,0,0,18,3,0,18,3,0,26,0,0,5,7,21,1,4,13,0,5,0,1,0,3,0,0,2,0,0,0,5,13,3,2,0,9,2,0,1,0,0,7,2,0,0,2,0,0,0,5,0,1,3,0,0,0,0,0,0,0,0,2,0,5,2,0,0,67,1,0,0,0,5,1,0,3,0,0,0,3,0,6,0,0,0,0,0,0,0,0,0,2,2,0,0,1,0,0,52,0,3,2,0,10,0,1,39,0,17,0,0,0,0,15,1,0,63,0,0,0,0,0,0,0,1,1,0,0,0,0,3,0,0,0,0,0,2,7,0,198,0,0,0,0,2,5,0,0,0,0,6,0,4,0,5,0,1,22,0,1,0,1,6,0,0,0,2,1,2,1,15,607,19,0,0,0,5,0,1,1,0,1,1,1,1,5,22,0,0,1,0,0,0,0,0,0,1,1,17,13,0,0,3,0,2,2,1,0,0,1,0,2,0,7,2,4,0,0,1,7,3,0,0,2,0,15,0,5,1,0,0,4,1,0,1,0,21,0,0,2,0,0,0,0,0,0,0,0,37,3,2,4,1,1,0,0,1,0,5,7,0,0,5,0,2,7,17,16,1,0,0,0,40,0,5,0,13,22,25,21,10,0,0,0,3,25,5,0,7,11,0,0,0,1,24,0,1,4,0,0,0,0,0,3,1,0,0,0,0,0,0,0,0,0,0,0,0,15,3,0,0,7,3,1,2,0,0,1,0,1,0,0,0,8
PO23,0,4,0,0,1,0,1,0,0,1,1,2,0,0,3,1,15,0,0,0,0,0,0,3,0,1,0,0,4,4,1,0,0,1,2,0,0,1,0,9,0,10,2,7,0,0,0,0,2,0,2,0,0,0,0,13,3,8,0,0,0,0,0,1,1,2,0,0,0,0,0,1,0,0,1,0,10,0,3,0,0,2,0,0,3,0,0,3,3,1,1,0,0,7,1,0,1,1,0,0,0,1,0,0,0,0,0,1,0,0,0,0,5,4,14,0,0,0,0,1,0,1,4,0,0,0,0,0,0,0,0,0,2,0,3,0,0,3,0,0,0,2,8,6,3,1,0,0,5,3,0,1,0,0,2,0,1,0,0,1,0,1,1,0,0,0,0,0,0,0,0,0,0,0,1,0,1,0,1,7,0,2,40,2,1,0,0,0,0,5,1,0,0,0,3,0,0,0,2,0,4,1,3,0,2,0,0,1,32,0,1,0,0,0,1,0,0,0,2,0,0,0,1,0,0,0,4,0,1,2,0,0,1,0,3,1,0,2,0,1,0,0,0,0,0,5,2,1,1,0,1,0,6,3,10,0,31,4,0,2,0,2,13,0,1,0,0,1,3,0,0,6,2,3,0,1,1,0,0,1,1,0,0,0,0,1,1,4,0,1,0,3,0,0,1,8,12,0,6,0,0,0,0,0,9,0,1,0,7,0,0,1,2,7,0,0,1,2,0,0,5,5,4,2,0,2,1,0,2,1,0,1,0,1,0,0,0,1,0,2,5,5,1,4,1,0,6,4,0,2,0,1,0,0,0,0,2,0,0,5,5,0,1,13,0,0,0,2,1,3,0,1,0,0,1,5,1,1,0,0,0,1,1,1,0,5,1,0,0,0,0,8,2,0,2,0,0,2,0,3,7,0,6,0,11,13,0,1,7,2,0,0,1,0,1,2,1,0,0,0,2,0,16,30,0,0,0,0,9,3,1,0,0,0,0,4,0,0,3,1,2,4,0,2,0,0,0,0,2,2,0,0,0,0,45,2,1,1,0,1,0,0,2,1,0,1,0,0,0,2,0,29,0,0,0,2,0,0,9,0,1,0,18,1,0,1,1,2,0,0,0,1,1,6,1,0,0,0,0,0,1,1,5,0,3,1,5,10,1,1,1,0,0,5,0,0,1,3,5,3,0,0,5,2,0,1,0,2,0,0,1,0,14,0,0,0,1,4,1,1,1,3,0,2,0,4,0,1,2,0,7,0,1,9,3,1,2,0,1,1,0,5,1,0,0,0,0,6,0,1,0,1,0,1,0,1,6,1,38,1,0,0,0,0,2,6,0,0,0,2,18,13,0,0,0,1,7,1,0,3,0,0,0,3,0,1,0,0,0,0,0,0,0,0,0,1,0,7,0,8,1,0,0,2,5,0,2,0,0,2,2,0,1,3,1,0,150,0,0,0,1,0,0,0,0,0,0,0,1,2,5,0,3,1,0,1,1,4,0,6,0,41,0,1,4,1,0,0,12,0,0,0,1,1,2,2,4,1,0,0,0,0,1,0,0,0,1,3,0,0,1,0,0,0,1,0,5,0,3,0,0,11,0,0,0,0,0,0,0,5,1,0,0,0,1,0,0,51,2,0,1,0,0,0,1,0,0,0,0,0,1,0,1,0,0,0,1,4,0,1,1,0,1,3,0,0,0,1,0,0,1,0,4,0,0,11,0,3,2,1,1,12,4,0,0,0,11,0,1,12,0,1,7,21,0,0,0,3,2,0,0,3,0,1,1,1,1,0,1,3,0,0,0,0,4,0,1,3,0,0,1,0,0,60,0,1,1,0,0,6,4,0,0,1,0,0,1,1,0,5,2,0,0,2,0,3,1,0,1,1,7,2,2,1,0,0,0,0,2,0,1,0,0,0,0,0,1,1,0,0,0,7,7,0,1,3,0,2,2,5,0,0,8,0,1,0,0,0,7,2,8,0,0,6,1,0,0,0,3,0,0,1,0,2,0,0,5,2,4,3,0,2,2,0,1,0,3,28,0,138,0,0,7,0,2,6,0,0,0,0,2,1,0,0,0,0,0,0,3,0,0,0,3,0,0,0,0,0,2,8,2,106,6,3,46,9,0,0,4,2,1,1,2,0,0,0,15,1,1,1,1,0,1,0,0,0,10,7,5,0,1,0,1,0,0,6,1,10,3,2,0,47,0,7,3,1,0,0,0,0,1,0,6,0,0,2,10,0,5,0,0,0,0,1,3,0,10,0,5,0,0,2,0,0,0,3,1,0,0,6,22,0,1,0,4,0,2,0,0,0,2,3,2,4,4,1,1,3,0,18,1,0,2,1,0,0,4,2,1,0,1,0,0,0,0,9,0,5,6,0,3,0,0,0,6,0,0,0,0,5,0,1,0,0,2,0,7,1,0,0,0,2,1,40,1,5,3,0,0,0,6,0,0,0,0,0,1,12,1,15,1,3,0,6
PO11,4,0,55,0,5,0,0,1,4,4,4,1,0,0,2,0,5,0,0,1,0,0,0,14,0,2,19,0,0,30,4,0,1,59,3,0,1,1,2,12,3,91,1,1,0,0,9,1,1,0,4,3,1,2,1,5,0,12,0,0,18,8,2,2,0,1,2,0,0,0,1,1,27,4,1,3,0,7,55,0,2,2,1,0,4,12,2,0,1,1,1,0,6,4,0,0,4,1,0,0,1,0,0,1,5,5,0,1,1,0,3,5,0,79,7,0,0,1,0,1,1,29,11,0,3,0,0,0,0,1,27,0,6,0,3,0,0,0,2,2,0,3,9,16,23,15,0,0,1,1,5,6,2,0,9,0,1,20,1,118,1,17,3,1,0,0,0,0,1,4,1,0,3,0,0,0,6,1,0,22,0,2,24,1,4,3,0,0,1,30,2,0,0,0,12,0,3,7,1,2,0,0,2,1,0,1,13,1,34,7,1,8,0,2,19,0,6,5,0,0,1,1,1,44,0,0,0,0,0,12,0,3,2,0,1,0,0,0,0,11,2,3,1,0,0,0,12,8,0,10,8,1,1,5,0,7,65,2,0,1,37,1,128,1,4,0,16,1,88,18,0,0,0,57,0,2,1,5,0,0,2,0,0,2,0,0,4,19,10,0,1,1,6,2,3,2,3,7,6,0,9,0,0,13,2,21,5,3,0,0,1,1,2,4,0,0,0,0,0,0,5,2,5,2,1,0,6,0,4,1,3,7,0,2,2,1,1,0,8,1,0,3,5,26,4,0,11,0,0,3,0,0,1,7,1,0,0,39,0,1,6,0,4,30,0,0,0,0,1,5,0,0,1,1,2,16,0,5,0,7,6,2,0,1,0,4,2,45,1,9,5,19,11,6,0,1,0,3,1,1,16,3,0,0,0,1,2,2,8,1,0,1,0,0,3,1,2,0,0,4,5,1,5,11,1,3,22,1,0,0,0,4,1,0,0,1,3,0,2,1,9,1,1,16,0,1,1,2,0,1,0,1,6,0,35,10,17,24,3,0,0,0,5,0,3,2,5,1,0,2,1,0,0,1,1,28,2,5,0,0,74,0,11,5,0,0,2,1,0,1,0,1,1,0,22,9,3,0,3,28,2,1,4,2,0,2,3,6,1,31,2,0,0,0,1,0,5,3,0,11,0,1,0,0,31,0,1,2,12,1,52,0,8,21,16,4,0,2,1,0,2,2,1,3,0,7,0,2,1,4,21,0,6,3,0,2,1,0,3,2,0,4,0,3,4,1,5,19,1,1,0,16,2,88,1,0,70,8,208,2,5,2,6,6,0,0,0,0,0,0,9,42,2,0,0,69,2,3,0,1,0,0,0,1,0,0,1,0,0,0,7,2,1,3,5,0,5,1,1,22,0,13,2,4,1,5,0,0,0,0,0,0,5,3,1,3,99,0,8,4,0,1,0,2,3,1,0,0,1,1,3,1,8,0,2,0,5,14,13,18,0,9,0,3,0,1,1,4,15,0,1,8,1,0,3,4,41,0,8,2,0,4,0,0,0,1,0,1,1,9,30,0,3,0,15,0,6,1,1,0,4,14,0,1,0,22,0,14,0,0,0,7,0,0,1,0,2,37,4,2,0,0,0,4,6,1,30,33,0,5,0,1,3,1,8,4,2,1,0,3,2,0,4,3,0,64,11,0,0,7,4,1,0,2,0,0,19,20,1,9,0,2,74,1,0,43,0,1,10,0,0,0,2,3,5,0,5,2,0,3,5,0,0,0,3,1,21,3,3,10,2,0,2,0,1,1,3,5,3,2,0,4,2,7,1,4,1,6,0,2,14,2,3,1,4,2,3,6,0,1,3,0,1,0,0,3,16,0,22,0,0,3,0,17,5,0,0,4,3,0,8,0,7,0,8,2,0,5,0,0,8,5,15,0,1,24,1,0,129,48,0,5,52,0,3,0,0,2,65,4,4,11,2,0,18,3,5,1,1,1,4,0,10,27,2,14,0,5,9,1,5,3,74,17,5,25,4,2,0,838,0,0,34,2,1,49,1,9,0,13,7,0,1,0,4,0,21,0,4,0,1,0,12,9,6,2,2,0,0,13,12,332,1,7,62,8,14,14,4,2,0,1,2,5,0,0,4,0,7,2,0,1,18,0,3,2,0,10,41,1,2,1,52,26,0,13,1,2,1,2,0,59,8,27,10,1,14,1,1,0,2,3,21,0,2,19,62,0,26,2,0,0,7,0,5,6,7,3,9,2,2,0,1,0,10,2,72,20,3,0,16,1,6,4,10,15,4,14,4,2,2,1,10,4,1,5,6,3,0,1,0,1,11,13,0,12,1,1,1,0,12,1,0,0,0,7,0,0,0,0,11,5,3,1,25,4,2,0,4,4,20,34,9,1,2,1,1,0,1,36,2,1,1,0,2,2,4,4,1,0,10,2,2,2,0,1,1,0,0,35,0,10,3,9
SMC036,0,0,0,0,1,0,4,1,0,1,1,11,2,42,0,0,5,0,0,0,0,0,0,4,0,4,0,0,0,4,0,0,0,2,0,0,2,0,0,0,0,0,0,0,0,0,0,1,0,0,14,0,0,1,0,1,0,0,0,0,2,0,0,0,0,0,5,0,2,0,0,0,0,0,0,2,1,0,1,0,0,0,0,0,1,1,0,0,0,0,0,1,11,0,0,1,0,0,0,0,0,1,0,0,0,2,0,0,0,0,0,13,0,0,0,0,8,2,2,1,0,0,0,4,2,3,2,0,0,0,0,1,0,0,0,0,0,0,0,0,0,1,86,2,0,0,0,0,0,1,0,0,0,0,0,0,0,1,0,0,0,0,0,0,0,0,0,1,0,0,33,0,26,0,0,0,0,0,24,0,0,0,0,0,0,0,0,0,0,0,0,0,1,0,0,0,1,0,5,0,0,1,0,2,0,0,1,0,4,0,0,0,1,0,5,0,0,0,1,0,0,4,0,0,0,5,2,6,0,0,0,0,0,2,0,0,3,0,0,0,0,0,0,0,0,0,0,0,0,0,0,3,0,0,0,0,24,0,0,0,0,0,0,0,0,0,0,0,0,0,0,0,0,0,0,0,0,0,0,0,0,0,0,0,1,0,0,1,0,0,4,0,0,0,8,0,0,27,0,0,0,0,0,0,3,0,0,0,0,0,0,0,0,0,0,5,2,0,0,0,0,5,11,0,0,0,9,1,8,0,0,0,0,0,1,0,0,1,1,16,0,0,4,0,0,0,5,0,0,0,0,0,0,12,0,1,0,0,1,0,1,0,6,0,1,0,0,0,0,0,0,0,0,0,0,7,0,0,0,0,2,0,0,0,0,0,0,0,0,0,0,45,7,0,0,0,0,0,0,0,2,1,0,1,0,0,1,0,0,0,0,0,1,0,0,0,0,0,0,0,0,0,0,0,0,5,115,0,2,0,0,0,0,0,0,0,0,0,0,0,0,2,0,1,0,4,0,0,0,0,0,0,0,0,203,0,0,1,40,3,0,0,0,0,0,0,1,0,5,0,0,2,0,2,4,0,0,0,0,0,0,0,0,0,0,0,0,1,0,15,0,0,0,3,1,0,0,0,0,19,0,0,0,0,0,0,1,4,2,0,0,0,0,0,0,0,0,0,0,0,0,0,0,0,0,0,0,0,0,0,0,0,0,0,0,0,0,0,0,0,0,0,5,3,0,0,0,11,0,0,0,0,1,0,0,0,1,5,0,7,0,6,0,0,0,1,0,0,0,0,13,0,0,43,0,0,0,0,46,0,0,0,0,0,0,0,0,0,0,0,4,0,0,0,0,0,0,5,0,0,0,0,1,1,0,1,0,0,2,0,0,0,29,0,0,0,0,1,6,6,0,0,0,0,0,0,2,1,0,0,0,0,0,1,0,0,2,0,7,0,0,0,2,0,0,0,0,0,0,0,0,0,1,0,0,0,0,0,0,1,0,172,5,0,0,4,0,0,7,0,0,0,0,1,0,0,0,0,1,0,0,0,0,0,0,0,0,0,0,0,1,0,0,0,0,0,0,0,0,0,0,0,0,0,0,0,0,0,0,0,0,5,1,0,0,0,0,2,9,0,0,0,1,2,1,0,2,0,0,1,1,0,0,0,0,0,0,2,0,0,1,1,0,0,0,0,0,0,1,4,0,0,3,0,0,0,1,0,0,0,0,0,1,1,0,0,0,0,0,0,11,0,0,0,0,1,3,1,0,0,0,0,0,0,0,6,0,0,0,0,0,0,0,0,0,0,0,0,0,0,0,0,0,0,0,0,1,0,0,0,0,0,0,1,1,0,0,0,0,2,5,1,0,0,0,0,0,0,0,0,1,0,2,0,0,0,0,0,31,0,0,0,0,0,1,18,23,3,0,0,0,9,3,0,0,1,0,1,17,0,3,0,0,0,0,0,1,0,1,0,0,0,1,0,24,0,0,3,0,0,0,0,0,0,3,0,0,226,4,52,0,1,0,0,0,0,29,12,0,118,0,0,0,0,0,2,19,0,0,5,6,0,2,0,3,1,0,0,0,0,2,0,1,0,0,0,0,0,0,2,0,61,1,6,21,0,2,1,0,3,0,0,0,0,0,1,0,0,0,0,0,0,1,1,3,0,0,0,0,0,0,0,9,0,12,0,0,0,0,3,0,0,0,2,0,1,0,3,0,0,0,0,0,0,0,7,0,0,0,0,3,0,0,0,0,0,0,1,0,0,0,0,0,0,0,0,0,0,35,0,5,0,0,0,0,0,0,0,0,0,0,9,0,0,0,0,0,40,8,0,0,0,20,0,0,0,0,101,1,2,0,0,0,1,6,0,0,0,0,1,0,0,0,0,0,0,0,0,0,0,0,0,0,0,0,0,0,0,0,0,0,0,0,0,0,0,0,0,0,0,0,0,0,0,0,0,4,0,0,0,0,1,0,0
SMC049,0,0,0,0,0,1,0,6,0,2,0,5,0,0,0,1,0,0,4,0,2,0,0,4,2,4,1,0,0,5,0,0,9,3,0,2,3,0,0,3,0,0,0,0,0,4,4,2,5,0,28,0,0,0,14,6,0,0,0,0,0,0,4,8,1,1,0,0,0,0,0,1,0,8,2,0,0,0,0,0,0,0,1,0,0,0,8,0,0,0,0,0,0,0,0,2,0,0,1,0,0,0,0,0,0,0,21,1,0,1,0,2,1,0,3,0,1,0,4,0,0,0,0,0,0,0,1,4,2,0,0,0,7,0,0,0,1,0,1,0,0,3,12,33,0,0,0,0,0,1,0,0,0,0,1,13,0,0,2,1,0,0,6,0,0,0,0,0,0,2,3,1,0,0,2,0,0,1,0,0,2,0,0,0,0,3,1,0,0,1,0,9,0,1,0,0,0,0,0,1,0,0,0,0,0,1,0,0,0,0,0,0,3,0,0,0,1,0,0,0,1,4,6,0,0,0,0,0,0,0,0,2,0,0,0,0,3,0,1,0,2,2,1,0,0,12,0,0,6,0,0,2,0,0,0,0,28,0,0,0,0,0,16,0,0,0,0,9,0,5,2,2,0,0,8,3,0,1,0,0,2,0,0,0,0,1,0,0,0,1,0,0,0,0,5,0,2,2,0,0,0,0,6,0,0,40,1,0,2,0,3,0,0,0,0,13,3,0,2,1,0,1,4,2,0,1,12,0,0,1,0,0,0,0,5,2,1,0,0,4,0,0,1,0,0,0,18,0,3,0,0,0,3,0,4,0,0,1,2,0,0,4,0,0,0,1,1,0,7,18,6,0,1,2,0,2,0,1,0,0,1,0,0,0,2,0,1,0,0,23,0,0,0,0,0,0,1,0,0,2,44,0,25,0,0,0,0,0,0,1,15,3,1,0,0,0,6,0,0,0,0,2,11,0,2,0,1,0,0,0,3,0,1,0,2,0,0,0,19,0,10,10,0,0,0,0,0,0,6,0,2,6,0,0,144,1,0,0,0,5,0,0,0,0,0,3,0,0,0,1,0,0,0,1,1,0,0,0,0,7,0,0,3,0,0,3,4,0,1,0,0,0,0,9,2,0,7,0,0,0,0,0,0,0,0,0,0,0,3,1,0,6,0,4,0,0,0,0,2,0,3,0,0,0,1,0,0,0,0,2,0,0,0,0,0,0,7,0,0,0,0,0,0,0,0,0,0,0,1,3,0,0,1,6,0,0,0,0,0,0,0,0,1,0,0,0,0,0,0,0,1,0,0,0,0,0,0,0,0,0,0,0,0,0,1,0,0,0,1,0,1,11,0,1,0,0,0,0,0,3,0,7,0,0,0,0,4,6,0,0,1,0,0,0,1,1,0,0,10,22,0,0,0,0,0,6,4,2,2,0,0,1,0,0,2,15,0,0,2,0,0,0,3,0,0,0,0,0,0,0,0,2,0,8,0,1,8,0,2,1,0,16,0,0,0,1,0,0,9,0,0,0,0,0,5,1,1,1,0,1,0,1,1,0,0,0,0,0,1,1,0,0,0,0,0,1,0,36,0,0,0,0,1,0,3,1,0,0,10,0,0,0,0,0,0,3,0,0,0,1,1,0,0,0,0,0,7,1,2,0,0,0,0,0,11,0,0,0,0,0,4,0,0,0,0,0,0,15,0,0,9,7,0,0,3,7,5,0,2,5,1,0,0,0,0,0,0,0,1,0,0,0,0,0,0,0,0,2,0,0,0,0,0,0,1,0,0,0,2,5,0,0,0,0,0,3,1,0,0,0,0,9,0,0,0,0,0,0,1,3,0,2,0,1,1,0,0,0,0,15,1,1,1,0,0,0,0,0,0,0,6,0,0,0,0,1,0,0,4,0,0,1,0,1,0,0,0,5,0,23,0,0,1,0,0,0,0,1,8,0,8,0,0,0,0,0,1,0,14,0,0,0,0,0,0,0,0,0,0,1,0,0,3,0,0,2,15,0,1,0,0,12,0,0,0,0,1,67,0,88,0,0,0,0,0,27,0,0,0,0,0,1,4,0,0,0,0,0,1,0,0,1,1,0,1,0,0,0,0,0,0,0,19,0,18,1,2,4,0,0,3,3,3,0,0,1,0,0,0,0,0,0,7,0,0,0,0,1,0,0,0,0,0,0,3,0,0,1,0,14,2,0,0,2,0,0,0,1,0,0,0,1,1,0,0,4,1,5,0,0,0,0,0,0,0,0,3,0,2,0,0,0,1,0,0,0,0,0,6,0,0,0,1,0,2,0,0,0,0,3,2,0,1,1,0,2,0,3,2,1,4,1,51,0,5,0,2,12,4,2,0,1,0,1,1,8,0,0,0,0,0,0,0,10,2,0,0,3,0,0,0,7,0,1,4,0,0,2,0,0,0,0,0,0,0,0,0,0,0,0,0,0,0,0,0,0,0,0,0,0,0,0,0,0
PO41,15,2,30,1,5,0,1,3,5,48,3,8,1,31,3,1,0,0,0,3,0,3,0,19,1,5,16,6,3,51,43,2,2,55,10,0,4,9,8,54,16,54,3,5,1,0,40,2,7,2,8,4,1,0,25,121,2,11,0,7,19,0,3,0,1,3,1,0,1,26,36,6,3,13,11,16,0,13,9,1,14,2,2,10,9,0,1,9,36,0,2,3,9,6,0,0,8,1,2,4,2,5,38,0,4,2,3,0,3,1,1,25,1,11,48,39,7,1,13,13,1,10,10,0,3,4,1,6,6,11,21,2,9,16,93,6,4,2,28,4,0,3,61,34,37,9,6,21,2,2,1,15,11,11,14,6,1,42,8,46,1,19,0,1,21,2,0,0,4,17,7,2,1,7,3,2,7,6,6,17,2,5,18,7,62,6,1,3,1,103,11,9,1,21,34,11,8,20,15,8,0,0,16,4,3,0,40,2,151,31,4,16,1,1,28,3,7,1,5,7,0,7,3,1,2,4,7,1,3,26,6,17,2,13,1,0,2,12,4,8,1,6,2,1,1,0,62,17,1,18,31,1,10,4,7,1,344,4,2,43,3,4,178,19,0,10,11,7,89,25,1,1,5,7,1,7,1,9,2,3,10,10,2,15,1,4,4,40,13,83,3,26,3,14,14,8,21,0,3,15,35,0,4,2,4,21,13,4,2,22,7,2,1,8,1,7,4,4,3,0,18,67,22,6,2,5,56,4,53,27,10,20,1,5,14,7,1,12,3,7,32,0,6,32,25,8,49,3,8,0,7,10,2,5,1,5,0,68,0,11,12,0,85,29,1,7,2,3,3,11,7,3,1,2,3,58,1,8,1,30,6,47,1,2,1,7,37,11,2,3,0,28,44,5,6,2,1,3,2,4,150,0,1,11,1,0,0,0,14,8,2,8,1,3,4,11,5,46,2,16,25,6,43,38,5,4,45,1,29,4,4,3,0,5,2,0,18,0,26,3,9,5,5,11,7,0,5,7,19,0,4,5,0,22,150,47,37,8,0,2,0,10,1,1,5,14,2,2,1,13,20,15,18,1,1,7,3,0,10,2,10,1,9,29,2,2,7,4,53,3,1,1,3,14,15,24,17,13,0,78,0,2,6,10,8,2,0,6,6,16,13,11,1,6,8,1,24,13,7,15,2,7,3,2,0,5,4,0,9,1,15,1,19,19,25,1,2,12,3,13,1,13,0,27,1,2,14,3,0,36,12,12,2,90,1,6,1,2,4,12,6,30,2,19,9,3,18,6,3,23,15,21,1,75,10,6,165,6,147,8,37,3,8,6,4,4,8,0,14,9,64,40,5,4,8,48,0,2,57,4,32,0,7,1,2,6,5,9,1,7,10,12,20,4,1,1,0,4,0,62,1,4,0,0,23,3,10,1,1,13,2,7,2,1,10,5,112,0,13,0,4,8,2,10,4,8,16,10,2,3,8,0,34,11,7,6,8,1,1,35,3,163,1,1,2,0,1,6,38,4,0,7,20,1,1,0,17,0,54,0,0,3,0,8,8,1,2,15,1,6,5,4,4,15,4,0,3,26,3,30,9,9,0,4,1,5,18,1,7,5,7,6,3,2,11,1,3,63,9,11,1,5,19,4,4,8,30,22,4,4,6,3,0,0,3,1,9,6,7,6,29,1,41,2,16,107,1,0,13,4,4,47,18,33,4,3,2,8,16,27,1,26,48,0,1,13,7,2,3,5,2,0,0,4,14,1,1,3,1,12,3,31,11,3,3,7,58,6,9,0,2,0,4,5,12,5,3,35,3,5,1,1,33,2,1,10,0,21,5,3,20,0,3,5,6,6,9,1,2,5,8,8,4,2,7,30,49,12,42,4,3,7,0,23,17,1,0,7,7,1,8,29,1,2,79,5,1,11,4,7,1,10,27,2,5,34,4,2,87,7,5,7,10,10,2,4,0,2,94,6,27,18,1,15,13,0,3,0,3,1,6,14,15,29,14,3,9,10,12,7,6,25,6,9,53,0,77,68,5,917,6,12,44,12,4,126,2,31,23,0,25,1,6,8,3,2,20,0,5,4,0,1,13,24,8,0,2,6,1,18,43,72,30,9,78,8,10,1,14,1,2,8,7,8,14,3,2,2,9,16,30,4,29,5,0,9,6,19,5,1,2,3,16,3,3,7,2,10,1,6,20,155,1,77,1,0,44,1,1,1,0,2,15,11,4,19,19,0,13,8,1,0,1,4,23,3,9,8,16,1,9,1,4,2,7,0,91,23,12,30,0,0,8,25,0,11,1,0,7,2,5,7,15,9,1,7,23,3,5,7,0,0,95,16,3,37,12,22,2,1,6,0,4,3,2,31,7,1,2,6,7,0,1,2,14,30,8,1,1,1,14,1,17,5,28,9,23,3,13,2,2,9,13,58,1,7,7,1,6,14,16,0,1,3,0,5,2,32,2,71,8,3,1,19
SMC041,0,0,0,0,2,0,0,0,0,0,0,3,0,0,0,0,2,0,0,0,0,0,0,1,0,0,0,0,0,0,0,0,2,14,57,0,0,0,0,0,0,0,0,0,1,0,0,0,0,0,1,0,0,0,1,0,0,0,0,0,0,0,0,0,0,0,0,0,0,0,0,0,0,0,0,1,4,0,0,0,0,0,0,0,0,0,25,0,0,0,0,0,0,0,0,0,0,0,2,0,0,0,0,0,0,0,3,0,0,0,0,0,0,0,0,0,0,0,0,0,0,0,0,0,0,0,0,0,0,0,0,0,0,0,0,0,0,0,0,0,0,0,2,1,0,0,0,0,0,0,0,0,0,0,0,0,0,0,0,35,0,0,0,0,0,1,0,0,0,0,1,1,0,0,0,0,0,0,0,0,0,0,0,0,0,0,0,0,0,0,0,0,0,1,0,0,0,0,0,0,11,0,0,0,0,0,50,0,0,0,0,0,0,0,0,0,1,0,0,0,0,0,0,0,0,0,0,0,0,0,0,0,0,0,0,0,0,0,0,0,0,0,0,0,0,0,0,0,0,0,0,0,0,0,3,1,1,0,0,0,0,0,0,1,0,0,0,0,5,0,0,0,0,0,0,0,0,0,0,1,1,0,0,0,0,2,0,0,0,0,0,0,0,0,0,0,0,0,0,0,0,0,0,0,0,0,0,13,0,0,2,0,0,0,5,2,1,0,1,0,0,2,7,0,0,0,4,0,0,0,0,0,0,0,2,0,0,0,0,1,3,0,0,0,0,0,2,0,0,0,0,0,0,0,0,0,0,0,0,0,0,1,0,11,0,0,0,2,0,2,0,0,0,0,0,0,0,0,0,0,0,0,0,2,0,0,0,0,0,0,0,0,0,0,0,0,0,0,0,0,0,0,0,0,0,0,0,0,0,12,0,0,1,0,0,0,0,0,0,0,1,0,0,0,0,0,0,0,0,0,18,0,0,0,1,0,0,1,0,5,0,6,0,0,0,0,1,0,0,0,0,0,0,0,82,1,0,0,0,102,0,0,0,0,0,0,0,0,1,0,1,0,20,0,0,0,0,0,0,0,13,0,0,0,1,0,0,1,0,0,2,0,0,15,0,0,0,0,1,3,0,0,0,0,0,0,0,18,0,0,0,0,19,0,2,0,0,0,0,0,0,0,0,0,0,0,0,0,0,0,9,0,0,0,0,0,0,0,0,0,2,0,0,0,0,1,0,0,0,0,1,0,0,0,0,0,0,0,0,1,0,1,1,0,0,0,0,0,0,0,0,0,0,0,0,0,32,0,15,0,0,0,0,2,2,30,0,0,0,0,0,0,0,1,0,0,0,0,1,0,0,2,0,0,0,0,0,0,0,0,0,0,0,0,0,0,0,0,0,0,0,0,0,0,0,0,4,0,0,0,0,0,4,0,1,0,0,0,0,0,0,0,0,0,0,0,0,0,0,0,0,3,0,0,0,0,0,0,0,1,0,0,1,1,0,1,0,0,303,0,0,0,0,0,0,0,1,0,0,0,0,0,0,0,0,0,0,8,0,0,0,0,0,0,0,0,1,0,0,0,0,0,0,0,0,0,0,0,0,0,0,0,0,0,0,0,0,0,0,0,0,0,0,0,0,0,0,0,0,0,0,0,0,0,0,0,0,0,0,5,0,0,0,0,0,0,0,0,0,0,0,0,0,0,0,1,1,0,0,0,0,0,0,0,0,0,0,5,0,0,0,0,0,1,0,0,0,0,0,0,0,0,0,0,0,0,0,0,0,0,0,0,0,0,0,0,0,0,0,0,0,0,0,0,0,0,0,0,0,1,0,0,1,1,0,0,0,0,0,0,0,0,0,0,0,0,0,0,0,0,0,0,0,0,0,0,0,0,0,0,0,0,0,0,0,0,3,0,0,0,0,0,1,0,0,0,12,0,0,1,0,0,0,0,0,0,0,0,0,0,0,0,0,0,0,0,0,0,0,0,7,0,0,0,1,1,0,1,0,1,0,0,0,1,0,0,0,0,0,67,0,1,0,7,0,0,0,0,0,0,0,0,0,0,0,0,0,0,0,0,0,0,0,0,0,0,0,0,1,0,1,0,0,0,192,0,0,0,0,0,0,0,0,1,0,0,0,0,0,2,0,0,0,0,0,0,0,0,0,0,0,0,7,0,0,0,0,0,0,0,0,0,0,0,0,0,0,0,0,0,0,0,0,0,0,0,0,0,2,0,0,0,0,0,0,0,0,0,0,0,0,0,0,0,0,0,0,0,9,0,1,0,0,0,0,0,0,0,0,0,0,0,0,0,0,0,0,0,0,0,8,0,29,10,0,0,0,0,0,0,0,0,0,0,0,0,1,0,0,0,0,0,0,0,0,0,0,0,0,0,0,0,0,0,0,0,0,0,0,1,0,0,0,0,0,0,0,0,0,0,0,0,0,0,0,0,0,1,0,0,0,0,0,0
PO28,6,1,17,0,1,1,1,3,0,83,4,3,3,27,2,3,0,1,1,2,0,1,3,3,8,3,41,2,12,23,1,2,0,29,54,0,5,1,3,34,0,146,0,0,0,0,28,1,12,3,10,1,0,3,18,67,2,0,8,1,1,0,1,0,0,6,0,0,0,1,10,1,0,4,0,1,0,2,0,3,4,0,0,10,0,0,0,4,2,9,3,0,3,4,2,0,7,0,0,0,0,0,4,1,1,1,3,0,3,0,2,4,2,1,1,2,2,1,3,0,0,13,2,1,46,1,0,0,0,7,4,1,1,1,28,5,0,13,0,2,1,0,32,22,8,3,0,6,13,5,3,12,1,0,8,0,4,20,4,15,0,0,0,4,3,3,0,1,0,1,7,0,10,1,0,1,1,1,1,34,2,2,21,4,2,5,0,2,1,16,1,4,0,4,15,4,0,2,9,1,0,6,8,2,3,1,45,0,16,2,8,0,0,1,6,0,0,2,1,2,6,0,0,1,1,0,3,0,150,10,3,10,0,21,0,0,0,2,0,2,0,5,1,3,1,6,7,0,3,0,8,0,4,2,9,0,257,1,0,87,1,25,37,1,0,16,1,1,3,2,1,0,3,4,1,1,1,0,0,0,4,1,3,6,1,1,0,15,2,1,21,18,0,4,19,19,9,1,0,0,0,9,1,0,0,0,0,0,3,8,2,0,0,8,1,4,0,0,0,0,3,19,0,4,4,3,7,6,24,8,0,1,1,16,1,1,0,2,19,1,10,29,2,15,1,40,25,2,20,1,2,13,0,0,3,0,0,7,0,0,8,2,25,20,1,2,0,0,0,3,7,0,0,0,1,79,2,4,0,8,1,6,2,0,0,9,10,33,0,2,0,4,18,2,1,0,0,10,0,21,37,6,3,9,2,1,0,0,40,6,0,1,3,2,1,0,2,5,1,2,0,1,61,0,1,1,16,0,0,0,0,4,0,1,0,0,3,1,0,2,14,6,5,2,3,1,2,1,9,3,2,2,0,1,65,1,19,1,1,0,4,1,1,1,0,0,7,5,0,3,0,36,5,1,0,6,0,4,5,2,1,1,1,60,3,0,3,8,6,5,7,2,1,7,2,8,0,0,0,0,5,1,6,16,1,0,0,18,2,6,0,1,0,79,0,1,7,7,0,0,4,5,8,1,0,1,3,0,16,1,1,1,45,15,10,1,2,1,1,10,0,6,4,39,1,0,4,1,0,4,2,5,1,191,1,0,0,2,13,1,13,4,5,1,2,14,14,90,4,10,1,5,0,46,0,9,13,3,137,6,6,0,7,0,1,13,4,2,2,2,9,18,1,0,0,5,0,0,36,5,2,0,0,0,3,4,0,3,0,9,2,1,0,0,0,8,6,3,0,26,1,0,5,1,5,1,10,3,0,10,2,13,70,3,7,6,363,3,4,2,7,1,2,1,1,1,4,4,1,5,9,0,5,2,0,1,4,10,1,13,0,67,1,1,2,3,2,3,28,2,1,4,13,0,1,3,0,1,2,3,3,0,0,37,10,0,0,9,0,0,3,3,1,22,0,0,1,0,0,0,8,119,1,0,1,0,1,4,8,1,1,4,1,0,0,4,2,13,0,3,0,3,2,0,1,4,14,7,0,0,1,4,11,0,3,3,0,20,4,0,44,2,4,5,3,15,0,2,0,1,0,95,6,12,3,10,13,5,3,5,2,2,37,0,0,3,4,1,1,24,2,1,8,15,12,0,1,3,7,3,1,0,4,5,0,3,1,2,5,0,3,6,0,0,0,3,9,1,0,12,0,3,23,0,6,0,0,1,1,18,1,2,0,2,0,0,6,11,0,5,2,6,1,5,0,16,46,0,1,1,2,2,7,0,3,2,0,1,0,0,2,2,0,0,0,1,0,15,11,2,4,0,9,1,2,9,1,1,1,3,0,3,4,0,0,1,2,1,12,17,22,2,0,1,3,1,0,0,2,4,0,0,1,2,0,0,2,7,16,1,0,12,0,0,2,0,12,8,0,211,2,2,8,0,7,12,2,0,7,0,8,0,0,1,0,0,7,9,0,1,2,1,1,3,0,5,1,1,0,1,4,19,60,8,43,7,4,0,3,0,0,4,3,1,1,2,9,3,0,24,0,12,1,1,0,0,1,4,21,3,5,1,9,1,1,1,0,1,0,9,3,36,0,61,1,0,2,0,1,0,1,0,36,2,2,0,7,0,5,2,1,0,0,0,0,3,0,1,3,1,3,7,6,11,1,0,17,3,14,9,5,5,6,3,0,14,3,19,1,2,1,0,7,1,5,2,5,3,1,15,0,1,32,5,0,4,2,2,1,1,0,1,2,0,0,15,0,0,0,0,1,1,0,1,1,7,1,1,19,0,2,2,80,0,13,3,2,1,1,1,1,0,1,33,3,0,6,0,1,3,6,0,19,5,0,0,0,14,0,0,2,0,0,12
PO20,3,0,5,2,0,0,0,2,2,2,0,1,0,8,9,0,2,0,1,1,0,0,0,5,0,3,14,0,0,3,0,0,1,57,2,0,2,0,0,2,0,20,0,1,0,0,3,0,9,0,0,0,0,0,1,27,0,9,1,0,1,1,2,0,0,0,13,3,0,0,0,6,18,0,0,5,5,8,8,0,0,13,0,9,3,0,0,5,22,0,0,0,2,0,2,0,0,17,1,1,0,0,0,3,3,1,0,0,0,2,0,2,2,1,0,1,0,0,6,0,0,6,3,0,0,0,0,0,7,3,5,1,1,1,5,7,0,0,0,2,0,1,4,4,0,1,1,0,2,2,4,7,0,12,0,0,1,17,1,21,0,21,0,4,15,2,1,0,0,0,1,0,0,1,0,0,0,7,0,12,0,1,3,1,0,0,0,0,8,24,1,4,0,1,0,0,0,8,0,1,10,0,25,0,8,0,19,0,28,1,0,6,1,2,0,0,0,4,0,2,0,0,0,1,1,0,1,0,0,0,2,2,0,12,6,1,0,2,2,10,0,0,0,0,3,3,3,5,0,4,1,0,0,0,1,0,83,0,0,2,2,0,31,9,2,0,36,0,12,3,1,44,5,8,0,0,0,0,0,1,0,5,0,5,0,3,17,2,1,0,0,0,1,0,0,0,3,0,18,7,1,0,0,0,0,5,4,2,0,0,3,0,1,0,1,0,0,0,0,0,0,12,3,3,0,0,3,0,6,0,11,4,1,0,1,0,0,0,0,1,16,0,2,2,0,0,8,7,1,0,7,0,0,0,0,3,0,5,0,0,3,0,2,10,6,0,0,0,8,2,0,4,0,0,0,8,0,0,0,0,0,0,1,0,0,1,2,9,1,0,0,5,29,0,0,0,0,0,1,0,11,0,1,1,0,0,0,0,2,0,0,0,0,1,0,1,0,2,2,0,0,0,10,4,1,0,24,7,10,0,0,0,3,2,0,0,11,0,0,0,1,0,1,0,0,1,0,1,2,16,0,0,0,0,21,1,33,10,1,1,0,0,0,0,0,0,1,1,0,11,1,21,0,0,2,20,0,1,0,0,3,0,12,11,1,0,0,0,27,4,1,0,3,0,1,7,1,0,0,0,0,2,0,3,0,0,5,27,1,0,0,0,9,0,1,2,0,9,1,0,0,2,0,0,9,0,2,1,20,0,14,0,0,4,23,0,0,4,0,1,0,3,9,22,0,0,5,2,1,24,0,0,2,15,1,2,1,0,7,1,4,2,2,3,3,0,0,1,0,7,1,0,0,3,1,3,16,13,85,0,0,0,1,1,1,0,3,5,0,56,8,35,0,8,0,8,2,2,0,2,0,1,2,0,0,0,0,3,0,0,6,0,6,2,0,0,16,7,0,27,0,0,7,0,1,1,4,0,0,4,3,2,2,13,2,1,48,0,0,0,4,0,0,3,4,4,0,0,14,0,2,0,21,1,0,0,1,1,0,7,1,25,0,11,1,0,1,1,10,2,0,2,0,0,0,0,12,0,5,1,0,1,0,1,8,0,0,13,2,0,3,0,0,0,1,0,0,3,0,0,5,6,0,0,4,1,0,0,0,0,9,0,0,1,6,0,0,8,0,3,0,2,1,1,5,0,14,12,2,3,0,0,0,1,14,0,1,3,0,2,10,0,12,0,3,12,0,1,1,6,17,4,4,0,1,2,0,18,0,4,0,2,8,0,0,2,1,0,1,9,1,0,0,6,2,0,0,1,22,3,0,16,2,3,0,1,13,0,3,0,0,1,2,0,27,0,0,2,2,1,1,3,2,0,0,15,0,7,0,0,6,0,2,0,0,2,1,2,5,0,14,1,15,0,1,10,30,4,3,0,5,1,1,0,1,1,0,0,2,0,1,6,1,0,1,0,0,0,0,0,2,0,3,1,1,12,0,0,69,2,2,1,2,0,5,0,1,0,48,2,4,0,1,0,6,0,0,0,0,1,1,2,0,15,0,0,0,9,4,3,9,24,22,27,1,0,14,14,1,306,0,11,21,0,1,55,1,48,17,0,3,0,0,1,1,0,0,0,0,6,0,0,0,0,0,0,0,0,0,10,19,53,3,15,15,1,0,17,1,9,0,0,0,0,2,1,0,2,5,15,0,0,10,4,0,7,0,0,1,2,4,16,4,0,1,6,1,0,1,2,0,49,0,51,0,1,0,0,0,31,1,0,0,1,0,37,1,5,6,0,0,0,1,1,0,0,47,1,0,2,0,4,12,3,0,14,16,2,3,5,22,0,14,0,0,0,7,0,0,3,30,1,2,0,0,0,0,0,0,1,0,0,3,0,2,28,5,0,0,0,1,0,0,0,0,8,0,0,0,6,2,1,0,1,2,0,2,0,18,0,0,5,0,0,26,0,2,0,11,1,0,0,0,1,0,1,0,2,2,3,11,0,12,0,0,1,0,1,1,1,0,12,0,1
PO05,0,0,0,0,0,0,0,1,0,0,0,0,1,0,10,1,0,0,0,0,0,0,0,15,2,0,0,0,0,1,0,0,0,7,2,1,0,1,0,0,0,10,0,1,0,4,0,0,0,1,0,0,0,0,0,0,1,4,1,0,2,0,0,0,0,0,0,0,0,1,0,0,0,0,0,0,0,3,5,0,0,0,0,4,0,0,0,2,14,2,0,0,0,0,7,0,0,0,0,0,1,0,0,1,0,0,0,0,0,4,0,0,0,1,0,0,1,1,1,0,0,14,0,0,0,0,0,0,2,0,0,0,0,0,9,3,0,0,0,0,0,1,6,1,0,0,0,0,4,0,2,4,0,0,0,0,0,42,0,3,1,0,0,8,0,0,0,0,0,8,1,0,0,0,0,1,0,0,0,3,0,0,1,0,1,0,0,0,0,14,0,4,0,0,5,0,0,0,1,0,0,0,1,0,0,0,0,0,1,1,0,0,0,0,16,0,0,5,0,0,0,0,0,2,0,0,0,0,0,3,4,0,0,0,0,0,0,0,1,0,0,0,0,0,2,0,0,0,0,0,29,0,0,1,3,0,44,1,0,0,0,0,0,0,0,0,1,0,0,0,0,1,0,0,0,4,0,0,1,0,0,0,10,1,0,0,0,18,1,0,0,4,0,0,0,9,2,1,0,0,0,0,0,0,1,0,0,1,0,0,1,0,0,0,0,2,0,2,0,0,0,4,1,0,0,1,2,1,16,1,0,0,0,0,0,0,0,1,0,1,1,0,3,12,0,1,3,1,0,0,0,0,0,1,0,0,0,6,0,7,1,0,1,0,0,0,0,0,0,2,0,1,0,0,0,11,2,0,0,8,2,0,1,0,0,0,0,1,3,0,7,0,0,3,1,0,0,0,0,0,0,0,0,0,0,0,1,3,3,1,0,0,0,0,0,6,0,15,0,2,0,0,8,8,0,0,10,0,8,0,0,13,0,0,0,0,0,0,0,0,1,0,0,1,0,0,0,0,0,5,0,0,0,0,10,0,5,0,0,0,4,2,1,3,0,0,2,0,0,0,2,11,0,0,0,0,1,0,0,0,0,1,0,2,1,0,0,0,7,0,0,0,0,1,0,1,0,2,6,0,0,0,0,2,1,1,0,1,0,0,0,1,0,2,0,2,0,3,0,0,1,0,0,0,3,0,1,0,10,0,30,0,11,5,36,0,0,0,0,0,4,1,0,0,0,0,0,0,0,7,0,2,0,9,0,0,0,0,0,39,0,1,2,0,2,4,1,0,0,0,0,1,1,1,0,4,2,0,33,2,0,1,1,0,0,2,0,18,1,2,3,3,0,7,0,2,7,0,0,0,0,0,1,0,0,0,0,0,0,0,0,4,4,0,0,0,0,0,0,2,0,1,0,0,0,0,0,0,2,0,0,5,0,0,0,0,40,1,0,0,0,0,1,0,1,0,4,0,0,0,0,0,2,0,1,0,2,6,3,0,0,0,0,0,0,0,0,0,7,7,2,0,1,0,1,0,5,1,0,0,1,0,0,1,2,0,0,4,0,0,0,0,0,3,0,0,0,0,1,0,7,1,0,12,1,0,0,4,1,0,0,1,0,1,0,0,0,3,0,0,0,0,0,0,0,0,0,2,0,0,0,0,0,0,0,5,0,0,0,0,9,0,8,2,0,2,0,0,0,0,0,12,0,0,0,0,0,3,0,4,0,1,1,0,0,0,0,0,0,0,0,10,0,0,0,0,0,0,0,0,0,0,0,0,0,1,7,0,3,0,0,0,1,0,1,0,0,7,0,1,0,4,4,0,0,0,0,1,0,5,0,0,0,0,0,0,0,0,0,0,0,0,0,0,1,6,45,0,11,0,0,0,0,9,1,0,0,1,0,0,1,0,0,0,0,0,0,0,0,0,0,1,10,0,0,5,0,0,6,7,0,2,0,0,2,0,0,0,25,0,1,2,5,0,1,0,1,0,0,0,0,2,0,8,0,0,0,2,3,2,0,0,5,11,14,10,0,0,0,102,3,0,3,0,0,5,0,0,0,3,0,0,0,0,2,0,2,0,1,0,0,1,0,7,0,0,1,0,0,6,13,15,3,6,0,2,0,0,0,2,0,0,1,0,0,0,1,0,0,7,4,1,0,0,0,0,3,5,0,2,1,0,2,0,0,0,0,0,0,2,0,37,0,18,0,1,0,0,0,0,0,0,2,5,18,1,5,0,10,2,1,0,0,3,1,2,3,3,0,0,0,0,0,0,2,7,58,6,2,1,1,6,10,0,0,1,1,0,0,4,13,0,1,0,3,0,3,0,0,0,0,0,10,2,0,1,0,0,1,0,1,0,3,0,0,7,0,1,0,5,0,4,3,3,11,1,4,0,0,3,0,0,0,0,6,0,6,0,0,0,0,0,0,1,1,0,1,0,0,2,2,0,0,0,2,0,9,11,0,9,0,0,0,0
SMC032,0,0,0,0,1,0,0,1,0,0,0,0,3,0,0,0,1,0,2,1,0,0,0,5,1,0,0,1,0,2,1,0,0,5,0,0,1,1,5,0,2,34,2,0,1,0,2,0,0,1,3,2,1,0,46,1,1,0,1,0,0,0,1,0,0,2,0,0,0,2,11,1,0,0,0,0,13,2,43,0,0,2,1,1,1,0,0,2,3,0,1,3,16,0,2,4,0,0,0,1,1,0,0,0,1,0,1,1,1,0,0,6,0,0,2,1,1,0,1,1,1,1,3,0,0,1,0,1,2,3,0,0,2,0,0,0,0,0,1,1,1,4,10,6,0,0,0,2,0,2,0,2,0,0,0,2,3,0,1,2,0,0,1,1,20,0,0,1,0,0,0,0,0,0,0,0,0,0,3,0,1,0,0,1,0,0,0,0,0,0,0,1,0,1,0,0,0,0,0,4,18,0,1,0,1,2,5,0,19,0,33,0,0,0,0,0,0,0,1,2,0,3,1,0,5,3,3,0,0,0,0,7,3,7,0,0,0,1,0,0,0,0,0,0,0,1,0,0,1,1,0,0,0,0,0,4,5,0,1,1,0,0,0,0,0,1,0,0,95,69,2,1,3,0,2,2,3,3,0,3,2,0,0,0,0,2,1,1,0,0,2,0,1,0,0,8,0,0,0,1,0,5,0,1,1,0,0,1,1,5,1,1,0,3,0,2,0,0,0,1,0,0,7,0,0,1,3,0,1,0,13,0,0,0,2,7,0,0,0,1,0,3,0,0,0,0,9,0,0,0,2,43,2,0,0,0,1,0,2,0,0,0,1,4,0,0,1,1,1,3,1,0,1,1,0,0,2,0,0,0,0,0,1,1,0,0,1,3,0,2,61,0,2,0,1,0,0,0,1,1,12,0,0,0,0,0,4,0,0,1,1,0,1,0,0,0,0,4,3,8,0,0,0,1,0,2,8,1,0,0,1,0,1,0,0,0,0,0,1,0,1,3,12,0,4,1,1,2,0,0,0,2,2,0,30,38,36,1,24,3,0,0,0,1,1,0,0,0,1,2,0,0,2,0,0,57,1,0,0,0,0,0,4,8,0,2,2,0,0,1,0,0,0,1,3,0,0,0,2,0,0,0,2,0,0,60,0,1,1,4,0,0,0,0,0,0,0,1,0,0,0,0,0,0,0,0,1,4,10,0,1,1,1,0,0,0,0,2,0,1,0,0,0,1,0,0,7,0,14,4,0,0,0,1,0,0,0,2,0,1,0,0,0,0,0,5,0,0,0,1,0,1,1,0,0,0,2,0,2,0,0,0,4,0,3,0,0,0,1,0,3,10,0,1,25,0,0,0,0,0,2,0,0,0,9,1,0,0,1,0,19,0,1,0,0,1,7,1,5,3,1,0,0,0,0,0,3,0,0,0,2,1,2,1,9,1,102,0,1,0,3,0,2,0,0,9,0,0,0,0,2,1,0,0,1,0,0,0,1,0,1,2,0,0,2,2,0,0,4,0,0,8,65,1,0,2,0,0,0,1,1,0,3,1,9,0,38,4,0,0,0,1,1,1,1,2,0,0,0,2,3,0,0,0,1,0,0,0,0,0,0,0,1,0,1,0,11,15,3,0,0,0,0,1,0,0,1,0,0,3,3,0,0,1,0,0,0,1,0,0,1,0,3,0,1,0,0,2,2,0,0,0,0,0,1,0,0,0,0,10,0,0,0,2,3,1,0,0,0,11,0,0,1,5,2,0,1,5,0,13,0,36,0,0,0,1,63,1,0,2,1,0,0,4,0,1,1,0,0,0,2,0,1,0,0,0,0,4,0,0,0,0,0,0,6,0,0,0,2,0,0,3,0,0,0,0,0,0,2,0,0,0,5,0,0,1,0,2,0,0,1,7,0,2,1,0,0,0,0,1,0,1,16,1,0,4,0,0,24,0,4,3,3,0,0,0,2,0,29,1,5,1,0,0,0,0,16,1,0,0,0,1,0,0,2,0,0,1,2,0,0,0,0,0,6,3,14,18,0,239,0,0,3,0,1,11,0,5,1,0,1,2,0,0,2,2,0,0,0,0,0,0,4,12,0,0,4,1,1,0,4,1152,8,0,109,0,4,4,0,0,0,1,0,0,1,0,1,0,0,0,33,0,6,0,1,4,0,0,0,0,0,0,1,0,0,13,0,9,1,3,0,42,48,25,0,0,0,1,1,3,0,0,0,0,2,54,21,0,2,4,0,1,1,0,0,1,13,2,1,0,0,0,0,0,4,0,0,0,16,1,63,0,1,4,0,0,0,0,0,4,0,0,1,0,5,0,1,0,0,0,1,1,11,2,0,0,7,1,3,0,0,0,1,0,2,0,1,0,7,0,3,11,0,22,5,0,0,0,7,0,4,2,1,0,11,0,0,0,1,104,0,0,1,0,0,0,0,69,0,1,0,1,0,0,0,0,3,1,0,0,18,0,0,0
SMC033,0,0,0,0,0,0,0,0,0,0,0,0,6,0,0,0,0,0,0,0,0,0,0,0,0,0,0,0,0,0,0,0,0,1,0,0,0,0,11,3,0,0,0,0,0,0,2,0,2,0,1,1,0,0,0,1,0,0,1,1,0,0,5,1,0,0,0,0,0,0,23,0,0,1,0,0,0,0,1,0,0,0,0,0,0,0,0,0,0,1,0,0,7,0,0,0,0,0,0,0,0,0,3,0,0,0,0,0,0,0,0,1,0,0,0,0,0,0,1,0,0,0,0,0,0,0,0,0,0,0,0,0,0,0,0,0,0,0,0,0,0,0,0,1,0,0,0,0,0,1,0,1,0,0,1,1,0,0,0,0,1,0,0,0,0,0,0,0,0,0,1,0,1,0,0,0,1,0,0,0,0,0,0,0,0,0,0,0,0,0,0,0,0,0,0,0,0,0,0,0,0,0,0,0,0,0,0,0,0,0,0,0,0,0,0,0,0,0,1,0,0,0,0,0,1,0,1,0,0,0,0,0,0,0,0,0,0,0,0,0,0,0,0,0,0,0,0,0,0,0,0,0,0,0,0,0,12,0,0,0,0,0,0,0,0,0,1,0,0,0,0,0,0,0,0,0,0,2,0,0,2,0,0,0,0,0,0,0,0,1,0,2,0,0,0,0,0,5,0,0,0,0,0,0,0,0,0,0,0,0,0,0,7,0,0,0,1,4,0,0,1,0,0,0,0,0,0,0,3,0,12,0,0,0,0,0,0,1,1,0,0,13,0,1,0,0,0,0,0,0,0,0,0,0,0,0,0,1,0,0,0,0,1,0,3,0,0,0,0,2,0,0,0,0,0,24,0,0,0,0,0,1,0,0,0,1,0,0,0,0,0,0,0,0,0,0,0,0,0,0,0,0,0,0,0,0,0,0,0,0,0,1,0,0,0,0,0,0,4,0,2,2,0,0,0,0,0,0,0,0,0,0,0,0,0,0,0,0,0,0,0,1,0,0,0,0,0,0,1,0,0,0,0,0,24,0,0,0,0,1,18,0,0,0,0,0,0,0,0,0,0,1,0,0,1,0,0,0,0,0,0,0,0,0,0,0,1,0,0,1,0,0,0,8,34,0,0,0,0,0,0,0,0,0,0,0,0,0,14,0,0,0,0,0,0,0,0,0,0,0,0,0,12,0,0,0,0,0,0,0,0,0,30,0,98,0,1,0,0,0,0,0,0,0,0,0,0,0,0,0,0,0,0,0,0,0,0,0,0,0,0,0,0,0,0,6,0,0,0,0,0,0,0,0,0,0,0,0,0,0,0,0,0,0,0,0,0,0,0,0,0,0,0,0,0,0,0,0,17,0,4,0,0,0,17,0,0,0,0,0,0,2,0,0,0,0,0,0,0,14,0,0,0,0,0,0,1,0,0,1,0,0,0,0,1,0,0,0,0,0,0,0,0,0,0,0,0,0,0,1,0,0,0,0,0,0,0,0,0,0,0,0,0,0,0,2,0,0,9,0,0,0,0,0,0,0,0,1,0,11,0,0,0,0,0,2,0,0,0,0,0,0,0,0,0,0,0,0,0,0,0,0,0,0,0,0,0,0,4,0,0,0,0,0,0,0,0,0,0,0,0,0,1,0,0,1,0,0,0,0,0,1,0,0,0,0,0,0,0,2,15,0,0,1,0,0,0,0,0,0,0,8,0,0,0,0,0,0,0,2,0,0,0,0,0,0,0,0,0,0,0,0,0,0,0,0,0,0,0,0,0,0,0,0,0,0,0,0,0,0,0,1,0,0,0,0,1,0,0,0,0,0,1,0,0,0,0,0,0,0,0,0,0,0,0,0,0,0,0,0,0,2,0,0,0,0,0,0,0,0,0,0,0,0,0,0,1,0,0,0,0,3,0,0,0,0,0,0,0,0,0,0,0,0,0,2,2,24,0,0,0,0,0,0,0,0,0,0,1,0,0,0,0,0,0,0,0,0,0,0,0,0,2,0,0,0,0,0,0,0,0,0,0,0,0,0,0,3,0,11,0,0,0,0,0,5,0,0,0,0,0,1,0,0,0,1,13,0,0,0,0,0,0,0,0,5,0,0,0,0,0,0,5,0,0,2,0,0,0,0,0,1,0,0,0,0,0,0,0,0,0,0,0,0,0,0,0,0,0,0,0,0,1,0,0,1,0,0,0,0,0,0,0,0,0,0,0,0,0,0,1,0,0,0,0,0,0,0,0,0,1,0,0,0,0,0,0,0,0,0,0,0,0,6,0,0,0,0,0,0,2,6,9,0,0,0,0,0,0,0,0,0,0,0,0,2,0,0,0,0,0,0,1,0,1,0,0,0,0,0,0,0,0,0,1,0,0,0,0,0,0,0,1,6,0,0,0,0,0,0,0,0,0,0,3,0,6,0,0,0,0,0,0,0,0,0,3,0,0,0,0,0,0,1,0,0,0,2,0,0,0,0,0,3
SMC043,32,0,0,0,3,1,0,0,0,0,0,0,0,0,0,0,0,7,0,0,6,10,0,0,0,15,0,0,0,0,7,0,53,69,0,36,0,0,0,0,8,0,0,1,1,0,0,0,2,0,5,0,0,0,0,0,0,0,0,0,9,0,0,0,0,0,0,0,0,0,1,0,0,0,0,0,37,0,0,0,0,0,1,0,0,0,0,22,0,0,5,0,0,0,0,2,0,0,0,0,0,1,0,0,0,0,0,1,0,0,0,21,0,0,0,0,0,0,1,0,0,0,0,0,0,2,2,0,0,0,0,2,0,0,0,0,2,0,0,0,94,1,18,69,0,0,0,0,2,0,0,0,0,0,0,0,0,0,0,0,0,0,0,0,0,0,0,4,0,4,0,14,0,0,0,0,1,0,0,0,0,0,0,0,0,0,1,0,0,0,0,0,4,0,0,0,0,0,0,0,17,0,0,0,2,0,0,0,0,0,0,0,0,0,0,0,0,0,0,0,0,2,1,0,0,0,13,1,0,0,0,0,0,0,0,0,29,0,0,0,1,0,0,0,11,0,0,0,0,0,0,0,0,0,4,0,21,0,0,0,0,0,0,0,0,0,0,0,0,0,0,0,0,0,4,0,0,0,0,10,21,0,0,0,0,0,0,0,0,0,0,69,0,0,0,0,0,0,0,0,42,0,0,0,0,0,0,48,0,0,0,0,0,2,0,14,35,0,2,1,0,22,86,1,0,0,1,0,0,0,0,4,0,0,1,0,3,0,0,0,0,0,0,0,1,4,42,0,0,0,0,0,0,51,0,4,1,0,3,0,0,9,0,0,0,0,0,0,0,0,0,0,0,0,0,2,0,0,0,0,0,0,0,0,0,0,0,0,0,0,0,0,0,0,0,0,0,0,0,0,0,0,0,0,0,0,1,4,0,0,0,0,5,6,0,0,0,0,0,2,0,0,0,0,0,5,0,0,0,0,0,0,0,4,0,0,0,1,0,0,0,14,0,0,0,0,0,0,0,0,0,21,7,1,99,0,8,0,0,13,0,0,0,0,0,0,0,0,0,0,0,0,0,1,2,0,0,0,0,0,0,0,0,0,5,0,0,0,0,0,0,5,1,137,1,0,0,0,0,0,0,0,0,0,0,0,0,2,0,0,0,0,0,0,0,0,0,0,0,0,0,0,0,0,0,0,0,0,0,0,0,0,0,0,0,0,2,1,0,0,0,0,0,0,0,0,0,0,0,0,0,0,0,0,0,0,6,5,4,2,0,9,6,0,0,0,0,0,0,0,1,0,0,1,0,0,0,0,108,0,0,0,26,0,6,0,24,0,0,0,0,0,0,0,0,94,0,0,0,0,0,8,0,0,0,0,7,0,2,0,0,0,0,0,0,0,0,0,147,0,0,0,0,0,0,0,0,4,0,0,0,0,0,0,3,27,0,0,0,1,0,0,0,15,0,0,0,0,0,0,0,8,0,0,0,0,0,0,0,3,0,0,0,0,0,2,1,0,105,0,0,2,0,0,0,0,0,0,1,0,1,0,0,0,0,0,0,0,2,0,0,11,0,0,0,0,0,0,1,0,0,2,0,0,7,0,0,0,0,0,0,0,2,0,0,0,0,0,0,0,0,0,0,0,0,0,0,0,0,0,2,0,0,0,0,0,0,1,0,0,15,0,0,0,0,6,0,0,0,0,0,0,0,0,0,0,0,0,0,0,0,1,1,0,0,0,0,0,0,1,17,0,0,0,0,6,7,7,1,0,0,0,0,0,0,0,0,0,0,0,10,0,0,0,0,0,0,0,0,0,11,0,0,0,0,53,5,0,0,0,0,0,0,0,0,0,0,0,0,0,0,27,0,0,4,0,0,0,0,0,0,0,0,0,0,0,3,1,0,0,0,0,0,0,0,0,0,10,0,0,0,0,0,13,0,0,0,0,0,0,0,0,0,0,0,0,1,0,0,0,0,0,0,15,4,0,0,2,0,0,0,0,0,0,15,0,0,0,3,0,0,0,0,0,0,0,0,0,0,292,1,0,0,0,0,0,0,0,0,0,1,2,5,2,0,0,6,0,0,2,1,0,0,0,0,0,2,0,1,22,0,14,0,0,0,0,0,0,0,0,0,1,0,0,0,0,0,0,0,0,0,0,0,0,2,0,0,0,1,0,0,0,0,0,0,18,0,0,0,0,0,0,0,8,0,0,0,0,20,0,0,0,0,0,0,4,1,0,56,0,0,0,0,6,0,1,0,0,0,0,0,0,0,0,0,0,9,0,141,21,0,0,0,0,0,1,0,0,0,0,0,0,0,0,0,0,0,19,42,0,0,6,25,0,0,0,14,0,4,0,0,1,0,0,0,0,2,0,0,0,0,0,0,0,0,0,0,1,0,0,0,0,0,0,0,0,0,0,0,0,0,0,0,0,0,0,0,7,0,0,0,0,0,0,0,2,0,0,0,0,0,0,0,0
SMC039,0,0,0,0,0,3,0,0,1,0,0,23,0,0,1,0,0,1,0,16,3,0,1,15,0,8,0,0,0,1,2,2,1,52,0,0,13,0,0,0,0,0,0,1,2,0,0,0,0,0,47,0,0,0,2,14,0,0,59,0,0,0,6,6,0,1,0,2,1,0,0,2,3,0,0,0,2,0,60,1,0,0,0,0,3,0,0,8,0,0,0,0,5,0,0,0,0,0,0,0,0,0,0,0,0,0,13,1,1,0,1,14,0,0,0,0,0,0,13,0,1,0,0,1,2,4,1,0,0,0,0,1,15,0,0,1,2,0,0,1,0,10,4,3,0,0,0,0,0,0,1,0,0,1,0,0,0,49,0,1,0,1,0,0,0,0,1,2,0,0,4,1,0,0,0,0,0,0,0,24,2,26,0,0,1,1,0,4,0,36,0,0,0,0,1,0,0,0,1,0,3,0,0,0,0,0,1,0,7,0,0,5,5,0,0,0,0,0,1,0,0,0,0,1,0,0,11,0,3,0,0,0,0,0,0,28,13,1,0,0,0,0,0,1,1,0,13,0,0,0,0,0,21,12,0,0,19,0,0,5,9,0,0,0,0,0,30,0,0,0,0,7,0,0,3,0,0,0,2,1,1,0,0,0,2,0,0,0,0,1,0,8,0,0,0,6,0,0,0,4,0,6,0,14,0,1,0,2,0,2,0,0,1,0,16,4,1,0,2,0,0,2,72,2,0,0,19,0,54,1,1,0,0,0,0,0,0,0,0,4,2,0,3,0,0,2,46,0,10,1,0,0,2,0,25,0,1,0,1,0,1,1,3,140,1,1,0,3,2,112,0,3,0,0,0,0,0,0,1,4,0,0,0,0,0,0,0,1,0,0,0,0,0,0,0,1,2,0,0,0,0,6,0,1,0,1,0,2,0,0,0,0,0,6,0,0,0,0,0,0,0,0,1,2,1,3,162,0,0,0,6,0,19,3,0,0,0,1,2,0,1,2,0,0,0,0,0,17,9,0,0,0,1,0,1422,12,0,0,0,4,0,0,0,0,0,0,1,0,0,0,0,9,0,2,5,0,0,0,0,3,0,0,2,0,14,0,0,0,0,8,0,0,2,10,0,0,0,4,0,0,0,0,0,0,12,0,0,5,0,0,1,15,0,0,0,0,0,0,0,0,0,0,0,0,1,27,1,33,0,0,0,0,0,0,1,4,1,0,0,8,0,0,0,0,2,0,1,0,0,0,3,0,5,0,0,0,0,9,0,12,0,37,3,0,0,0,0,0,0,0,1,0,0,0,0,44,1,0,2,0,39,0,0,0,4,0,6,0,0,0,5,2,1,3,1,50,0,0,0,0,0,1,0,0,0,0,3,0,1,0,0,0,2,1,1,0,0,0,923,19,0,0,33,0,0,0,3,0,0,0,1,1,0,0,1,10,150,0,0,1,0,0,18,0,4,0,0,0,0,0,0,1,0,0,0,1,0,1,6,8,1,0,2,0,0,3,0,0,4,0,0,0,0,3,0,0,2,0,0,0,0,0,1,0,0,0,2,0,2,2,0,0,0,0,0,5,0,1,0,0,0,1,0,0,2,0,0,0,5,1,0,6,1,1,0,0,0,2,0,0,0,0,1,4,0,0,0,1,0,0,0,7,0,1,0,0,0,0,0,0,4,0,0,0,0,0,0,0,1,0,0,0,0,0,0,2,0,2,0,0,11,0,0,1,8,2,0,0,0,0,0,0,2,0,0,0,6,6,0,0,4,0,0,0,0,0,0,1,0,0,0,0,0,1,0,7,0,0,5,0,0,0,0,0,0,0,0,0,3,38,0,0,0,0,0,18,0,0,0,0,10,0,0,0,2,1,0,0,3,0,0,0,0,0,0,0,3,0,1,26,1,0,0,0,0,0,0,1,1,30,0,268,0,3,0,0,1,19,57,0,5,0,0,0,0,3,0,1,29,0,0,0,5,0,0,0,0,13,0,36,0,0,0,7,1,0,0,1,1,0,0,0,19,0,0,1,2,0,1,224,0,0,0,0,0,3,0,0,0,1,11,1,1,0,2,0,0,1,0,9,0,0,54,0,0,0,4,2,0,2,109,6,1,72,6,0,2,0,0,0,0,1,3,0,0,1,0,0,3,0,0,0,0,0,2,0,0,2,0,0,63,37,44,0,0,1,0,0,0,119,0,0,1,30,0,1,0,0,2,7,4,0,47,0,0,0,30,0,0,1,0,0,0,0,13,0,0,0,0,0,0,0,0,0,0,0,1,2,101,0,3,0,0,0,0,0,1,0,0,0,1,0,0,0,0,0,0,2,0,0,1,3,239,0,0,0,4,0,3,0,3,18,0,1,0,0,0,9,0,0,0,0,0,0,1,0,0,1,0,0,35,0,0,0,0,0,0,0,0,0,1,0,0,0,0,0,0,0,0,0,0,6,0,0,0,0,1,0,0,0,0,0,9,2
