"transcript_id","gene_id","padj_gene","padj_tx","psi_AD","psi_ctrl","delta_psi","pval","empirical_pval","regular_FDR","empirical_FDR","robust_to_braak","psi_active_ctrl","cell_type"
"ACTB-206","ACTB",0.915054242587661,NA,0.274514429699013,0.392107027110273,-0.117592597411261,0.55472537270773,NA,0.995563862140902,NA,FALSE,0.457387030452974,"OPC"
"ACTB-217","ACTB",0.915054242587661,NA,0.725485570300987,0.607892972889727,0.117592597411261,0.554725372707731,NA,0.995563862140902,NA,FALSE,0.542612969547026,"OPC"
"ACTG1-205","ACTG1",0.896592614062696,NA,0.68097150367869,0.623006966087428,0.0579645375912624,0.461129899508677,NA,0.995563862140902,NA,FALSE,0.43054921387799,"OPC"
"ACTG1-206","ACTG1",0.896592614062696,NA,0.31902849632131,0.376993033912572,-0.0579645375912623,0.461129899508677,NA,0.995563862140902,NA,FALSE,0.56945078612201,"OPC"
"AFAP1L2-201","AFAP1L2",0.784071866944837,NA,0.389652335814459,0.20132325009776,0.188329085716699,0.220293508674976,NA,0.95758836294328,NA,FALSE,0.63249546152772,"OPC"
"AFAP1L2-202","AFAP1L2",0.784071866944837,NA,0.119693887333773,0.294218351901643,-0.17452446456787,0.576725396004466,NA,0.995563862140902,NA,FALSE,0.238081273565145,"OPC"
"AFAP1L2-206","AFAP1L2",0.784071866944837,NA,0.490653776851768,0.504458398000597,-0.0138046211488292,0.853899085351626,NA,0.996484014458586,NA,FALSE,0.129423264907136,"OPC"
"AFF4-201","AFF4",0.80498505034331,NA,0.456291197754612,0.787246515494739,-0.330955317740127,0.252450932947902,NA,0.968154186428018,NA,FALSE,0.373992673992674,"OPC"
"AFF4-203","AFF4",0.80498505034331,NA,0.543708802245388,0.212753484505261,0.330955317740127,0.252450932947902,NA,0.968154186428018,NA,FALSE,0.626007326007326,"OPC"
"AKAP6-201","AKAP6",0.970184961711498,NA,0.632664656749397,0.588688429273862,0.0439762274755349,0.725042812721235,NA,0.996484014458586,NA,FALSE,0.763262599469496,"OPC"
"AKAP6-213","AKAP6",0.970184961711498,NA,0.367335343250604,0.411311570726138,-0.0439762274755349,0.725042812721234,NA,0.996484014458586,NA,FALSE,0.236737400530504,"OPC"
"ANKRD26-201","ANKRD26",0.970184961711498,NA,0.528981325801337,0.361204013377926,0.16777731242341,0.717749238512457,NA,0.996484014458586,NA,FALSE,0.654320987654321,"OPC"
"ANKRD26-202","ANKRD26",0.970184961711498,NA,0.471018674198663,0.638795986622074,-0.16777731242341,0.717749238512457,NA,0.996484014458586,NA,FALSE,0.345679012345679,"OPC"
"ANKRD36C-201","ANKRD36C",0.996484014458586,NA,0.737055057285693,0.670485531763688,0.066569525522005,0.975973523601873,NA,0.996484014458586,NA,FALSE,0.787179487179487,"OPC"
"ANKRD36C-202","ANKRD36C",0.996484014458586,NA,0.262944942714307,0.329514468236312,-0.0665695255220051,0.975973523601874,NA,0.996484014458586,NA,FALSE,0.212820512820513,"OPC"
"ANXA7-201","ANXA7",0.984766232374261,NA,0.524076903488668,0.450735930735931,0.0733409727527374,0.786647582074114,NA,0.996484014458586,NA,FALSE,0.792676767676768,"OPC"
"ANXA7-202","ANXA7",0.984766232374261,NA,0.475923096511332,0.549264069264069,-0.0733409727527374,0.786647582074114,NA,0.996484014458586,NA,FALSE,0.207323232323232,"OPC"
"AP2M1-202","AP2M1",0.872276921445056,NA,0.322744658414593,0.435088591651025,-0.112343933236432,0.418073554065382,NA,0.986551618434774,NA,FALSE,0.355206930604184,"OPC"
"AP2M1-208","AP2M1",0.872276921445056,NA,0.677255341585407,0.564911408348975,0.112343933236432,0.418073554065382,NA,0.986551618434774,NA,FALSE,0.644793069395816,"OPC"
"APP-201","APP",0.970184961711498,NA,0.179342470054591,0.19417658287008,-0.0148341128154889,0.723313972572846,NA,0.996484014458586,NA,FALSE,0.17658123501199,"OPC"
"APP-202","APP",0.970184961711498,NA,0.39133142608565,0.409797253423445,-0.0184658273377951,0.99129488952865,NA,0.996484014458586,NA,FALSE,0.503953952222837,"OPC"
"APP-204","APP",0.970184961711498,NA,0.429326103859759,0.396026163706475,0.033299940153284,0.869249669004139,NA,0.996484014458586,NA,FALSE,0.319464812765172,"OPC"
"ARID4B-201","ARID4B",0.786206668641761,NA,0.510203303667227,0.742572920472537,-0.23236961680531,0.227953412801458,NA,0.958890986458306,NA,FALSE,0.350446428571429,"OPC"
"ARID4B-202","ARID4B",0.786206668641761,NA,0.489796696332773,0.257427079527463,0.23236961680531,0.227953412801457,NA,0.958890986458306,NA,FALSE,0.649553571428571,"OPC"
"ASH1L-213","ASH1L",0.996484014458586,NA,0.33672335337297,0.45515037593985,-0.11842702256688,0.940463008298152,NA,0.996484014458586,NA,FALSE,0.492708333333333,"OPC"
"ASH1L-215","ASH1L",0.996484014458586,NA,0.66327664662703,0.54484962406015,0.11842702256688,0.940463008298152,NA,0.996484014458586,NA,FALSE,0.507291666666667,"OPC"
"ATP2B1-202","ATP2B1",0.915054242587661,NA,0.534365965085155,0.642926105529646,-0.108560140444491,0.546322338392075,NA,0.995563862140902,NA,FALSE,0.638888888888889,"OPC"
"ATP2B1-207","ATP2B1",0.915054242587661,NA,0.465634034914845,0.357073894470354,0.108560140444491,0.546322338392076,NA,0.995563862140902,NA,FALSE,0.361111111111111,"OPC"
"ATRX-201","ATRX",0.775390515575489,NA,0.569539539668745,0.580562686318558,-0.0110231466498134,0.815551895214304,NA,0.996484014458586,NA,FALSE,0.558037135278515,"OPC"
"ATRX-202","ATRX",0.775390515575489,NA,0.355403302135215,0.369328682444747,-0.0139253803095321,0.53941310828316,NA,0.995563862140902,NA,FALSE,0.416373231653404,"OPC"
"ATRX-213","ATRX",0.775390515575489,NA,0.0362631557937569,0.0378832612320366,-0.00162010543827971,0.957152289581466,NA,0.996484014458586,NA,FALSE,0.0197281167108753,"OPC"
"ATRX-214","ATRX",0.775390515575489,NA,0.0387940024022836,0.0122253700046584,0.0265686323976252,0.199840987210621,NA,0.941281079291327,NA,FALSE,0.00586151635720601,"OPC"
"BAZ2B-202","BAZ2B",0.964349831600619,NA,0.42404444718971,0.399482510945265,0.0245619362444453,0.662150702824676,NA,0.996484014458586,NA,FALSE,0.400580347081361,"OPC"
"BAZ2B-203","BAZ2B",0.964349831600619,NA,0.57595555281029,0.600517489054735,-0.0245619362444454,0.662150702824676,NA,0.996484014458586,NA,FALSE,0.599419652918639,"OPC"
"BCAN-201","BCAN",0.996484014458586,NA,0.980179452325562,0.986382581219185,-0.00620312889362251,0.871601829039966,NA,0.996484014458586,NA,FALSE,0.989574963352295,"OPC"
"BCAN-202","BCAN",0.996484014458586,NA,0.0198205476744378,0.0136174187808154,0.00620312889362242,0.871601829039965,NA,0.996484014458586,NA,FALSE,0.0104250366477052,"OPC"
"BSCL2-203","BSCL2",0.451184811416983,NA,0.785502209893579,0.598416113433325,0.187086096460254,0.0266973261193481,NA,0.573992511565984,NA,FALSE,0.711787924468423,"OPC"
"BSCL2-236","BSCL2",0.451184811416983,NA,0.214497790106421,0.401583886566675,-0.187086096460254,0.0266973261193481,NA,0.573992511565984,NA,FALSE,0.288212075531577,"OPC"
"C18orf25-205","C18orf25",0.850856177600773,NA,0.44915127207908,0.55298353909465,-0.103832267015571,0.368567424775324,NA,0.968154186428018,NA,FALSE,0.680555555555556,"OPC"
"C18orf25-206","C18orf25",0.850856177600773,NA,0.55084872792092,0.44701646090535,0.103832267015571,0.368567424775324,NA,0.968154186428018,NA,FALSE,0.319444444444444,"OPC"
"CAPN2-201","CAPN2",0.970184961711498,NA,0.427071402169689,0.354062785644393,0.0730086165252957,0.734421132107123,NA,0.996484014458586,NA,FALSE,0.889708252740168,"OPC"
"CAPN2-206","CAPN2",0.970184961711498,NA,0.572928597830311,0.645937214355607,-0.0730086165252957,0.734421132107124,NA,0.996484014458586,NA,FALSE,0.110291747259832,"OPC"
"CCDC186-203","CCDC186",0.850856177600773,NA,0.606332071241174,0.621975940725941,-0.0156438694847668,0.402359638948299,NA,0.968154186428018,NA,FALSE,0.545238095238095,"OPC"
"CCDC186-207","CCDC186",0.850856177600773,NA,0.393667928758826,0.378024059274059,0.0156438694847668,0.402359638948299,NA,0.968154186428018,NA,FALSE,0.454761904761905,"OPC"
"CCNL2-203","CCNL2",0.775390515575489,NA,0.338130813934296,0.121326513936512,0.216804299997784,0.201876820623204,NA,0.941281079291327,NA,FALSE,0.223039215686275,"OPC"
"CCNL2-217","CCNL2",0.775390515575489,NA,0.661869186065704,0.878673486063488,-0.216804299997784,0.201876820623205,NA,0.941281079291327,NA,FALSE,0.776960784313726,"OPC"
"CCP110-201","CCP110",0.964349831600619,NA,0.516206936553299,0.608269653630275,-0.0920627170769761,0.679039230535348,NA,0.996484014458586,NA,FALSE,0.131114130434783,"OPC"
"CCP110-203","CCP110",0.964349831600619,NA,0.483793063446701,0.391730346369725,0.0920627170769761,0.679039230535347,NA,0.996484014458586,NA,FALSE,0.868885869565217,"OPC"
"CD46-212","CD46",0.842503842938658,NA,0.504012064258744,0.497834829734079,0.00617723452466479,0.334306130642044,NA,0.968154186428018,NA,FALSE,0.330705992033223,"OPC"
"CD46-219","CD46",0.842503842938658,NA,0.495987935741256,0.502165170265921,-0.00617723452466479,0.334306130642044,NA,0.968154186428018,NA,FALSE,0.669294007966777,"OPC"
"CDKN2AIP-201","CDKN2AIP",0.970184961711498,NA,0.408811263470926,0.611810344827586,-0.20299908135666,0.726023459217564,NA,0.996484014458586,NA,FALSE,0.278301886792453,"OPC"
"CDKN2AIP-203","CDKN2AIP",0.970184961711498,NA,0.591188736529074,0.388189655172414,0.20299908135666,0.726023459217564,NA,0.996484014458586,NA,FALSE,0.721698113207547,"OPC"
"CEP126-201","CEP126",0.896592614062696,NA,0.772718806016678,0.644973108784755,0.127745697231924,0.44915667321254,NA,0.995563862140902,NA,FALSE,0.686111111111111,"OPC"
"CEP126-204","CEP126",0.896592614062696,NA,0.227281193983322,0.355026891215245,-0.127745697231924,0.449156673212539,NA,0.995563862140902,NA,FALSE,0.313888888888889,"OPC"
"CHD9-203","CHD9",0.504172916651785,NA,0.331338966074748,0.387959990994235,-0.0566210249194867,0.139652989505631,NA,0.818874347555747,NA,FALSE,0.316621827852129,"OPC"
"CHD9-213","CHD9",0.504172916651785,NA,0.584325735114819,0.503139812596934,0.081185922517885,0.0381291743607059,NA,0.625368329308465,NA,FALSE,0.487534138398789,"OPC"
"CHD9-216","CHD9",0.504172916651785,NA,0.0184406391807251,0.0492005680098091,-0.0307599288290839,0.109863713727009,NA,0.808180064182011,NA,FALSE,0.0394130102361013,"OPC"
"CHD9-217","CHD9",0.504172916651785,NA,0.0658946596297077,0.0596996283990219,0.00619503123068578,0.121021918085615,NA,0.808180064182011,NA,FALSE,0.156431023512981,"OPC"
"CHL1-201","CHL1",0.98806920328446,NA,0.768365619092363,0.678512798653464,0.0898528204388996,0.83261475839521,NA,0.996484014458586,NA,FALSE,0.727272727272727,"OPC"
"CHL1-216","CHL1",0.98806920328446,NA,0.231634380907637,0.321487201346536,-0.0898528204388997,0.83261475839521,NA,0.996484014458586,NA,FALSE,0.272727272727273,"OPC"
"CLIP4-224","CLIP4",0.996484014458586,NA,0.808332125078537,0.668027312900233,0.140304812178304,0.966133731431064,NA,0.996484014458586,NA,FALSE,0.987910189982729,"OPC"
"CLIP4-235","CLIP4",0.996484014458586,NA,0.191667874921463,0.331972687099767,-0.140304812178304,0.966133731431065,NA,0.996484014458586,NA,FALSE,0.0120898100172712,"OPC"
"CMYA5-201","CMYA5",0.98806920328446,NA,0.978173626274106,0.971409742265091,0.00676388400901506,0.843946456691609,NA,0.996484014458586,NA,FALSE,0.931105169340464,"OPC"
"CMYA5-203","CMYA5",0.98806920328446,NA,0.0218263737258941,0.0285902577349092,-0.00676388400901507,0.843946456691602,NA,0.996484014458586,NA,FALSE,0.0688948306595365,"OPC"
"COL9A1-201","COL9A1",0.915054242587661,NA,0.917507709326032,0.93363510126668,-0.0161273919406479,0.580107385308484,NA,0.995563862140902,NA,FALSE,0.94370948941989,"OPC"
"COL9A1-210","COL9A1",0.915054242587661,NA,0.0824922906739677,0.0663648987333198,0.0161273919406479,0.580107385308483,NA,0.995563862140902,NA,FALSE,0.05629051058011,"OPC"
"CREBRF-201","CREBRF",0.915054242587661,NA,0.803796987220675,0.653990354883212,0.149806632337463,0.579388063946752,NA,0.995563862140902,NA,FALSE,0.474592074592075,"OPC"
"CREBRF-204","CREBRF",0.915054242587661,NA,0.196203012779325,0.346009645116788,-0.149806632337463,0.579388063946753,NA,0.995563862140902,NA,FALSE,0.525407925407925,"OPC"
"CREBZF-202","CREBZF",0.982395905882173,NA,0.419784862548254,0.34673165954416,0.0730532030040948,0.773128138948692,NA,0.996484014458586,NA,FALSE,0.302255710746277,"OPC"
"CREBZF-204","CREBZF",0.982395905882173,NA,0.580215137451746,0.65326834045584,-0.0730532030040948,0.773128138948692,NA,0.996484014458586,NA,FALSE,0.697744289253723,"OPC"
"CTTNBP2-201","CTTNBP2",0.267739321577401,NA,0.728531749750606,0.799782157208,-0.0712504074573941,0.00633702536277873,NA,0.35034697362791,NA,FALSE,0.359203739522888,"OPC"
"CTTNBP2-206","CTTNBP2",0.267739321577401,NA,0.271468250249394,0.200217842792,0.0712504074573941,0.00633702536277872,NA,0.35034697362791,NA,FALSE,0.640796260477112,"OPC"
"DDX17-201","DDX17",0.970184961711498,NA,0.887632362353286,0.847267700538049,0.0403646618152371,0.734814645556639,NA,0.996484014458586,NA,FALSE,0.850786102484472,"OPC"
"DDX17-202","DDX17",0.970184961711498,NA,0.112367637646714,0.152732299461951,-0.0403646618152371,0.734814645556637,NA,0.996484014458586,NA,FALSE,0.149213897515528,"OPC"
"DDX24-206","DDX24",0.659774719188571,NA,0.338206088346786,0.293995070867757,0.044211017479029,0.134931205501883,NA,0.813531959163332,NA,FALSE,0.0897791380694551,"OPC"
"DDX24-208","DDX24",0.659774719188571,NA,0.661793911653214,0.706004929132243,-0.044211017479029,0.134931205501883,NA,0.813531959163332,NA,FALSE,0.910220861930545,"OPC"
"DDX39B-215","DDX39B",0.842613301112467,NA,0.717178624477933,0.625175579876678,0.092003044601255,0.353997304017664,NA,0.968154186428018,NA,FALSE,0.521853271341208,"OPC"
"DDX39B-219","DDX39B",0.842613301112467,NA,0.282821375522067,0.374824420123322,-0.0920030446012549,0.353997304017663,NA,0.968154186428018,NA,FALSE,0.478146728658792,"OPC"
"DDX5-201","DDX5",0.915054242587661,NA,0.353572048442945,0.28704104927309,0.0665309991698554,0.754653079434152,NA,0.996484014458586,NA,FALSE,0.432687838001227,"OPC"
"DDX5-212","DDX5",0.915054242587661,NA,0.0458202112916712,0.0242804915438499,0.0215397197478212,0.981847119538418,NA,0.996484014458586,NA,FALSE,0.0165547717068172,"OPC"
"DDX5-215","DDX5",0.915054242587661,NA,0.496710940064834,0.657609141064403,-0.160898200999568,0.584768391712825,NA,0.996484014458586,NA,FALSE,0.478690868430532,"OPC"
"DDX5-239","DDX5",0.915054242587661,NA,0.103896800200549,0.0310693181186573,0.0728274820818916,0.625460018722386,NA,0.996484014458586,NA,FALSE,0.0720665218614245,"OPC"
"DIDO1-201","DIDO1",0.659774719188571,NA,0.32950885668277,0.676948051948052,-0.347439195265282,0.133756464576242,NA,0.813531959163332,NA,FALSE,0.3,"OPC"
"DIDO1-202","DIDO1",0.659774719188571,NA,0.67049114331723,0.323051948051948,0.347439195265282,0.133756464576242,NA,0.813531959163332,NA,FALSE,0.7,"OPC"
"DISC1-207","DISC1",0.996484014458586,NA,0.126282864102013,0.408958068873482,-0.282675204771469,0.935227604908069,NA,0.996484014458586,NA,FALSE,0.447834903192046,"OPC"
"DISC1-215","DISC1",0.996484014458586,NA,0.873717135897987,0.591041931126518,0.282675204771469,0.935227604908068,NA,0.996484014458586,NA,FALSE,0.552165096807954,"OPC"
"DLG2-205","DLG2",0.775390515575489,NA,0.43654807991932,0.372033679069926,0.0645144008493939,0.198014166496144,NA,0.941281079291327,NA,FALSE,0.482876712328767,"OPC"
"DLG2-222","DLG2",0.775390515575489,NA,0.248325259335091,0.273364328801429,-0.0250390694663383,0.907871596639918,NA,0.996484014458586,NA,FALSE,0.0753424657534247,"OPC"
"DLG2-246","DLG2",0.775390515575489,NA,0.315126660745589,0.354601992128645,-0.0394753313830557,0.296897416323947,NA,0.968154186428018,NA,FALSE,0.441780821917808,"OPC"
"DNM3-202","DNM3",0.850856177600773,NA,0.313745869717226,0.295317034342379,0.0184288353748476,0.977917943557609,NA,0.996484014458586,NA,FALSE,0.275961538461538,"OPC"
"DNM3-204","DNM3",0.850856177600773,NA,0.483009373930032,0.5428445498494,-0.0598351759193677,0.47325756469462,NA,0.995563862140902,NA,FALSE,0.630128205128205,"OPC"
"DNM3-206","DNM3",0.850856177600773,NA,0.203244756352742,0.161838415808222,0.04140634054452,0.402772155077289,NA,0.968154186428018,NA,FALSE,0.0939102564102564,"OPC"
"DOCK1-201","DOCK1",0.842503842938658,NA,0.431879102937603,0.67947420226832,-0.247595099330717,0.311822675685531,NA,0.968154186428018,NA,FALSE,0.745,"OPC"
"DOCK1-206","DOCK1",0.842503842938658,NA,0.568120897062397,0.32052579773168,0.247595099330717,0.311822675685531,NA,0.968154186428018,NA,FALSE,0.255,"OPC"
"DST-209","DST",0.775390515575489,NA,0.614401139423092,0.49973343592089,0.114667703502203,0.39864193351046,NA,0.968154186428018,NA,FALSE,0.417006033182504,"OPC"
"DST-222","DST",0.775390515575489,NA,0.111057489589916,0.141949958888187,-0.0308924692982707,0.610150487393603,NA,0.996484014458586,NA,FALSE,0.414819004524887,"OPC"
"DST-231","DST",0.775390515575489,NA,0.123522540684944,0.207468092489755,-0.083945551804811,0.79852709816868,NA,0.996484014458586,NA,FALSE,0.00641025641025641,"OPC"
"DST-241","DST",0.775390515575489,NA,0.151018830302047,0.150848512701168,0.000170317600879183,0.201235902223981,NA,0.941281079291327,NA,FALSE,0.161764705882353,"OPC"
"DZIP3-201","DZIP3",0.659774719188571,NA,0.598338847532396,0.446273089515238,0.152065758017158,0.0925618733246143,NA,0.808180064182011,NA,FALSE,0.0727272727272727,"OPC"
"DZIP3-205","DZIP3",0.659774719188571,NA,0.401661152467604,0.553726910484762,-0.152065758017158,0.0925618733246143,NA,0.808180064182011,NA,FALSE,0.927272727272727,"OPC"
"EEF1A1-201","EEF1A1",0.659774719188571,NA,0.814842756304231,0.872107273141815,-0.0572645168375843,0.107947909509865,NA,0.808180064182011,NA,FALSE,0.865540837236534,"OPC"
"EEF1A1-222","EEF1A1",0.659774719188571,NA,0.185157243695769,0.127892726858185,0.0572645168375842,0.107947909509864,NA,0.808180064182011,NA,FALSE,0.134459162763466,"OPC"
"ELOVL5-201","ELOVL5",0.896592614062696,NA,0.483375340043997,0.438706485181345,0.0446688548626518,0.449775236485956,NA,0.995563862140902,NA,FALSE,0.38585574127907,"OPC"
"ELOVL5-207","ELOVL5",0.896592614062696,NA,0.516624659956003,0.561293514818655,-0.0446688548626518,0.449775236485957,NA,0.995563862140902,NA,FALSE,0.61414425872093,"OPC"
"EPN2-201","EPN2",0.784071866944837,NA,0.434966364498301,0.347571934639386,0.087394429858915,0.221280165482806,NA,0.95758836294328,NA,FALSE,0.25941865188563,"OPC"
"EPN2-202","EPN2",0.784071866944837,NA,0.565033635501699,0.652428065360614,-0.087394429858915,0.221280165482806,NA,0.95758836294328,NA,FALSE,0.74058134811437,"OPC"
"ERCC6L2-201","ERCC6L2",0.80498505034331,NA,0.368389148944696,0.10289300155069,0.265496147394007,0.660454161316401,NA,0.996484014458586,NA,FALSE,0.027634130575307,"OPC"
"ERCC6L2-204","ERCC6L2",0.80498505034331,NA,0.197762792500743,0.308603437202014,-0.110840644701271,0.738980313445632,NA,0.996484014458586,NA,FALSE,0.0961538461538462,"OPC"
"ERCC6L2-211","ERCC6L2",0.80498505034331,NA,0.235159591108243,0.488965579738165,-0.253805988629922,0.249187351559293,NA,0.968154186428018,NA,FALSE,0.708144796380091,"OPC"
"ERCC6L2-215","ERCC6L2",0.80498505034331,NA,0.198688467446318,0.0995379815091313,0.0991504859371864,0.261803855180296,NA,0.968154186428018,NA,FALSE,0.168067226890756,"OPC"
"EZH1-202","EZH1",0.574674381609688,NA,0.265459385484149,0.0974025308412718,0.168056854642877,0.0616969916930127,NA,0.757679886673128,NA,FALSE,0.210329701583968,"OPC"
"EZH1-208","EZH1",0.574674381609688,NA,0.734540614515851,0.902597469158728,-0.168056854642877,0.0616969916930128,NA,0.757679886673128,NA,FALSE,0.789670298416032,"OPC"
"FBXL5-201","FBXL5",0.850856177600773,NA,0.536038442940039,0.672205026391196,-0.136166583451158,0.388652099220635,NA,0.968154186428018,NA,FALSE,0.996268656716418,"OPC"
"FBXL5-205","FBXL5",0.850856177600773,NA,0.463961557059961,0.327794973608804,0.136166583451158,0.388652099220636,NA,0.968154186428018,NA,FALSE,0.00373134328358209,"OPC"
"FHL1-205","FHL1",0.842503842938658,NA,0.192672638576247,0.466862158029227,-0.274189519452979,0.338995629111413,NA,0.968154186428018,NA,FALSE,0.218220338983051,"OPC"
"FHL1-234","FHL1",0.842503842938658,NA,0.807327361423752,0.533137841970773,0.274189519452979,0.338995629111413,NA,0.968154186428018,NA,FALSE,0.781779661016949,"OPC"
"FNBP4-201","FNBP4",0.896592614062696,NA,0.167541662616167,0.173477968401272,-0.00593630578510473,0.490028986030242,NA,0.995563862140902,NA,FALSE,0.0627697146114074,"OPC"
"FNBP4-213","FNBP4",0.896592614062696,NA,0.832458337383833,0.826522031598728,0.00593630578510473,0.490028986030241,NA,0.995563862140902,NA,FALSE,0.937230285388593,"OPC"
"GABPB1-AS1-206","GABPB1-AS1",0.996484014458586,NA,0.465649334293356,0.512555959320665,-0.0469066250273094,0.994028044835517,NA,0.996484014458586,NA,FALSE,0.566489361702128,"OPC"
"GABPB1-AS1-208","GABPB1-AS1",0.996484014458586,NA,0.534350665706644,0.487444040679335,0.0469066250273094,0.994028044835517,NA,0.996484014458586,NA,FALSE,0.433510638297872,"OPC"
"GATM-201","GATM",0.842503842938658,NA,0.834143946215435,0.781418650793651,0.0527252954217837,0.312642422567768,NA,0.968154186428018,NA,FALSE,1,"OPC"
"GATM-207","GATM",0.842503842938658,NA,0.165856053784565,0.218581349206349,-0.0527252954217837,0.312642422567768,NA,0.968154186428018,NA,FALSE,0,"OPC"
"GCC2-218","GCC2",0.322914606887357,NA,0.444455651325334,0.264767989085251,0.179687662240082,0.00955368659430051,NA,0.410808523554922,NA,FALSE,0.289855072463768,"OPC"
"GCC2-223","GCC2",0.322914606887357,NA,0.555544348674666,0.735232010914749,-0.179687662240082,0.00955368659430052,NA,0.410808523554922,NA,FALSE,0.710144927536232,"OPC"
"GDAP1-201","GDAP1",0.451184811416983,NA,0.7541469333136,0.399487293435629,0.354659639877971,0.0257472365820048,NA,0.573992511565984,NA,FALSE,0.385416666666667,"OPC"
"GDAP1-233","GDAP1",0.451184811416983,NA,0.2458530666864,0.600512706564371,-0.354659639877971,0.0257472365820049,NA,0.573992511565984,NA,FALSE,0.614583333333333,"OPC"
"GFAP-214","GFAP",0.996484014458586,NA,0.584592514789117,0.699183673469388,-0.114591158680271,0.911841839194957,NA,0.996484014458586,NA,FALSE,0.741836734693878,"OPC"
"GFAP-237","GFAP",0.996484014458586,NA,0.415407485210883,0.300816326530612,0.114591158680271,0.911841839194959,NA,0.996484014458586,NA,FALSE,0.258163265306122,"OPC"
"GOLGA8A-202","GOLGA8A",0.451184811416983,NA,0.92843635969093,0.739774049716505,0.188662309974425,0.0247551803245219,NA,0.573992511565984,NA,FALSE,0.901041666666667,"OPC"
"GOLGA8A-205","GOLGA8A",0.451184811416983,NA,0.0715636403090702,0.260225950283495,-0.188662309974425,0.0247551803245219,NA,0.573992511565984,NA,FALSE,0.0989583333333333,"OPC"
"GPATCH2L-201","GPATCH2L",0.986856274006325,NA,0.315056822876372,0.421389961389961,-0.10633313851359,0.799995914431163,NA,0.996484014458586,NA,FALSE,0.398107581842522,"OPC"
"GPATCH2L-204","GPATCH2L",0.986856274006325,NA,0.684943177123628,0.578610038610039,0.10633313851359,0.799995914431163,NA,0.996484014458586,NA,FALSE,0.601892418157478,"OPC"
"GPNMB-201","GPNMB",0.896592614062696,NA,0.660284165509313,0.665249561377505,-0.00496539586819178,0.761328846519314,NA,0.996484014458586,NA,FALSE,0.651742284579999,"OPC"
"GPNMB-202","GPNMB",0.896592614062696,NA,0.176370282920614,0.170653415559733,0.00571686736088101,0.833799939647363,NA,0.996484014458586,NA,FALSE,0.241392443403983,"OPC"
"GPNMB-203","GPNMB",0.896592614062696,NA,0.163345551570072,0.164097023062761,-0.000751471492689199,0.474218663923658,NA,0.995563862140902,NA,FALSE,0.106865272016018,"OPC"
"GPRIN3-201","GPRIN3",0.964349831600619,NA,0.645681261010151,0.57071323498508,0.0749680260250716,0.673817299173239,NA,0.996484014458586,NA,FALSE,0.297705314009662,"OPC"
"GPRIN3-202","GPRIN3",0.964349831600619,NA,0.354318738989849,0.42928676501492,-0.0749680260250716,0.673817299173239,NA,0.996484014458586,NA,FALSE,0.702294685990338,"OPC"
"GRIA2-205","GRIA2",0.76269827570929,NA,0.618809224165285,0.701716856316583,-0.0829076321512983,0.944176071559124,NA,0.996484014458586,NA,FALSE,0.907643282326952,"OPC"
"GRIA2-220","GRIA2",0.76269827570929,NA,0.142936235291207,0.0680125504446501,0.0749236848465565,0.408647634081523,NA,0.976213792528083,NA,FALSE,0.0526313179562229,"OPC"
"GRIA2-227","GRIA2",0.76269827570929,NA,0.0944173901790774,0.16001301154729,-0.0655956213682122,0.1669812792973,NA,0.92316792982936,NA,FALSE,0.0220110560518522,"OPC"
"GRIA2-231","GRIA2",0.76269827570929,NA,0.143837150364431,0.0702575816914775,0.073579568672954,0.561804947767728,NA,0.995563862140902,NA,FALSE,0.0177143436649727,"OPC"
"GRM5-202","GRM5",0.996484014458586,NA,0.472866011608405,0.338823318183578,0.134042693424827,0.888845838306118,NA,0.996484014458586,NA,FALSE,0.799145299145299,"OPC"
"GRM5-205","GRM5",0.996484014458586,NA,0.527133988391595,0.661176681816422,-0.134042693424827,0.888845838306118,NA,0.996484014458586,NA,FALSE,0.200854700854701,"OPC"
"HCG18-242","HCG18",0.937676272365386,NA,0.71568144499179,0.453326483814289,0.262354961177501,0.612252771601883,NA,0.996484014458586,NA,FALSE,0.555555555555556,"OPC"
"HCG18-244","HCG18",0.937676272365386,NA,0.28431855500821,0.546673516185711,-0.262354961177501,0.612252771601881,NA,0.996484014458586,NA,FALSE,0.444444444444444,"OPC"
"HMGN1-216","HMGN1",0.946661709563195,NA,0.691893488368199,0.781602771069401,-0.0897092827012023,0.63857653781186,NA,0.996484014458586,NA,FALSE,0.935726014543748,"OPC"
"HMGN1-220","HMGN1",0.946661709563195,NA,0.308106511631801,0.218397228930599,0.0897092827012023,0.638576537811859,NA,0.996484014458586,NA,FALSE,0.0642739854562515,"OPC"
"HNRNPA1-203","HNRNPA1",0.980223522614461,NA,0.326658136344587,0.37531086853346,-0.0486527321888734,0.760436460055237,NA,0.996484014458586,NA,FALSE,0.60797342192691,"OPC"
"HNRNPA1-209","HNRNPA1",0.980223522614461,NA,0.673341863655413,0.62468913146654,0.0486527321888733,0.760436460055239,NA,0.996484014458586,NA,FALSE,0.39202657807309,"OPC"
"HNRNPU-203","HNRNPU",0.574674381609688,NA,0.278765518319528,0.213151009391611,0.0656145089279172,0.865261521729259,NA,0.996484014458586,NA,FALSE,0.374646010328169,"OPC"
"HNRNPU-205","HNRNPU",0.574674381609688,NA,0.265377921040769,0.129148031682309,0.13622988935846,0.064096847626871,NA,0.757679886673128,NA,FALSE,0.380143261702482,"OPC"
"HNRNPU-217","HNRNPU",0.574674381609688,NA,0.233257704673417,0.182073671573893,0.0511840330995239,0.346431686432893,NA,0.968154186428018,NA,FALSE,0.134099616858238,"OPC"
"HNRNPU-226","HNRNPU",0.574674381609688,NA,0.222598855966286,0.475627287352188,-0.253028431385901,0.762605177457257,NA,0.996484014458586,NA,FALSE,0.111111111111111,"OPC"
"HOOK3-201","HOOK3",0.996484014458586,NA,0.493483851119175,0.558077502012812,-0.0645936508936372,0.966729145085612,NA,0.996484014458586,NA,FALSE,0.366915422885572,"OPC"
"HOOK3-204","HOOK3",0.996484014458586,NA,0.506516148880825,0.441922497987188,0.0645936508936372,0.966729145085612,NA,0.996484014458586,NA,FALSE,0.633084577114428,"OPC"
"KANK1-201","KANK1",0.775390515575489,NA,0.242643261391899,0.154373666490158,0.0882695949017412,0.49930538024034,NA,0.995563862140902,NA,FALSE,0.0906292100868971,"OPC"
"KANK1-211","KANK1",0.775390515575489,NA,0.102937848993067,0.173615114476228,-0.0706772654831615,0.393810821551114,NA,0.968154186428018,NA,FALSE,0.0700636784427086,"OPC"
"KANK1-224","KANK1",0.775390515575489,NA,0.498591625486173,0.40153718830681,0.0970544371793626,0.508522782113536,NA,0.995563862140902,NA,FALSE,0.390881285240084,"OPC"
"KANK1-233","KANK1",0.775390515575489,NA,0.155827264128861,0.270474030726803,-0.114646766597942,0.187145797052238,NA,0.941281079291327,NA,FALSE,0.44842582623031,"OPC"
"KMT2C-215","KMT2C",0.829996883399919,NA,0.60632123294662,0.314232329087241,0.292088903859379,0.289762225565653,NA,0.968154186428018,NA,FALSE,0.5,"OPC"
"KMT2C-266","KMT2C",0.829996883399919,NA,0.39367876705338,0.685767670912759,-0.292088903859379,0.289762225565652,NA,0.968154186428018,NA,FALSE,0.5,"OPC"
"LAMP2-201","LAMP2",0.996484014458586,NA,0.227507642454542,0.182678952991453,0.0448286894630889,0.942620908399792,NA,0.996484014458586,NA,FALSE,0.187410415671285,"OPC"
"LAMP2-202","LAMP2",0.996484014458586,NA,0.772492357545458,0.817321047008547,-0.0448286894630888,0.942620908399794,NA,0.996484014458586,NA,FALSE,0.812589584328715,"OPC"
"LATS1-202","LATS1",0.98806920328446,NA,0.888829459458668,0.890272893083819,-0.00144343362515087,0.824173353218135,NA,0.996484014458586,NA,FALSE,0.9375,"OPC"
"LATS1-207","LATS1",0.98806920328446,NA,0.111170540541332,0.109727106916181,0.0014434336251509,0.824173353218135,NA,0.996484014458586,NA,FALSE,0.0625,"OPC"
"LMNA-205","LMNA",0.659774719188571,NA,0.501115197796699,0.509855912675462,-0.00874071487876227,0.549944253653637,NA,0.995563862140902,NA,FALSE,0.337301587301587,"OPC"
"LMNA-238","LMNA",0.659774719188571,NA,0.265375695508614,0.214387846906644,0.0509878486019702,0.124980049052379,NA,0.813531959163332,NA,FALSE,0.654761904761905,"OPC"
"LMNA-242","LMNA",0.659774719188571,NA,0.233509106694687,0.275756240417895,-0.0422471337232079,0.566680749434206,NA,0.995563862140902,NA,FALSE,0.00793650793650794,"OPC"
"LRRC7-201","LRRC7",0.896592614062696,NA,0.247237680791147,0.350885076252723,-0.103647395461576,0.587511767251239,NA,0.996484014458586,NA,FALSE,0.245042457542458,"OPC"
"LRRC7-205","LRRC7",0.896592614062696,NA,0.14521999785501,0.185589968310557,-0.0403699704555465,0.891103270856617,NA,0.996484014458586,NA,FALSE,0.00649350649350649,"OPC"
"LRRC7-214","LRRC7",0.896592614062696,NA,0.607542321353843,0.46352495543672,0.144017365917123,0.4986964835615,NA,0.995563862140902,NA,FALSE,0.748464035964036,"OPC"
"LRRK2-206","LRRK2",0.996484014458586,NA,0.657167989880902,0.653233728423618,0.00393426145728426,0.900323789252813,NA,0.996484014458586,NA,FALSE,0.349727182539683,"OPC"
"LRRK2-213","LRRK2",0.996484014458586,NA,0.120816050256681,0.0851333531447348,0.0356826971119465,0.995042976561432,NA,0.996484014458586,NA,FALSE,0.310639880952381,"OPC"
"LRRK2-217","LRRK2",0.996484014458586,NA,0.222015959862416,0.261632918431647,-0.0396169585692307,0.967701928759826,NA,0.996484014458586,NA,FALSE,0.339632936507937,"OPC"
"LRRN3-201","LRRN3",0.574674381609688,NA,0.588049896062913,0.198890482573784,0.389159413489129,0.0646083624294916,NA,0.757679886673128,NA,FALSE,0.326388888888889,"OPC"
"LRRN3-203","LRRN3",0.574674381609688,NA,0.411950103937087,0.801109517426216,-0.389159413489129,0.0646083624294916,NA,0.757679886673128,NA,FALSE,0.673611111111111,"OPC"
"LUC7L3-202","LUC7L3",0.98806920328446,NA,0.117437350938785,0.203189764494179,-0.0857524135553949,0.832989825487705,NA,0.996484014458586,NA,FALSE,0.149923711206337,"OPC"
"LUC7L3-208","LUC7L3",0.98806920328446,NA,0.882562649061215,0.796810235505821,0.0857524135553949,0.832989825487705,NA,0.996484014458586,NA,FALSE,0.850076288793663,"OPC"
"MACF1-203","MACF1",0.451184811416983,NA,0.0649080960831777,0.119206604552839,-0.0542985084696608,0.335239831372615,NA,0.968154186428018,NA,FALSE,0.0093167701863354,"OPC"
"MACF1-223","MACF1",0.451184811416983,NA,0.362040338750148,0.152099978487001,0.209940360263147,0.166757184838326,NA,0.92316792982936,NA,FALSE,0.0721495119787045,"OPC"
"MACF1-226","MACF1",0.451184811416983,NA,0.196383240715281,0.263534661352616,-0.0671514206373352,0.193249924478697,NA,0.941281079291327,NA,FALSE,0.298857586512866,"OPC"
"MACF1-247","MACF1",0.451184811416983,NA,0.208565818770475,0.376134390109973,-0.167568571339498,0.077360797700965,NA,0.808180064182011,NA,FALSE,0.0217945874001775,"OPC"
"MACF1-256","MACF1",0.451184811416983,NA,0.168102505680918,0.0890243654975706,0.0790781401833471,0.0209244634870873,NA,0.573992511565984,NA,FALSE,0.597881543921917,"OPC"
"MAGED4B-201","MAGED4B",0.980223522614461,NA,0.643322877754377,0.793139322768213,-0.149816445013836,0.765618372692952,NA,0.996484014458586,NA,FALSE,0.871384943712554,"OPC"
"MAGED4B-203","MAGED4B",0.980223522614461,NA,0.356677122245623,0.206860677231787,0.149816445013836,0.765618372692951,NA,0.996484014458586,NA,FALSE,0.128615056287446,"OPC"
"MALAT1-202","MALAT1",0.896592614062696,NA,0.954544786807499,0.907385832027822,0.0471589547796772,0.493355846507842,NA,0.995563862140902,NA,FALSE,0.995335332476558,"OPC"
"MALAT1-211","MALAT1",0.896592614062696,NA,0.0454552131925012,0.0926141679721785,-0.0471589547796773,0.493355846507834,NA,0.995563862140902,NA,FALSE,0.00466466752344233,"OPC"
"MARCHF6-201","MARCHF6",0.908841410412816,NA,0.243428794699595,0.45452593537415,-0.211097140674555,0.516264943193079,NA,0.995563862140902,NA,FALSE,0.477564102564103,"OPC"
"MARCHF6-210","MARCHF6",0.908841410412816,NA,0.756571205300405,0.54547406462585,0.211097140674555,0.516264943193079,NA,0.995563862140902,NA,FALSE,0.522435897435897,"OPC"
"MBP-202","MBP",0.80498505034331,NA,0.317021693707852,0.454157018094514,-0.137135324386662,0.242495882282216,NA,0.968154186428018,NA,FALSE,0.0997061843906892,"OPC"
"MBP-205","MBP",0.80498505034331,NA,0.227100730011685,0.174122141514557,0.0529785884971287,0.244520584397114,NA,0.968154186428018,NA,FALSE,0.190778880774887,"OPC"
"MBP-207","MBP",0.80498505034331,NA,0.323516274812526,0.188832216412974,0.134684058399552,0.6773319035026,NA,0.996484014458586,NA,FALSE,0.164498706830975,"OPC"
"MBP-220","MBP",0.80498505034331,NA,0.132361301467936,0.182888623977955,-0.0505273225100187,0.744784791562361,NA,0.996484014458586,NA,FALSE,0.545016228003449,"OPC"
"MCAM-201","MCAM",0.659774719188571,NA,0.586921372682458,0.605946577645575,-0.0190252049631169,0.103476423028974,NA,0.808180064182011,NA,FALSE,0.852855631940772,"OPC"
"MCAM-208","MCAM",0.659774719188571,NA,0.413078627317542,0.394053422354425,0.0190252049631168,0.103476423028974,NA,0.808180064182011,NA,FALSE,0.147144368059228,"OPC"
"MDN1-201","MDN1",0.996484014458586,NA,0.54935832434471,0.693977732793522,-0.144619408448813,0.964764959582452,NA,0.996484014458586,NA,FALSE,0.559975961538462,"OPC"
"MDN1-220","MDN1",0.996484014458586,NA,0.450641675655291,0.306022267206478,0.144619408448813,0.964764959582452,NA,0.996484014458586,NA,FALSE,0.440024038461538,"OPC"
"MEG3-209","MEG3",0.934482776119247,NA,0.335545502413901,0.240963423386044,0.0945820790278571,0.772468666392706,NA,0.996484014458586,NA,FALSE,0.233715630966211,"OPC"
"MEG3-210","MEG3",0.934482776119247,NA,0.05647957624256,0.0897312925845878,-0.0332517163420277,0.602713743177502,NA,0.996484014458586,NA,FALSE,0.171013475548038,"OPC"
"MEG3-220","MEG3",0.934482776119247,NA,0.607974921343539,0.669305284029368,-0.0613303626858294,0.616589970095361,NA,0.996484014458586,NA,FALSE,0.595270893485752,"OPC"
"MYO18A-201","MYO18A",0.784071866944837,NA,0.462209016026502,0.487207792207792,-0.0249987761812903,0.215532739299873,NA,0.95758836294328,NA,FALSE,0.724232456140351,"OPC"
"MYO18A-203","MYO18A",0.784071866944837,NA,0.537790983973498,0.512792207792208,0.0249987761812903,0.215532739299874,NA,0.95758836294328,NA,FALSE,0.275767543859649,"OPC"
"MYO6-201","MYO6",0.996484014458586,NA,0.357738482888818,0.412092423176167,-0.054353940287349,0.992203957816467,NA,0.996484014458586,NA,FALSE,0.463369963369963,"OPC"
"MYO6-216","MYO6",0.996484014458586,NA,0.642261517111182,0.587907576823833,0.054353940287349,0.992203957816467,NA,0.996484014458586,NA,FALSE,0.536630036630037,"OPC"
"N4BP2L2-222","N4BP2L2",0.850856177600773,NA,0.274465909256227,0.178104259356814,0.0963616498994125,0.680873790523215,NA,0.996484014458586,NA,FALSE,0.31878545524601,"OPC"
"N4BP2L2-229","N4BP2L2",0.850856177600773,NA,0.470384163200633,0.44600744938962,0.0243767138110138,0.704350454908521,NA,0.996484014458586,NA,FALSE,0.378596291176249,"OPC"
"N4BP2L2-237","N4BP2L2",0.850856177600773,NA,0.174528532070135,0.245015955867633,-0.0704874237974977,0.401112787606297,NA,0.968154186428018,NA,FALSE,0.225430604694997,"OPC"
"N4BP2L2-245","N4BP2L2",0.850856177600773,NA,0.0806213954730044,0.130872335385933,-0.0502509399129286,0.739040592603674,NA,0.996484014458586,NA,FALSE,0.0771876488827448,"OPC"
"NAP1L4-201","NAP1L4",0.850856177600773,NA,0.427903038319705,0.272958599247259,0.154944439072446,0.396911553270495,NA,0.968154186428018,NA,FALSE,0.214285714285714,"OPC"
"NAP1L4-222","NAP1L4",0.850856177600773,NA,0.572096961680295,0.727041400752741,-0.154944439072446,0.396911553270495,NA,0.968154186428018,NA,FALSE,0.785714285714286,"OPC"
"NCAM1-201","NCAM1",0.574674381609688,NA,0.487776455880235,0.505716323826573,-0.017939867946338,0.30097596090184,NA,0.968154186428018,NA,FALSE,0.421705131041037,"OPC"
"NCAM1-202","NCAM1",0.574674381609688,NA,0.191164659720366,0.0774460683250538,0.113718591395312,0.0813327144842275,NA,0.808180064182011,NA,FALSE,0.187426778414072,"OPC"
"NCAM1-213","NCAM1",0.574674381609688,NA,0.164108315029892,0.123347362855202,0.0407609521746896,0.780748524946111,NA,0.996484014458586,NA,FALSE,0.0114942528735632,"OPC"
"NCAM1-225","NCAM1",0.574674381609688,NA,0.156950569369507,0.293490244993171,-0.136539675623664,0.0514024403114915,NA,0.757679886673128,NA,FALSE,0.379373837671328,"OPC"
"NFE2L2-201","NFE2L2",0.988208454991341,NA,0.46063079751191,0.550793782335048,-0.0901629848231374,0.853718546915596,NA,0.996484014458586,NA,FALSE,0.314829931972789,"OPC"
"NFE2L2-202","NFE2L2",0.988208454991341,NA,0.53936920248809,0.449206217664952,0.0901629848231374,0.853718546915596,NA,0.996484014458586,NA,FALSE,0.685170068027211,"OPC"
"NRCAM-201","NRCAM",0.80498505034331,NA,0.938853406076319,0.959450384577669,-0.0205969785013498,0.245702832816183,NA,0.968154186428018,NA,FALSE,0.966386725089257,"OPC"
"NRCAM-203","NRCAM",0.80498505034331,NA,0.0611465939236808,0.040549615422331,0.0205969785013498,0.245702832816182,NA,0.968154186428018,NA,FALSE,0.0336132749107433,"OPC"
"OGT-210","OGT",0.984766232374261,NA,0.643512926467472,0.618938642220313,0.0245742842471586,0.781324394138712,NA,0.996484014458586,NA,FALSE,0.938144329896907,"OPC"
"OGT-215","OGT",0.984766232374261,NA,0.356487073532528,0.381061357779687,-0.0245742842471586,0.781324394138713,NA,0.996484014458586,NA,FALSE,0.0618556701030928,"OPC"
"OMG-201","OMG",0.996484014458586,NA,0.782118736596328,0.727787129195941,0.054331607400387,0.982874405607424,NA,0.996484014458586,NA,FALSE,0.879878267096312,"OPC"
"OMG-203","OMG",0.996484014458586,NA,0.217881263403672,0.272212870804059,-0.054331607400387,0.982874405607425,NA,0.996484014458586,NA,FALSE,0.120121732903688,"OPC"
"OPHN1-209","OPHN1",0.937676272365386,NA,0.419953948402228,0.34558861326467,0.0743653351375581,0.619536567380131,NA,0.996484014458586,NA,FALSE,0.148718280511759,"OPC"
"OPHN1-212","OPHN1",0.937676272365386,NA,0.580046051597772,0.65441138673533,-0.0743653351375581,0.619536567380131,NA,0.996484014458586,NA,FALSE,0.851281719488241,"OPC"
"PCDH11X-201","PCDH11X",0.775390515575489,NA,0.856143172713004,0.923922194670388,-0.0677790219573839,0.188027114521459,NA,0.941281079291327,NA,FALSE,0.690222974141745,"OPC"
"PCDH11X-209","PCDH11X",0.775390515575489,NA,0.143856827286996,0.076077805329612,0.0677790219573839,0.188027114521459,NA,0.941281079291327,NA,FALSE,0.309777025858255,"OPC"
"PCDHGC3-201","PCDHGC3",0.996484014458586,NA,0.241121593255131,0.218741284459248,0.022380308795883,0.960952586113342,NA,0.996484014458586,NA,FALSE,0.12487216424646,"OPC"
"PCDHGC3-202","PCDHGC3",0.996484014458586,NA,0.758878406744869,0.781258715540752,-0.022380308795883,0.960952586113341,NA,0.996484014458586,NA,FALSE,0.87512783575354,"OPC"
"PCNT-205","PCNT",0.659774719188571,NA,0.282353742809932,0.753356096960748,-0.471002354150816,0.114432533556379,NA,0.808180064182011,NA,FALSE,0.197916666666667,"OPC"
"PCNT-209","PCNT",0.659774719188571,NA,0.717646257190068,0.246643903039252,0.471002354150816,0.114432533556379,NA,0.808180064182011,NA,FALSE,0.802083333333333,"OPC"
"PDE12-201","PDE12",0.896592614062696,NA,0.56839393981624,0.473996598034278,0.0943973417819622,0.470312228307057,NA,0.995563862140902,NA,FALSE,0.518568196509373,"OPC"
"PDE12-202","PDE12",0.896592614062696,NA,0.43160606018376,0.526003401965722,-0.0943973417819622,0.470312228307057,NA,0.995563862140902,NA,FALSE,0.481431803490627,"OPC"
"PHF3-201","PHF3",0.267739321577401,NA,0.448398422427763,0.588561259270281,-0.140162836842518,0.032954876122287,NA,0.625368329308465,NA,FALSE,0.285112876254181,"OPC"
"PHF3-202","PHF3",0.267739321577401,NA,0.0914609118012605,0.0729104853068404,0.0185504264944201,0.531452461255037,NA,0.995563862140902,NA,FALSE,0.0367725752508361,"OPC"
"PHF3-204","PHF3",0.267739321577401,NA,0.407685909484791,0.294299261356256,0.113386648128535,0.00540688810893745,NA,0.35034697362791,NA,FALSE,0.65308110367893,"OPC"
"PHF3-209","PHF3",0.267739321577401,NA,0.0524547562861855,0.0442289940666228,0.00822576221956274,0.533546055678195,NA,0.995563862140902,NA,FALSE,0.0250334448160535,"OPC"
"PHIP-201","PHIP",0.996484014458586,NA,0.69670610000938,0.734661516428434,-0.037955416419054,0.975862633097262,NA,0.996484014458586,NA,FALSE,0.892664967431323,"OPC"
"PHIP-203","PHIP",0.996484014458586,NA,0.30329389999062,0.265338483571566,0.037955416419054,0.975862633097261,NA,0.996484014458586,NA,FALSE,0.107335032568677,"OPC"
"PLEKHH2-201","PLEKHH2",0.896592614062696,NA,0.896143648291231,0.852658209932454,0.0434854383587768,0.45672723319219,NA,0.995563862140902,NA,FALSE,0.864583333333333,"OPC"
"PLEKHH2-202","PLEKHH2",0.896592614062696,NA,0.103856351708769,0.147341790067546,-0.0434854383587768,0.45672723319219,NA,0.995563862140902,NA,FALSE,0.135416666666667,"OPC"
"PNISR-201","PNISR",0.842613301112467,NA,0.470350664436734,0.576751408629143,-0.106400744192409,0.484820336933583,NA,0.995563862140902,NA,FALSE,0.597227163080822,"OPC"
"PNISR-202","PNISR",0.842613301112467,NA,0.308826542302623,0.256193131856835,0.0526334104457883,0.346391135270501,NA,0.968154186428018,NA,FALSE,0.293251057885204,"OPC"
"PNISR-205","PNISR",0.842613301112467,NA,0.131286218330423,0.0922499604968711,0.039036257833552,0.931398503942096,NA,0.996484014458586,NA,FALSE,0.0443722943722944,"OPC"
"PNISR-207","PNISR",0.842613301112467,NA,0.0895365749302198,0.0748054990171508,0.014731075913069,0.915310473112375,NA,0.996484014458586,NA,FALSE,0.0651494846616798,"OPC"
"POMGNT1-201","POMGNT1",0.659774719188571,NA,0.530156730593082,0.591486263969102,-0.06132953337602,0.136639734743195,NA,0.813531959163332,NA,FALSE,0.633348353912931,"OPC"
"POMGNT1-214","POMGNT1",0.659774719188571,NA,0.469843269406918,0.408513736030898,0.06132953337602,0.136639734743195,NA,0.813531959163332,NA,FALSE,0.366651646087069,"OPC"
"POR-201","POR",0.812003059489984,NA,0.250167123787231,0.197653881140085,0.0525132426471458,0.262865667863689,NA,0.968154186428018,NA,FALSE,0.235120062517761,"OPC"
"POR-218","POR",0.812003059489984,NA,0.749832876212769,0.802346118859915,-0.0525132426471459,0.262865667863689,NA,0.968154186428018,NA,FALSE,0.764879937482239,"OPC"
"PPIG-205","PPIG",0.996484014458586,NA,0.605930101908967,0.564366883116883,0.0415632187920842,0.895593346808598,NA,0.996484014458586,NA,FALSE,0.477777777777778,"OPC"
"PPIG-217","PPIG",0.996484014458586,NA,0.394069898091033,0.435633116883117,-0.0415632187920842,0.895593346808598,NA,0.996484014458586,NA,FALSE,0.522222222222222,"OPC"
"PPM1B-201","PPM1B",0.915054242587661,NA,0.547185731808373,0.748625366568915,-0.201439634760542,0.56677913463226,NA,0.995563862140902,NA,FALSE,0.689792008757526,"OPC"
"PPM1B-207","PPM1B",0.915054242587661,NA,0.452814268191627,0.251374633431085,0.201439634760542,0.56677913463226,NA,0.995563862140902,NA,FALSE,0.310207991242474,"OPC"
"PPM1K-208","PPM1K",0.937676272365386,NA,0.328414960015393,0.365820658149302,-0.0374056981339093,0.724138930969552,NA,0.996484014458586,NA,FALSE,0.386095825426945,"OPC"
"PPM1K-209","PPM1K",0.937676272365386,NA,0.408808311936386,0.400034508004209,0.00877380393217647,0.812192403171353,NA,0.996484014458586,NA,FALSE,0.406404174573055,"OPC"
"PPM1K-210","PPM1K",0.937676272365386,NA,0.262776728048221,0.234144833846488,0.0286318942017329,0.621418594703688,NA,0.996484014458586,NA,FALSE,0.2075,"OPC"
"PTPRG-201","PTPRG",0.626378720399197,NA,0.367677776768686,0.453338705376749,-0.085660928608063,0.07412765921884,NA,0.808180064182011,NA,FALSE,0.1,"OPC"
"PTPRG-203","PTPRG",0.626378720399197,NA,0.632322223231314,0.546661294623251,0.0856609286080631,0.0741276592188399,NA,0.808180064182011,NA,FALSE,0.9,"OPC"
"PTPRZ1-201","PTPRZ1",0.658656066845936,NA,0.697676369196447,0.72404228291116,-0.0263659137147131,0.107991739636665,NA,0.808180064182011,NA,FALSE,0.692751404873066,"OPC"
"PTPRZ1-213","PTPRZ1",0.658656066845936,NA,0.255067024382245,0.17685433584842,0.0782126885338248,0.363028354948636,NA,0.968154186428018,NA,FALSE,0.188562753300057,"OPC"
"PTPRZ1-220","PTPRZ1",0.658656066845936,NA,0.0472566064213078,0.0991033812404196,-0.0518467748191117,0.0818448367086666,NA,0.808180064182011,NA,FALSE,0.118685841826877,"OPC"
"RAB3IP-201","RAB3IP",0.850856177600773,NA,0.609897301520578,0.608486130097972,0.00141117142260627,0.384491428155951,NA,0.968154186428018,NA,FALSE,0.878607809847199,"OPC"
"RAB3IP-204","RAB3IP",0.850856177600773,NA,0.390102698479422,0.391513869902028,-0.00141117142260622,0.384491428155951,NA,0.968154186428018,NA,FALSE,0.121392190152801,"OPC"
"RAB6A-201","RAB6A",0.812003059489984,NA,0.578266307939205,0.500007527581057,0.078258780358148,0.269066102552894,NA,0.968154186428018,NA,FALSE,0.422131147540984,"OPC"
"RAB6A-202","RAB6A",0.812003059489984,NA,0.421733692060795,0.499992472418943,-0.0782587803581482,0.269066102552894,NA,0.968154186428018,NA,FALSE,0.577868852459016,"OPC"
"RASSF4-201","RASSF4",0.842613301112467,NA,0.386039734552196,0.293820163178641,0.0922195713735546,0.352946016904155,NA,0.968154186428018,NA,FALSE,0.196961796190408,"OPC"
"RASSF4-211","RASSF4",0.842613301112467,NA,0.613960265447804,0.706179836821359,-0.0922195713735545,0.352946016904156,NA,0.968154186428018,NA,FALSE,0.803038203809592,"OPC"
"RBL2-201","RBL2",0.842503842938658,NA,0.212166780587833,0.514957172764482,-0.302790392176648,0.329609226258251,NA,0.968154186428018,NA,FALSE,0.756425120772947,"OPC"
"RBL2-209","RBL2",0.842503842938658,NA,0.787833219412167,0.485042827235518,0.302790392176648,0.329609226258251,NA,0.968154186428018,NA,FALSE,0.243574879227053,"OPC"
"RBM25-201","RBM25",0.659774719188571,NA,0.204249912543763,0.277539428001576,-0.0732895154578126,0.263368017603795,NA,0.968154186428018,NA,FALSE,0.319069930515714,"OPC"
"RBM25-203","RBM25",0.659774719188571,NA,0.255988779532287,0.31400366065859,-0.0580148811263032,0.502664992537696,NA,0.995563862140902,NA,FALSE,0.184866449926691,"OPC"
"RBM25-212","RBM25",0.659774719188571,NA,0.53976130792395,0.408456911339834,0.131304396584116,0.102068979088863,NA,0.808180064182011,NA,FALSE,0.496063619557595,"OPC"
"RBM39-201","RBM39",0.946661709563195,NA,0.123578659213238,0.117689044047848,0.00588961516538912,0.637915708533263,NA,0.996484014458586,NA,FALSE,0,"OPC"
"RBM39-223","RBM39",0.946661709563195,NA,0.876421340786762,0.882310955952151,-0.00588961516538911,0.637915708533263,NA,0.996484014458586,NA,FALSE,1,"OPC"
"RBM5-201","RBM5",0.980223522614461,NA,0.313329042499003,0.423931757935782,-0.110602715436779,0.763787133418991,NA,0.996484014458586,NA,FALSE,0.497549019607843,"OPC"
"RBM5-214","RBM5",0.980223522614461,NA,0.686670957500997,0.576068242064218,0.110602715436779,0.763787133418991,NA,0.996484014458586,NA,FALSE,0.502450980392157,"OPC"
"RBMX-207","RBMX",0.451184811416983,NA,0.826415990583532,0.682114824864165,0.144301165719368,0.0265661896082657,NA,0.573992511565984,NA,FALSE,0.692017259978425,"OPC"
"RBMX-212","RBMX",0.451184811416983,NA,0.173584009416468,0.317885175135835,-0.144301165719367,0.0265661896082656,NA,0.573992511565984,NA,FALSE,0.307982740021575,"OPC"
"RGS7-223","RGS7",0.915054242587661,NA,0.34911666017858,0.280334731680135,0.0687819284984454,0.58138871535877,NA,0.995563862140902,NA,FALSE,0.03,"OPC"
"RGS7-251","RGS7",0.915054242587661,NA,0.65088333982142,0.719665268319865,-0.0687819284984454,0.581388715358769,NA,0.995563862140902,NA,FALSE,0.97,"OPC"
"RIMKLB-202","RIMKLB",0.659774719188571,NA,0.189096743704871,0.110477955952094,0.0786187877527775,0.11750356651833,NA,0.808180064182011,NA,FALSE,0.0724358974358974,"OPC"
"RIMKLB-205","RIMKLB",0.659774719188571,NA,0.810903256295129,0.889522044047906,-0.0786187877527775,0.11750356651833,NA,0.808180064182011,NA,FALSE,0.927564102564103,"OPC"
"RNPC3-201","RNPC3",0.784071866944837,NA,0.330515324293605,0.433482142857143,-0.102966818563538,0.222694968126344,NA,0.95758836294328,NA,FALSE,0.446428571428571,"OPC"
"RNPC3-202","RNPC3",0.784071866944837,NA,0.297605062735153,0.145882936507937,0.151722126227217,0.29851607848735,NA,0.968154186428018,NA,FALSE,0.192857142857143,"OPC"
"RNPC3-208","RNPC3",0.784071866944837,NA,0.371879612971242,0.420634920634921,-0.0487553076636787,0.898076804991031,NA,0.996484014458586,NA,FALSE,0.360714285714286,"OPC"
"RPL13-202","RPL13",0.822771012176423,NA,0.478787627160099,0.482429029304029,-0.00364140214393066,0.277502649077255,NA,0.968154186428018,NA,FALSE,0.501515151515151,"OPC"
"RPL13-212","RPL13",0.822771012176423,NA,0.521212372839901,0.517570970695971,0.00364140214393061,0.277502649077256,NA,0.968154186428018,NA,FALSE,0.498484848484848,"OPC"
"RPN2-201","RPN2",0.504172916651785,NA,0.579971340388007,0.704405358634682,-0.124434018246675,0.0387825320501374,NA,0.625368329308465,NA,FALSE,0.453676470588235,"OPC"
"RPN2-209","RPN2",0.504172916651785,NA,0.420028659611993,0.295594641365318,0.124434018246675,0.0387825320501373,NA,0.625368329308465,NA,FALSE,0.546323529411765,"OPC"
"RRP7BP-202","RRP7BP",0.915054242587661,NA,0.745777483645527,0.70302807673719,0.0427494069083371,0.557030192175152,NA,0.995563862140902,NA,FALSE,0.678057653241477,"OPC"
"RRP7BP-205","RRP7BP",0.915054242587661,NA,0.254222516354473,0.29697192326281,-0.0427494069083371,0.557030192175152,NA,0.995563862140902,NA,FALSE,0.321942346758523,"OPC"
"RSRC2-201","RSRC2",0.970184961711498,NA,0.715495820668693,0.549007936507937,0.166487884160756,0.704979359697046,NA,0.996484014458586,NA,FALSE,0.419857357357357,"OPC"
"RSRC2-214","RSRC2",0.970184961711498,NA,0.284504179331307,0.450992063492063,-0.166487884160756,0.704979359697046,NA,0.996484014458586,NA,FALSE,0.580142642642643,"OPC"
"SARAF-201","SARAF",0.996484014458586,NA,0.716801950773927,0.795853924342063,-0.0790519735681365,0.917814739954952,NA,0.996484014458586,NA,FALSE,0.740282173966385,"OPC"
"SARAF-203","SARAF",0.996484014458586,NA,0.283198049226073,0.204146075657936,0.0790519735681366,0.917814739954951,NA,0.996484014458586,NA,FALSE,0.259717826033615,"OPC"
"SCAPER-201","SCAPER",0.659774719188571,NA,0.150897265178468,0.153406286113704,-0.00250902093523567,0.178987518819262,NA,0.941281079291327,NA,FALSE,0.230157240573907,"OPC"
"SCAPER-207","SCAPER",0.659774719188571,NA,0.572810873936971,0.553911922586157,0.018898951350814,0.115899403317717,NA,0.808180064182011,NA,FALSE,0.481142600934268,"OPC"
"SCAPER-212","SCAPER",0.659774719188571,NA,0.276291860884561,0.292681791300139,-0.0163899304155784,0.369298415926983,NA,0.968154186428018,NA,FALSE,0.288700158491825,"OPC"
"SEPTIN7-202","SEPTIN7",0.98806920328446,NA,0.795820092196763,0.750181486493199,0.0456386057035638,0.832793955419093,NA,0.996484014458586,NA,FALSE,0.841523628761622,"OPC"
"SEPTIN7-218","SEPTIN7",0.98806920328446,NA,0.204179907803238,0.249818513506801,-0.0456386057035638,0.832793955419092,NA,0.996484014458586,NA,FALSE,0.158476371238378,"OPC"
"SF3B1-208","SF3B1",0.98806920328446,NA,0.828951274514075,0.881779257961317,-0.0528279834472427,0.841101311060524,NA,0.996484014458586,NA,FALSE,0.888518032618202,"OPC"
"SF3B1-211","SF3B1",0.98806920328446,NA,0.171048725485925,0.118220742038683,0.0528279834472427,0.841101311060525,NA,0.996484014458586,NA,FALSE,0.111481967381798,"OPC"
"SGK1-201","SGK1",0.829996883399919,NA,0.703417812720271,0.656023545300604,0.0473942674196672,0.600707668343088,NA,0.996484014458586,NA,FALSE,0.698426892353689,"OPC"
"SGK1-204","SGK1",0.829996883399919,NA,0.119264015255674,0.267961047700911,-0.148697032445237,0.285531347630576,NA,0.968154186428018,NA,FALSE,0.0550912333201588,"OPC"
"SGK1-205","SGK1",0.829996883399919,NA,0.177318172024054,0.076015406998485,0.101302765025569,0.895613183881274,NA,0.996484014458586,NA,FALSE,0.246481874326152,"OPC"
"SILC1-213","SILC1",0.842503842938658,NA,0.39954822954823,0.380949266725921,0.0185989628223084,0.301271416001193,NA,0.968154186428018,NA,FALSE,0.22253320683112,"OPC"
"SILC1-214","SILC1",0.842503842938658,NA,0.60045177045177,0.619050733274079,-0.0185989628223084,0.301271416001194,NA,0.968154186428018,NA,FALSE,0.77746679316888,"OPC"
"SIPA1L1-201","SIPA1L1",0.896592614062696,NA,0.644566545848163,0.741773567664306,-0.0972070218161426,0.485083490126908,NA,0.995563862140902,NA,FALSE,0.87213860850757,"OPC"
"SIPA1L1-202","SIPA1L1",0.896592614062696,NA,0.355433454151837,0.258226432335694,0.0972070218161426,0.485083490126909,NA,0.995563862140902,NA,FALSE,0.12786139149243,"OPC"
"SLC1A2-201","SLC1A2",0.996484014458586,NA,0.808654362054631,0.878646320300656,-0.0699919582460252,0.922420412691148,NA,0.996484014458586,NA,FALSE,0.817642889533991,"OPC"
"SLC1A2-221","SLC1A2",0.996484014458586,NA,0.191345637945369,0.121353679699344,0.0699919582460252,0.922420412691149,NA,0.996484014458586,NA,FALSE,0.182357110466009,"OPC"
"SLC1A3-201","SLC1A3",0.850856177600773,NA,0.201916486291486,0.18733155742116,0.014584928870326,0.373596864840688,NA,0.968154186428018,NA,FALSE,0.270514978848312,"OPC"
"SLC1A3-253","SLC1A3",0.850856177600773,NA,0.798083513708514,0.81266844257884,-0.014584928870326,0.373596864840688,NA,0.968154186428018,NA,FALSE,0.729485021151688,"OPC"
"SLC24A2-201","SLC24A2",0.986856274006325,NA,0.486867364882974,0.555357142857143,-0.0684897779741691,0.796422369791653,NA,0.996484014458586,NA,FALSE,0.375,"OPC"
"SLC24A2-202","SLC24A2",0.986856274006325,NA,0.513132635117026,0.444642857142857,0.0684897779741691,0.796422369791653,NA,0.996484014458586,NA,FALSE,0.625,"OPC"
"SMOC1-201","SMOC1",0.842503842938658,NA,0.407188425972827,0.587991787624141,-0.180803361651314,0.323168822147819,NA,0.968154186428018,NA,FALSE,0.416666666666667,"OPC"
"SMOC1-202","SMOC1",0.842503842938658,NA,0.592811574027173,0.412008212375859,0.180803361651314,0.323168822147819,NA,0.968154186428018,NA,FALSE,0.583333333333333,"OPC"
"SNAP25-201","SNAP25",0.887766525183007,NA,0.722648872147986,0.530723412763407,0.191925459384579,0.43075062168643,NA,0.995563862140902,NA,FALSE,0.741269121078558,"OPC"
"SNAP25-202","SNAP25",0.887766525183007,NA,0.277351127852014,0.469276587236593,-0.191925459384579,0.43075062168643,NA,0.995563862140902,NA,FALSE,0.258730878921442,"OPC"
"SOX2-OT-225","SOX2-OT",0.659774719188571,NA,0.542182723888649,0.387580789636556,0.154601934252092,0.0887358324116437,NA,0.808180064182011,NA,FALSE,0.386699507389163,"OPC"
"SOX2-OT-234","SOX2-OT",0.659774719188571,NA,0.457817276111351,0.612419210363444,-0.154601934252092,0.0887358324116435,NA,0.808180064182011,NA,FALSE,0.613300492610837,"OPC"
"SPAG9-202","SPAG9",0.915054242587661,NA,0.305175285508801,0.347827269900498,-0.0426519843916969,0.574857697649473,NA,0.995563862140902,NA,FALSE,0,"OPC"
"SPAG9-209","SPAG9",0.915054242587661,NA,0.694824714491199,0.652172730099502,0.0426519843916969,0.574857697649473,NA,0.995563862140902,NA,FALSE,1,"OPC"
"SPECC1L-201","SPECC1L",0.909718326887426,NA,0.859121612831701,0.594297785918351,0.26482382691335,0.527528970621111,NA,0.995563862140902,NA,FALSE,0.98875,"OPC"
"SPECC1L-203","SPECC1L",0.909718326887426,NA,0.140878387168299,0.405702214081649,-0.26482382691335,0.527528970621111,NA,0.995563862140902,NA,FALSE,0.01125,"OPC"
"SPG7-223","SPG7",0.896592614062696,NA,0.346317816856886,0.319215537275463,0.027102279581423,0.493393307573726,NA,0.995563862140902,NA,FALSE,0.362013636842772,"OPC"
"SPG7-268","SPG7",0.896592614062696,NA,0.653682183143114,0.680784462724537,-0.027102279581423,0.493393307573727,NA,0.995563862140902,NA,FALSE,0.637986363157228,"OPC"
"SPIN3-201","SPIN3",0.964349831600619,NA,0.591940710361763,0.577601573544778,0.0143391368169846,0.678633564929745,NA,0.996484014458586,NA,FALSE,0.0704545454545455,"OPC"
"SPIN3-205","SPIN3",0.964349831600619,NA,0.408059289638237,0.422398426455222,-0.0143391368169846,0.678633564929746,NA,0.996484014458586,NA,FALSE,0.929545454545454,"OPC"
"SPTBN1-201","SPTBN1",0.98806920328446,NA,0.656832697217313,0.461786417519991,0.195046279697322,0.847751683291401,NA,0.996484014458586,NA,FALSE,0.472934472934473,"OPC"
"SPTBN1-204","SPTBN1",0.98806920328446,NA,0.343167302782687,0.538213582480009,-0.195046279697322,0.847751683291401,NA,0.996484014458586,NA,FALSE,0.527065527065527,"OPC"
"SRSF11-203","SRSF11",0.659774719188571,NA,0.267149169700244,0.207430667653125,0.0597185020471189,0.5033471811621,NA,0.995563862140902,NA,FALSE,0.354349415204678,"OPC"
"SRSF11-214","SRSF11",0.659774719188571,NA,0.350137740375667,0.192506073650141,0.157631666725526,0.175463512669064,NA,0.941281079291327,NA,FALSE,0.453313123495012,"OPC"
"SRSF11-218","SRSF11",0.659774719188571,NA,0.382713089924089,0.600063258696733,-0.217350168772645,0.0966884693801921,NA,0.808180064182011,NA,FALSE,0.19233746130031,"OPC"
"SRSF5-207","SRSF5",0.964349831600619,NA,0.624399085670179,0.691919734886066,-0.0675206492158873,0.657265616162425,NA,0.996484014458586,NA,FALSE,0.813322589309696,"OPC"
"SRSF5-212","SRSF5",0.964349831600619,NA,0.375600914329821,0.308080265113934,0.0675206492158873,0.657265616162426,NA,0.996484014458586,NA,FALSE,0.186677410690304,"OPC"
"STX16-202","STX16",0.909718326887426,NA,0.769829950751003,0.665776201587713,0.10405374916329,0.524124886286115,NA,0.995563862140902,NA,FALSE,0.610073757763975,"OPC"
"STX16-206","STX16",0.909718326887426,NA,0.230170049248997,0.334223798412287,-0.10405374916329,0.524124886286115,NA,0.995563862140902,NA,FALSE,0.389926242236025,"OPC"
"TANC1-201","TANC1",0.996484014458586,NA,0.532416838213533,0.393630312964347,0.138786525249186,0.885094545481628,NA,0.996484014458586,NA,FALSE,0.7875,"OPC"
"TANC1-205","TANC1",0.996484014458586,NA,0.467583161786467,0.606369687035653,-0.138786525249186,0.885094545481628,NA,0.996484014458586,NA,FALSE,0.2125,"OPC"
"TAOK3-201","TAOK3",0.896592614062696,NA,0.129225052763756,0.083603918648907,0.0456211341148487,0.962473328257414,NA,0.996484014458586,NA,FALSE,0.33179236870512,"OPC"
"TAOK3-206","TAOK3",0.896592614062696,NA,0.6067881879877,0.763512130910061,-0.15672394292236,0.520655117571119,NA,0.995563862140902,NA,FALSE,0.383323555638992,"OPC"
"TAOK3-209","TAOK3",0.896592614062696,NA,0.263986759248544,0.152883950441032,0.111102808807512,0.480842542479456,NA,0.995563862140902,NA,FALSE,0.284884075655888,"OPC"
"TAX1BP1-201","TAX1BP1",0.996484014458586,NA,0.630656140098865,0.656515957446808,-0.025859817347944,0.978354266559392,NA,0.996484014458586,NA,FALSE,0.459172077922078,"OPC"
"TAX1BP1-202","TAX1BP1",0.996484014458586,NA,0.369343859901135,0.343484042553191,0.025859817347944,0.978354266559392,NA,0.996484014458586,NA,FALSE,0.540827922077922,"OPC"
"TCF12-201","TCF12",0.70887042539882,NA,0.667893923377539,0.654928185849239,0.0129657375283001,0.151001984108624,NA,0.859378938971141,NA,FALSE,0.776960784313726,"OPC"
"TCF12-203","TCF12",0.70887042539882,NA,0.332106076622461,0.345071814150761,-0.0129657375283001,0.151001984108624,NA,0.859378938971141,NA,FALSE,0.223039215686274,"OPC"
"TRIM9-201","TRIM9",0.996484014458586,NA,0.705960692123743,0.657160167068704,0.048800525055039,0.996484014458586,NA,0.996484014458586,NA,FALSE,0.691933802646686,"OPC"
"TRIM9-203","TRIM9",0.996484014458586,NA,0.294039307876257,0.342839832931296,-0.0488005250550389,0.996484014458586,NA,0.996484014458586,NA,FALSE,0.308066197353314,"OPC"
"TSC2-207","TSC2",0.970184961711498,NA,0.29789886039886,0.512219227313567,-0.214320366914707,0.719211494137074,NA,0.996484014458586,NA,FALSE,0.245905748663102,"OPC"
"TSC2-245","TSC2",0.970184961711498,NA,0.70210113960114,0.487780772686433,0.214320366914707,0.719211494137073,NA,0.996484014458586,NA,FALSE,0.754094251336898,"OPC"
"TTC14-201","TTC14",0.970184961711498,NA,0.173637227159041,0.153583584345995,0.020053642813046,0.953794880738629,NA,0.996484014458586,NA,FALSE,0.180644499178982,"OPC"
"TTC14-203","TTC14",0.970184961711498,NA,0.790768794058046,0.798580117718268,-0.00781132366022153,0.893330017143722,NA,0.996484014458586,NA,FALSE,0.798091133004926,"OPC"
"TTC14-205","TTC14",0.970184961711498,NA,0.0355939787829134,0.0478362979357377,-0.0122423191528243,0.710323999691583,NA,0.996484014458586,NA,FALSE,0.021264367816092,"OPC"
"TTC3-203","TTC3",0.775390515575489,NA,0.628634653535203,0.42012430249966,0.208510351035543,0.193179195822214,NA,0.941281079291327,NA,FALSE,0.833333333333333,"OPC"
"TTC3-222","TTC3",0.775390515575489,NA,0.371365346464797,0.57987569750034,-0.208510351035543,0.193179195822215,NA,0.941281079291327,NA,FALSE,0.166666666666667,"OPC"
"TUT4-204","TUT4",0.996484014458586,NA,0.721321143689565,0.709199256057103,0.0121218876324621,0.987234079161931,NA,0.996484014458586,NA,FALSE,0.829545454545455,"OPC"
"TUT4-220","TUT4",0.996484014458586,NA,0.278678856310435,0.290800743942897,-0.0121218876324621,0.987234079161931,NA,0.996484014458586,NA,FALSE,0.170454545454545,"OPC"
"UBA6-201","UBA6",0.659774719188571,NA,0.221959550634972,0.408958111780692,-0.18699856114572,0.121122593598338,NA,0.808180064182011,NA,FALSE,0.245830728515462,"OPC"
"UBA6-203","UBA6",0.659774719188571,NA,0.778040449365028,0.591041888219308,0.18699856114572,0.121122593598338,NA,0.808180064182011,NA,FALSE,0.754169271484538,"OPC"
"WSB1-204","WSB1",0.842503842938658,NA,0.943491898037339,0.968999941526109,-0.0255080434887691,0.331132307704758,NA,0.968154186428018,NA,FALSE,0.913690955013572,"OPC"
"WSB1-209","WSB1",0.842503842938658,NA,0.0565081019626605,0.0310000584738914,0.0255080434887691,0.331132307704757,NA,0.968154186428018,NA,FALSE,0.0863090449864276,"OPC"
"YTHDF2-201","YTHDF2",0.812003059489984,NA,0.855064081217927,0.844336834457867,0.0107272467600608,0.267088998326692,NA,0.968154186428018,NA,FALSE,1,"OPC"
"YTHDF2-206","YTHDF2",0.812003059489984,NA,0.144935918782073,0.155663165542133,-0.0107272467600607,0.267088998326692,NA,0.968154186428018,NA,FALSE,0,"OPC"
"ZBTB16-201","ZBTB16",0.842503842938658,NA,0.807417556284612,0.7640625,0.0433550562846119,0.315456151766949,NA,0.968154186428018,NA,FALSE,0.92080993892829,"OPC"
"ZBTB16-202","ZBTB16",0.842503842938658,NA,0.192582443715388,0.2359375,-0.0433550562846119,0.31545615176695,NA,0.968154186428018,NA,FALSE,0.07919006107171,"OPC"
"ZEB2-218","ZEB2",0.267739321577401,NA,0.539912917271408,0.654493377335402,-0.114580460063994,0.00522003361581912,NA,0.35034697362791,NA,FALSE,0.778322440087146,"OPC"
"ZEB2-231","ZEB2",0.267739321577401,NA,0.460087082728592,0.345506622664598,0.114580460063994,0.00522003361581912,NA,0.35034697362791,NA,FALSE,0.221677559912854,"OPC"
"ZFYVE16-201","ZFYVE16",0.908841410412816,NA,0.382886197683095,0.333272275879097,0.0496139218039978,0.888881821976182,NA,0.996484014458586,NA,FALSE,0.491940206503313,"OPC"
"ZFYVE16-202","ZFYVE16",0.908841410412816,NA,0.25388404808262,0.231457029512689,0.0224270185699313,0.68209949751794,NA,0.996484014458586,NA,FALSE,0.176329172445677,"OPC"
"ZFYVE16-206","ZFYVE16",0.908841410412816,NA,0.363229754234284,0.435270694608213,-0.0720409403739291,0.512450806167465,NA,0.995563862140902,NA,FALSE,0.331730621051009,"OPC"
"ZHX1-201","ZHX1",0.267739321577401,NA,0.303738395779069,0.885396299282176,-0.581657903503107,0.00364267512025577,NA,0.35034697362791,NA,FALSE,0.320175438596491,"OPC"
"ZHX1-202","ZHX1",0.267739321577401,NA,0.696261604220931,0.114603700717824,0.581657903503107,0.00364267512025577,NA,0.35034697362791,NA,FALSE,0.679824561403509,"OPC"
"ZNF254-202","ZNF254",0.562613998101477,NA,0.717061172312399,0.627945935909971,0.0891152364024287,0.219526571809122,NA,0.95758836294328,NA,FALSE,0.810027724800452,"OPC"
"ZNF254-206","ZNF254",0.562613998101477,NA,0.104373997488186,0.145398225249403,-0.041024227761217,0.294737568129892,NA,0.968154186428018,NA,FALSE,0.0964805396623578,"OPC"
"ZNF254-207","ZNF254",0.562613998101477,NA,0.178564830199414,0.226655838840626,-0.0480910086412116,0.0466070767658028,NA,0.721477548334628,NA,FALSE,0.0934917355371901,"OPC"
"ZNF280D-201","ZNF280D",0.915054242587661,NA,0.472674916984618,0.401932914443141,0.0707420025414773,0.562596281100032,NA,0.995563862140902,NA,FALSE,0.289583333333333,"OPC"
"ZNF280D-202","ZNF280D",0.915054242587661,NA,0.527325083015382,0.598067085556859,-0.0707420025414773,0.562596281100032,NA,0.995563862140902,NA,FALSE,0.710416666666667,"OPC"
"ZNF451-204","ZNF451",0.980223522614461,NA,0.137578516372927,0.418726622225598,-0.281148105852671,0.761971959648182,NA,0.996484014458586,NA,FALSE,0.100806451612903,"OPC"
"ZNF451-207","ZNF451",0.980223522614461,NA,0.862421483627073,0.581273377774402,0.281148105852671,0.761971959648182,NA,0.996484014458586,NA,FALSE,0.899193548387097,"OPC"
"ZNF484-201","ZNF484",0.574674381609688,NA,0.603284292599493,0.632132840278002,-0.0288485476785084,0.0564240748564575,NA,0.757679886673128,NA,FALSE,0.382945736434109,"OPC"
"ZNF484-202","ZNF484",0.574674381609688,NA,0.396715707400507,0.367867159721998,0.0288485476785085,0.0564240748564575,NA,0.757679886673128,NA,FALSE,0.617054263565892,"OPC"
"ZNF507-201","ZNF507",0.850856177600773,NA,0.350656737990805,0.121411044918721,0.229245693072084,0.402604838259158,NA,0.968154186428018,NA,FALSE,0.324111370221186,"OPC"
"ZNF507-205","ZNF507",0.850856177600773,NA,0.649343262009195,0.878588955081279,-0.229245693072084,0.402604838259159,NA,0.968154186428018,NA,FALSE,0.675888629778814,"OPC"
"ZNF638-201","ZNF638",0.987521056747819,NA,0.911020498216185,0.926703372200157,-0.0156828739839717,0.806378141013012,NA,0.996484014458586,NA,FALSE,0.894843584074648,"OPC"
"ZNF638-204","ZNF638",0.987521056747819,NA,0.0889795017838149,0.0732966277998433,0.0156828739839716,0.806378141013012,NA,0.996484014458586,NA,FALSE,0.105156415925352,"OPC"
"ZNF91-201","ZNF91",0.504172916651785,NA,0.792235679800032,0.830286557208955,-0.0380508774089229,0.0387637220566914,NA,0.625368329308465,NA,FALSE,0.803205679862306,"OPC"
"ZNF91-202","ZNF91",0.504172916651785,NA,0.207764320199968,0.169713442791045,0.0380508774089229,0.0387637220566911,NA,0.625368329308465,NA,FALSE,0.196794320137694,"OPC"
