cell_type,gene_id,donor,n_cells_expressing_gene,n_cells_total_donor
Astrocyte,DDX5,PO05,16,294
Astrocyte,DDX5,PO11,18,183
Astrocyte,DDX5,PO13,4,55
Astrocyte,DDX5,PO15,27,150
Astrocyte,DDX5,PO20,7,131
Astrocyte,DDX5,PO23,7,116
Astrocyte,DDX5,PO28,8,152
Astrocyte,DDX5,PO41,48,294
Astrocyte,DDX5,PO42,26,688
Astrocyte,DDX5,SMC027,74,445
Astrocyte,DDX5,SMC029,27,192
Astrocyte,DDX5,SMC030,48,245
Astrocyte,DDX5,SMC031,25,371
Astrocyte,DDX5,SMC032,12,64
Astrocyte,DDX5,SMC033,29,524
Astrocyte,DDX5,SMC035,24,200
Astrocyte,DDX5,SMC036,4,78
Astrocyte,DDX5,SMC037,26,128
Astrocyte,DDX5,SMC038,9,244
Astrocyte,DDX5,SMC039,5,158
Astrocyte,DDX5,SMC041,0,22
Astrocyte,DDX5,SMC043,21,653
Astrocyte,DDX5,SMC049,31,304
Astrocyte,DDX5,SMC052,1,130
Astrocyte,DDX5,SMC053,11,216
Astrocyte,NTRK2,PO05,16,294
Astrocyte,NTRK2,PO11,2,183
Astrocyte,NTRK2,PO13,3,55
Astrocyte,NTRK2,PO15,33,150
Astrocyte,NTRK2,PO20,6,131
Astrocyte,NTRK2,PO23,8,116
Astrocyte,NTRK2,PO28,15,152
Astrocyte,NTRK2,PO41,39,294
Astrocyte,NTRK2,PO42,12,688
Astrocyte,NTRK2,SMC027,107,445
Astrocyte,NTRK2,SMC029,7,192
Astrocyte,NTRK2,SMC030,28,245
Astrocyte,NTRK2,SMC031,12,371
Astrocyte,NTRK2,SMC032,5,64
Astrocyte,NTRK2,SMC033,5,524
Astrocyte,NTRK2,SMC035,15,200
Astrocyte,NTRK2,SMC036,0,78
Astrocyte,NTRK2,SMC037,16,128
Astrocyte,NTRK2,SMC038,16,244
Astrocyte,NTRK2,SMC039,1,158
Astrocyte,NTRK2,SMC041,0,22
Astrocyte,NTRK2,SMC043,2,653
Astrocyte,NTRK2,SMC049,14,304
Astrocyte,NTRK2,SMC052,2,130
Astrocyte,NTRK2,SMC053,22,216
Excitatory_neuron,CAMK2B,PO05,42,1197
Excitatory_neuron,CAMK2B,PO11,37,1165
Excitatory_neuron,CAMK2B,PO13,12,777
Excitatory_neuron,CAMK2B,PO15,105,744
Excitatory_neuron,CAMK2B,PO20,33,1454
Excitatory_neuron,CAMK2B,PO23,318,1605
Excitatory_neuron,CAMK2B,PO28,193,1851
Excitatory_neuron,CAMK2B,PO41,119,973
Excitatory_neuron,CAMK2B,PO42,30,1303
Excitatory_neuron,CAMK2B,SMC027,31,129
Excitatory_neuron,CAMK2B,SMC029,8,150
Excitatory_neuron,CAMK2B,SMC030,122,915
Excitatory_neuron,CAMK2B,SMC031,25,389
Excitatory_neuron,CAMK2B,SMC032,64,578
Excitatory_neuron,CAMK2B,SMC033,262,2797
Excitatory_neuron,CAMK2B,SMC035,275,1589
Excitatory_neuron,CAMK2B,SMC036,9,206
Excitatory_neuron,CAMK2B,SMC037,80,1120
Excitatory_neuron,CAMK2B,SMC038,313,1640
Excitatory_neuron,CAMK2B,SMC039,10,413
Excitatory_neuron,CAMK2B,SMC041,66,1746
Excitatory_neuron,CAMK2B,SMC043,2,105
Excitatory_neuron,CAMK2B,SMC049,1264,4070
Excitatory_neuron,CAMK2B,SMC052,346,4785
Excitatory_neuron,CAMK2B,SMC053,573,3231
Excitatory_neuron,CSRNP3,PO05,15,1197
Excitatory_neuron,CSRNP3,PO11,23,1165
Excitatory_neuron,CSRNP3,PO13,3,777
Excitatory_neuron,CSRNP3,PO15,47,744
Excitatory_neuron,CSRNP3,PO20,2,1454
Excitatory_neuron,CSRNP3,PO23,35,1605
Excitatory_neuron,CSRNP3,PO28,31,1851
Excitatory_neuron,CSRNP3,PO41,16,973
Excitatory_neuron,CSRNP3,PO42,7,1303
Excitatory_neuron,CSRNP3,SMC027,1,129
Excitatory_neuron,CSRNP3,SMC029,1,150
Excitatory_neuron,CSRNP3,SMC030,54,915
Excitatory_neuron,CSRNP3,SMC031,0,389
Excitatory_neuron,CSRNP3,SMC032,25,578
Excitatory_neuron,CSRNP3,SMC033,61,2797
Excitatory_neuron,CSRNP3,SMC035,27,1589
Excitatory_neuron,CSRNP3,SMC036,3,206
Excitatory_neuron,CSRNP3,SMC037,21,1120
Excitatory_neuron,CSRNP3,SMC038,33,1640
Excitatory_neuron,CSRNP3,SMC039,3,413
Excitatory_neuron,CSRNP3,SMC041,1,1746
Excitatory_neuron,CSRNP3,SMC043,1,105
Excitatory_neuron,CSRNP3,SMC049,106,4070
Excitatory_neuron,CSRNP3,SMC052,16,4785
Excitatory_neuron,CSRNP3,SMC053,59,3231
Excitatory_neuron,EIF4G2,PO05,10,1197
Excitatory_neuron,EIF4G2,PO11,24,1165
Excitatory_neuron,EIF4G2,PO13,11,777
Excitatory_neuron,EIF4G2,PO15,69,744
Excitatory_neuron,EIF4G2,PO20,9,1454
Excitatory_neuron,EIF4G2,PO23,45,1605
Excitatory_neuron,EIF4G2,PO28,69,1851
Excitatory_neuron,EIF4G2,PO41,45,973
Excitatory_neuron,EIF4G2,PO42,10,1303
Excitatory_neuron,EIF4G2,SMC027,1,129
Excitatory_neuron,EIF4G2,SMC029,1,150
Excitatory_neuron,EIF4G2,SMC030,61,915
Excitatory_neuron,EIF4G2,SMC031,2,389
Excitatory_neuron,EIF4G2,SMC032,13,578
Excitatory_neuron,EIF4G2,SMC033,50,2797
Excitatory_neuron,EIF4G2,SMC035,14,1589
Excitatory_neuron,EIF4G2,SMC036,8,206
Excitatory_neuron,EIF4G2,SMC037,24,1120
Excitatory_neuron,EIF4G2,SMC038,25,1640
Excitatory_neuron,EIF4G2,SMC039,2,413
Excitatory_neuron,EIF4G2,SMC041,20,1746
Excitatory_neuron,EIF4G2,SMC043,1,105
Excitatory_neuron,EIF4G2,SMC049,58,4070
Excitatory_neuron,EIF4G2,SMC052,22,4785
Excitatory_neuron,EIF4G2,SMC053,28,3231
Excitatory_neuron,GRIA2,PO05,170,1197
Excitatory_neuron,GRIA2,PO11,227,1165
Excitatory_neuron,GRIA2,PO13,40,777
Excitatory_neuron,GRIA2,PO15,221,744
Excitatory_neuron,GRIA2,PO20,162,1454
Excitatory_neuron,GRIA2,PO23,278,1605
Excitatory_neuron,GRIA2,PO28,303,1851
Excitatory_neuron,GRIA2,PO41,292,973
Excitatory_neuron,GRIA2,PO42,165,1303
Excitatory_neuron,GRIA2,SMC027,30,129
Excitatory_neuron,GRIA2,SMC029,18,150
Excitatory_neuron,GRIA2,SMC030,247,915
Excitatory_neuron,GRIA2,SMC031,31,389
Excitatory_neuron,GRIA2,SMC032,98,578
Excitatory_neuron,GRIA2,SMC033,196,2797
Excitatory_neuron,GRIA2,SMC035,163,1589
Excitatory_neuron,GRIA2,SMC036,17,206
Excitatory_neuron,GRIA2,SMC037,136,1120
Excitatory_neuron,GRIA2,SMC038,234,1640
Excitatory_neuron,GRIA2,SMC039,21,413
Excitatory_neuron,GRIA2,SMC041,70,1746
Excitatory_neuron,GRIA2,SMC043,3,105
Excitatory_neuron,GRIA2,SMC049,601,4070
Excitatory_neuron,GRIA2,SMC052,412,4785
Excitatory_neuron,GRIA2,SMC053,529,3231
Excitatory_neuron,KLC1,PO05,9,1197
Excitatory_neuron,KLC1,PO11,9,1165
Excitatory_neuron,KLC1,PO13,7,777
Excitatory_neuron,KLC1,PO15,138,744
Excitatory_neuron,KLC1,PO20,16,1454
Excitatory_neuron,KLC1,PO23,176,1605
Excitatory_neuron,KLC1,PO28,53,1851
Excitatory_neuron,KLC1,PO41,48,973
Excitatory_neuron,KLC1,PO42,6,1303
Excitatory_neuron,KLC1,SMC027,5,129
Excitatory_neuron,KLC1,SMC029,3,150
Excitatory_neuron,KLC1,SMC030,134,915
Excitatory_neuron,KLC1,SMC031,3,389
Excitatory_neuron,KLC1,SMC032,46,578
Excitatory_neuron,KLC1,SMC033,43,2797
Excitatory_neuron,KLC1,SMC035,38,1589
Excitatory_neuron,KLC1,SMC036,2,206
Excitatory_neuron,KLC1,SMC037,53,1120
Excitatory_neuron,KLC1,SMC038,49,1640
Excitatory_neuron,KLC1,SMC039,5,413
Excitatory_neuron,KLC1,SMC041,30,1746
Excitatory_neuron,KLC1,SMC043,1,105
Excitatory_neuron,KLC1,SMC049,281,4070
Excitatory_neuron,KLC1,SMC052,31,4785
Excitatory_neuron,KLC1,SMC053,138,3231
Excitatory_neuron,MGRN1,PO05,2,1197
Excitatory_neuron,MGRN1,PO11,13,1165
Excitatory_neuron,MGRN1,PO13,1,777
Excitatory_neuron,MGRN1,PO15,18,744
Excitatory_neuron,MGRN1,PO20,12,1454
Excitatory_neuron,MGRN1,PO23,49,1605
Excitatory_neuron,MGRN1,PO28,27,1851
Excitatory_neuron,MGRN1,PO41,29,973
Excitatory_neuron,MGRN1,PO42,10,1303
Excitatory_neuron,MGRN1,SMC027,3,129
Excitatory_neuron,MGRN1,SMC029,0,150
Excitatory_neuron,MGRN1,SMC030,10,915
Excitatory_neuron,MGRN1,SMC031,4,389
Excitatory_neuron,MGRN1,SMC032,15,578
Excitatory_neuron,MGRN1,SMC033,9,2797
Excitatory_neuron,MGRN1,SMC035,15,1589
Excitatory_neuron,MGRN1,SMC036,0,206
Excitatory_neuron,MGRN1,SMC037,5,1120
Excitatory_neuron,MGRN1,SMC038,19,1640
Excitatory_neuron,MGRN1,SMC039,1,413
Excitatory_neuron,MGRN1,SMC041,6,1746
Excitatory_neuron,MGRN1,SMC043,0,105
Excitatory_neuron,MGRN1,SMC049,16,4070
Excitatory_neuron,MGRN1,SMC052,9,4785
Excitatory_neuron,MGRN1,SMC053,35,3231
Excitatory_neuron,RGS7,PO05,64,1197
Excitatory_neuron,RGS7,PO11,48,1165
Excitatory_neuron,RGS7,PO13,18,777
Excitatory_neuron,RGS7,PO15,236,744
Excitatory_neuron,RGS7,PO20,73,1454
Excitatory_neuron,RGS7,PO23,173,1605
Excitatory_neuron,RGS7,PO28,67,1851
Excitatory_neuron,RGS7,PO41,149,973
Excitatory_neuron,RGS7,PO42,26,1303
Excitatory_neuron,RGS7,SMC027,9,129
Excitatory_neuron,RGS7,SMC029,6,150
Excitatory_neuron,RGS7,SMC030,295,915
Excitatory_neuron,RGS7,SMC031,5,389
Excitatory_neuron,RGS7,SMC032,88,578
Excitatory_neuron,RGS7,SMC033,44,2797
Excitatory_neuron,RGS7,SMC035,40,1589
Excitatory_neuron,RGS7,SMC036,4,206
Excitatory_neuron,RGS7,SMC037,122,1120
Excitatory_neuron,RGS7,SMC038,135,1640
Excitatory_neuron,RGS7,SMC039,12,413
Excitatory_neuron,RGS7,SMC041,32,1746
Excitatory_neuron,RGS7,SMC043,0,105
Excitatory_neuron,RGS7,SMC049,561,4070
Excitatory_neuron,RGS7,SMC052,524,4785
Excitatory_neuron,RGS7,SMC053,465,3231
Excitatory_neuron,RHOT1,PO05,15,1197
Excitatory_neuron,RHOT1,PO11,19,1165
Excitatory_neuron,RHOT1,PO13,3,777
Excitatory_neuron,RHOT1,PO15,61,744
Excitatory_neuron,RHOT1,PO20,5,1454
Excitatory_neuron,RHOT1,PO23,40,1605
Excitatory_neuron,RHOT1,PO28,36,1851
Excitatory_neuron,RHOT1,PO41,23,973
Excitatory_neuron,RHOT1,PO42,13,1303
Excitatory_neuron,RHOT1,SMC027,2,129
Excitatory_neuron,RHOT1,SMC029,1,150
Excitatory_neuron,RHOT1,SMC030,102,915
Excitatory_neuron,RHOT1,SMC031,2,389
Excitatory_neuron,RHOT1,SMC032,30,578
Excitatory_neuron,RHOT1,SMC033,64,2797
Excitatory_neuron,RHOT1,SMC035,26,1589
Excitatory_neuron,RHOT1,SMC036,1,206
Excitatory_neuron,RHOT1,SMC037,19,1120
Excitatory_neuron,RHOT1,SMC038,34,1640
Excitatory_neuron,RHOT1,SMC039,0,413
Excitatory_neuron,RHOT1,SMC041,2,1746
Excitatory_neuron,RHOT1,SMC043,0,105
Excitatory_neuron,RHOT1,SMC049,115,4070
Excitatory_neuron,RHOT1,SMC052,20,4785
Excitatory_neuron,RHOT1,SMC053,46,3231
